#
# There is insufficient memory for the Java Runtime Environment to continue.
# Native memory allocation (mmap) failed to map 592445440 bytes for G1 virtual space
# Possible reasons:
#   The system is out of physical RAM or swap space
#   The process is running with CompressedOops enabled, and the Java Heap may be blocking the growth of the native heap
# Possible solutions:
#   Reduce memory load on the system
#   Increase physical memory or swap space
#   Check if swap backing store is full
#   Decrease Java heap size (-Xmx/-Xms)
#   Decrease number of Java threads
#   Decrease Java thread stack sizes (-Xss)
#   Set larger code cache with -XX:ReservedCodeCacheSize=
#   JVM is running with Unscaled Compressed Oops mode in which the Java heap is
#     placed in the first 4GB address space. The Java Heap base address is the
#     maximum limit for the native heap growth. Please use -XX:HeapBaseMinAddress
#     to set the Java Heap base and to place the Java Heap above 4GB virtual address.
# This output file may be truncated or incomplete.
#
#  Out of Memory Error (os_windows.cpp:3548), pid=22268, tid=21716
#
# JRE version: Java(TM) SE Runtime Environment (17.0.10+11) (build 17.0.10+11-LTS-240)
# Java VM: Java HotSpot(TM) 64-Bit Server VM (17.0.10+11-LTS-240, mixed mode, sharing, tiered, compressed oops, compressed class ptrs, g1 gc, windows-amd64)
# No core dump will be written. Minidumps are not enabled by default on client versions of Windows
#

---------------  S U M M A R Y ------------

Command Line: -XX:MaxMetaspaceSize=512m --add-opens=java.base/java.util=ALL-UNNAMED --add-opens=java.base/java.lang=ALL-UNNAMED --add-opens=java.base/java.lang.invoke=ALL-UNNAMED --add-opens=java.prefs/java.util.prefs=ALL-UNNAMED --add-opens=java.base/java.nio.charset=ALL-UNNAMED --add-opens=java.base/java.net=ALL-UNNAMED --add-opens=java.base/java.util.concurrent.atomic=ALL-UNNAMED -Xmx2048m -Dfile.encoding=windows-1252 -Duser.country=US -Duser.language=en -Duser.variant org.gradle.launcher.daemon.bootstrap.GradleDaemon 8.0.1

Host: Intel(R) Core(TM) i5-8400 CPU @ 2.80GHz, 6 cores, 7G,  Windows 10 , 64 bit Build 19041 (10.0.19041.5072)
Time: Fri Nov 22 13:39:06 2024 India Standard Time elapsed time: 244.324497 seconds (0d 0h 4m 4s)

---------------  T H R E A D  ---------------

Current thread (0x000001e12887efa0):  VMThread "VM Thread" [stack: 0x000000c41c100000,0x000000c41c200000] [id=21716]

Stack: [0x000000c41c100000,0x000000c41c200000]
Native frames: (J=compiled Java code, j=interpreted, Vv=VM code, C=native code)
V  [jvm.dll+0x677a5a]
V  [jvm.dll+0x7d8b2d]
V  [jvm.dll+0x7da48e]
V  [jvm.dll+0x7daaf3]
V  [jvm.dll+0x2455ff]
V  [jvm.dll+0x6749b9]
V  [jvm.dll+0x669382]
V  [jvm.dll+0x302e96]
V  [jvm.dll+0x30a416]
V  [jvm.dll+0x359cbe]
V  [jvm.dll+0x359eef]
V  [jvm.dll+0x2d9e88]
V  [jvm.dll+0x2d8295]
V  [jvm.dll+0x2d789c]
V  [jvm.dll+0x31b18b]
V  [jvm.dll+0x7df30b]
V  [jvm.dll+0x7e0044]
V  [jvm.dll+0x7e055d]
V  [jvm.dll+0x7e0934]
V  [jvm.dll+0x7e0a00]
V  [jvm.dll+0x78888a]
V  [jvm.dll+0x676935]
C  [ucrtbase.dll+0x21bb2]
C  [KERNEL32.DLL+0x17374]
C  [ntdll.dll+0x4cc91]

VM_Operation (0x000000c41edfd0a0): G1CollectForAllocation, mode: safepoint, requested by thread 0x000001e14b3ead70


---------------  P R O C E S S  ---------------

Threads class SMR info:
_java_thread_list=0x000001e156754990, length=119, elements={
0x000001e108b3c450, 0x000001e128884b20, 0x000001e1288858b0, 0x000001e1288983a0,
0x000001e12889d0a0, 0x000001e12889e110, 0x000001e12889f180, 0x000001e1288ab330,
0x000001e1288af010, 0x000001e1288c3cd0, 0x000001e128b206a0, 0x000001e128b291d0,
0x000001e149ac8440, 0x000001e149bd62a0, 0x000001e1499bfca0, 0x000001e1496431c0,
0x000001e149642290, 0x000001e1496427a0, 0x000001e149640e50, 0x000001e1496436d0,
0x000001e14b3e33f0, 0x000001e14b3e9e40, 0x000001e14b3ea350, 0x000001e14b3e70b0,
0x000001e14b3ead70, 0x000001e14b3e7fe0, 0x000001e14b3e5250, 0x000001e14b3e3e10,
0x000001e14b3e84f0, 0x000001e149d96a10, 0x000001e14c24aa20, 0x000001e14c2481a0,
0x000001e14c24cd90, 0x000001e14c24d2a0, 0x000001e14c24dcc0, 0x000001e14c24e1d0,
0x000001e155a46060, 0x000001e128c86620, 0x000001e128c82e70, 0x000001e128c8a2e0,
0x000001e128c88990, 0x000001e128c88480, 0x000001e128c8a7f0, 0x000001e128c83380,
0x000001e128c87550, 0x000001e128c88ea0, 0x000001e128c851e0, 0x000001e128c87a60,
0x000001e128c842b0, 0x000001e128c83890, 0x000001e128c83da0, 0x000001e128c86b30,
0x000001e128c856f0, 0x000001e128c847c0, 0x000001e128c84cd0, 0x000001e128c85c00,
0x000001e128c86110, 0x000001e128c87f70, 0x000001e128c893b0, 0x000001e128c898c0,
0x000001e128c89dd0, 0x000001e149d91400, 0x000001e149d96f20, 0x000001e149d904d0,
0x000001e149d92d50, 0x000001e149d93260, 0x000001e149d93c80, 0x000001e149d909e0,
0x000001e149d946a0, 0x000001e149d90ef0, 0x000001e149d8fab0, 0x000001e149d8ffc0,
0x000001e149d94190, 0x000001e149d91910, 0x000001e149d94bb0, 0x000001e149d950c0,
0x000001e149d96500, 0x000001e149d91e20, 0x000001e149d92330, 0x000001e149d92840,
0x000001e149d95ae0, 0x000001e149d95ff0, 0x000001e155a46f90, 0x000001e155a4cab0,
0x000001e155a4d4d0, 0x000001e155a4d9e0, 0x000001e155a46570, 0x000001e155a4b160,
0x000001e155a46a80, 0x000001e155a479b0, 0x000001e155a47ec0, 0x000001e155a49810,
0x000001e155a4a740, 0x000001e155a483d0, 0x000001e155a488e0, 0x000001e155a48df0,
0x000001e155a4bb80, 0x000001e14b3e4830, 0x000001e14b3e6690, 0x000001e14b3e6ba0,
0x000001e14b3e4320, 0x000001e14b3e4d40, 0x000001e14b3e5c70, 0x000001e14b3e3900,
0x000001e14b3e75c0, 0x000001e14b3e7ad0, 0x000001e14b3e8a00, 0x000001e14b3e8f10,
0x000001e14b3e9420, 0x000001e14b3e9930, 0x000001e14c24be60, 0x000001e14c24c370,
0x000001e14c247c90, 0x000001e14c24f610, 0x000001e14c24d7b0, 0x000001e14c24a510,
0x000001e14c2486b0, 0x000001e14c248bc0, 0x000001e14ef890e0
}

Java Threads: ( => current thread )
  0x000001e108b3c450 JavaThread "main" [_thread_blocked, id=18640, stack(0x000000c41bb00000,0x000000c41bc00000)]
  0x000001e128884b20 JavaThread "Reference Handler" daemon [_thread_blocked, id=3972, stack(0x000000c41c200000,0x000000c41c300000)]
  0x000001e1288858b0 JavaThread "Finalizer" daemon [_thread_blocked, id=14176, stack(0x000000c41c300000,0x000000c41c400000)]
  0x000001e1288983a0 JavaThread "Signal Dispatcher" daemon [_thread_blocked, id=20016, stack(0x000000c41c400000,0x000000c41c500000)]
  0x000001e12889d0a0 JavaThread "Attach Listener" daemon [_thread_blocked, id=17628, stack(0x000000c41c500000,0x000000c41c600000)]
  0x000001e12889e110 JavaThread "Service Thread" daemon [_thread_blocked, id=5584, stack(0x000000c41c600000,0x000000c41c700000)]
  0x000001e12889f180 JavaThread "Monitor Deflation Thread" daemon [_thread_blocked, id=20200, stack(0x000000c41c700000,0x000000c41c800000)]
  0x000001e1288ab330 JavaThread "C2 CompilerThread0" daemon [_thread_blocked, id=14760, stack(0x000000c41c800000,0x000000c41c900000)]
  0x000001e1288af010 JavaThread "C1 CompilerThread0" daemon [_thread_blocked, id=13720, stack(0x000000c41c900000,0x000000c41ca00000)]
  0x000001e1288c3cd0 JavaThread "Sweeper thread" daemon [_thread_blocked, id=17648, stack(0x000000c41ca00000,0x000000c41cb00000)]
  0x000001e128b206a0 JavaThread "Common-Cleaner" daemon [_thread_blocked, id=9392, stack(0x000000c41cb00000,0x000000c41cc00000)]
  0x000001e128b291d0 JavaThread "Notification Thread" daemon [_thread_blocked, id=9904, stack(0x000000c41cc00000,0x000000c41cd00000)]
  0x000001e149ac8440 JavaThread "Daemon health stats" [_thread_blocked, id=3956, stack(0x000000c41d300000,0x000000c41d400000)]
  0x000001e149bd62a0 JavaThread "Incoming local TCP Connector on port 56571" [_thread_in_native, id=22396, stack(0x000000c41d400000,0x000000c41d500000)]
  0x000001e1499bfca0 JavaThread "Daemon periodic checks" [_thread_blocked, id=23016, stack(0x000000c41d500000,0x000000c41d600000)]
  0x000001e1496431c0 JavaThread "Cache worker for journal cache (C:\Users\Admin\.gradle\caches\journal-1)" [_thread_blocked, id=10248, stack(0x000000c41dd00000,0x000000c41de00000)]
  0x000001e149642290 JavaThread "File lock request listener" [_thread_in_native, id=10772, stack(0x000000c41de00000,0x000000c41df00000)]
  0x000001e1496427a0 JavaThread "Cache worker for file hash cache (C:\Users\Admin\.gradle\caches\8.0.1\fileHashes)" [_thread_blocked, id=23344, stack(0x000000c41df00000,0x000000c41e000000)]
  0x000001e149640e50 JavaThread "File watcher server" daemon [_thread_blocked, id=21452, stack(0x000000c41e100000,0x000000c41e200000)]
  0x000001e1496436d0 JavaThread "File watcher consumer" daemon [_thread_blocked, id=18328, stack(0x000000c41e200000,0x000000c41e300000)]
  0x000001e14b3e33f0 JavaThread "Cache worker for file content cache (C:\Users\Admin\.gradle\caches\8.0.1\fileContent)" [_thread_blocked, id=8876, stack(0x000000c41e500000,0x000000c41e600000)]
  0x000001e14b3e9e40 JavaThread "Cache worker for execution history cache (C:\Users\Admin\.gradle\caches\8.0.1\executionHistory)" [_thread_blocked, id=16324, stack(0x000000c41ea00000,0x000000c41eb00000)]
  0x000001e14b3ea350 JavaThread "jar transforms" [_thread_blocked, id=23500, stack(0x000000c41eb00000,0x000000c41ec00000)]
  0x000001e14b3e70b0 JavaThread "jar transforms Thread 2" [_thread_blocked, id=14808, stack(0x000000c41ec00000,0x000000c41ed00000)]
  0x000001e14b3ead70 JavaThread "jar transforms Thread 3" [_thread_blocked, id=15604, stack(0x000000c41ed00000,0x000000c41ee00000)]
  0x000001e14b3e7fe0 JavaThread "jar transforms Thread 4" [_thread_blocked, id=21788, stack(0x000000c41ee00000,0x000000c41ef00000)]
  0x000001e14b3e5250 JavaThread "Cache worker for kotlin-dsl (C:\Users\Admin\.gradle\caches\8.0.1\kotlin-dsl)" [_thread_blocked, id=9236, stack(0x000000c41ef00000,0x000000c41f000000)]
  0x000001e14b3e3e10 JavaThread "jar transforms Thread 5" [_thread_blocked, id=6072, stack(0x000000c41f000000,0x000000c41f100000)]
  0x000001e14b3e84f0 JavaThread "jar transforms Thread 6" [_thread_blocked, id=14564, stack(0x000000c41f100000,0x000000c41f200000)]
  0x000001e149d96a10 JavaThread "Memory manager" [_thread_blocked, id=15980, stack(0x000000c420e00000,0x000000c420f00000)]
  0x000001e14c24aa20 JavaThread "Cache worker for Java compile cache (C:\Users\Admin\.gradle\caches\8.0.1\javaCompile)" [_thread_blocked, id=5124, stack(0x000000c423f00000,0x000000c424000000)]
  0x000001e14c2481a0 JavaThread "RMI Scheduler(0)" daemon [_thread_blocked, id=22836, stack(0x000000c424000000,0x000000c424100000)]
  0x000001e14c24cd90 JavaThread "RMI RenewClean-[127.0.0.1:17299,org.jetbrains.kotlin.daemon.common.LoopbackNetworkInterface$ClientLoopbackSocketFactory@42a870be]" daemon [_thread_blocked, id=17896, stack(0x000000c424100000,0x000000c424200000)]
  0x000001e14c24d2a0 JavaThread "RMI GC Daemon" daemon [_thread_blocked, id=13696, stack(0x000000c424200000,0x000000c424300000)]
  0x000001e14c24dcc0 JavaThread "RMI TCP Accept-0" daemon [_thread_in_native, id=18076, stack(0x000000c424300000,0x000000c424400000)]
  0x000001e14c24e1d0 JavaThread "RMI Reaper" [_thread_blocked, id=16008, stack(0x000000c424400000,0x000000c424500000)]
  0x000001e155a46060 JavaThread "RMI TCP Accept-0" daemon [_thread_in_native, id=10048, stack(0x000000c425300000,0x000000c425400000)]
  0x000001e128c86620 JavaThread "Daemon Thread 2" [_thread_blocked, id=14484, stack(0x000000c41b800000,0x000000c41b900000)]
  0x000001e128c82e70 JavaThread "Handler for socket connection from /127.0.0.1:56571 to /127.0.0.1:56686" [_thread_in_native, id=14328, stack(0x000000c41b900000,0x000000c41ba00000)]
  0x000001e128c8a2e0 JavaThread "Cancel handler" [_thread_blocked, id=656, stack(0x000000c41ba00000,0x000000c41bb00000)]
  0x000001e128c88990 JavaThread "Daemon worker Thread 2" [_thread_blocked, id=23448, stack(0x000000c41ce00000,0x000000c41cf00000)]
  0x000001e128c88480 JavaThread "Asynchronous log dispatcher for DefaultDaemonConnection: socket connection from /127.0.0.1:56571 to /127.0.0.1:56686" [_thread_blocked, id=18296, stack(0x000000c41d600000,0x000000c41d700000)]
  0x000001e128c8a7f0 JavaThread "Stdin handler" [_thread_blocked, id=2580, stack(0x000000c41d700000,0x000000c41d800000)]
  0x000001e128c83380 JavaThread "Daemon client event forwarder" [_thread_blocked, id=21836, stack(0x000000c41d800000,0x000000c41d900000)]
  0x000001e128c87550 JavaThread "Cache worker for checksums cache (E:\React Native\All Parking\Parking_Dual\android\.gradle\8.0.1\checksums)" [_thread_blocked, id=9396, stack(0x000000c41da00000,0x000000c41db00000)]
  0x000001e128c88ea0 JavaThread "Cache worker for cache directory md-rule (C:\Users\Admin\.gradle\caches\8.0.1\md-rule)" [_thread_blocked, id=5692, stack(0x000000c41db00000,0x000000c41dc00000)]
  0x000001e128c851e0 JavaThread "Cache worker for file hash cache (E:\React Native\All Parking\Parking_Dual\android\.gradle\8.0.1\fileHashes)" [_thread_blocked, id=9320, stack(0x000000c41dc00000,0x000000c41dd00000)]
  0x000001e128c87a60 JavaThread "Cache worker for cache directory md-supplier (C:\Users\Admin\.gradle\caches\8.0.1\md-supplier)" [_thread_blocked, id=2684, stack(0x000000c41e300000,0x000000c41e400000)]
  0x000001e128c842b0 JavaThread "Cache worker for dependencies-accessors (E:\React Native\All Parking\Parking_Dual\android\.gradle\8.0.1\dependencies-accessors)" [_thread_blocked, id=9476, stack(0x000000c41d900000,0x000000c41da00000)]
  0x000001e128c83890 JavaThread "Cache worker for Build Output Cleanup Cache (E:\React Native\All Parking\Parking_Dual\node_modules\@react-native\gradle-plugin\.gradle\buildOutputCleanup)" [_thread_blocked, id=7232, stack(0x000000c41e400000,0x000000c41e500000)]
  0x000001e128c83da0 JavaThread "Unconstrained build operations" [_thread_blocked, id=10980, stack(0x000000c41e700000,0x000000c41e800000)]
  0x000001e128c86b30 JavaThread "Unconstrained build operations Thread 2" [_thread_blocked, id=20348, stack(0x000000c41f200000,0x000000c41f300000)]
  0x000001e128c856f0 JavaThread "Unconstrained build operations Thread 3" [_thread_blocked, id=21392, stack(0x000000c41f300000,0x000000c41f400000)]
  0x000001e128c847c0 JavaThread "Unconstrained build operations Thread 4" [_thread_blocked, id=13992, stack(0x000000c41f400000,0x000000c41f500000)]
  0x000001e128c84cd0 JavaThread "Unconstrained build operations Thread 5" [_thread_blocked, id=22792, stack(0x000000c41f500000,0x000000c41f600000)]
  0x000001e128c85c00 JavaThread "Unconstrained build operations Thread 6" [_thread_blocked, id=6528, stack(0x000000c41f600000,0x000000c41f700000)]
  0x000001e128c86110 JavaThread "Unconstrained build operations Thread 7" [_thread_blocked, id=23140, stack(0x000000c41f700000,0x000000c41f800000)]
  0x000001e128c87f70 JavaThread "Unconstrained build operations Thread 8" [_thread_blocked, id=19336, stack(0x000000c41f800000,0x000000c41f900000)]
  0x000001e128c893b0 JavaThread "Unconstrained build operations Thread 9" [_thread_blocked, id=13208, stack(0x000000c41f900000,0x000000c41fa00000)]
  0x000001e128c898c0 JavaThread "Unconstrained build operations Thread 10" [_thread_blocked, id=21496, stack(0x000000c41fa00000,0x000000c41fb00000)]
  0x000001e128c89dd0 JavaThread "Unconstrained build operations Thread 11" [_thread_blocked, id=12436, stack(0x000000c41fb00000,0x000000c41fc00000)]
  0x000001e149d91400 JavaThread "Unconstrained build operations Thread 12" [_thread_blocked, id=14248, stack(0x000000c41fc00000,0x000000c41fd00000)]
  0x000001e149d96f20 JavaThread "Unconstrained build operations Thread 13" [_thread_blocked, id=20948, stack(0x000000c41fd00000,0x000000c41fe00000)]
  0x000001e149d904d0 JavaThread "Unconstrained build operations Thread 14" [_thread_blocked, id=11404, stack(0x000000c41fe00000,0x000000c41ff00000)]
  0x000001e149d92d50 JavaThread "Unconstrained build operations Thread 15" [_thread_blocked, id=23376, stack(0x000000c41ff00000,0x000000c420000000)]
  0x000001e149d93260 JavaThread "Unconstrained build operations Thread 16" [_thread_blocked, id=5552, stack(0x000000c420000000,0x000000c420100000)]
  0x000001e149d93c80 JavaThread "Unconstrained build operations Thread 17" [_thread_blocked, id=15392, stack(0x000000c420100000,0x000000c420200000)]
  0x000001e149d909e0 JavaThread "Unconstrained build operations Thread 18" [_thread_blocked, id=13180, stack(0x000000c420200000,0x000000c420300000)]
  0x000001e149d946a0 JavaThread "Unconstrained build operations Thread 19" [_thread_blocked, id=23436, stack(0x000000c420300000,0x000000c420400000)]
  0x000001e149d90ef0 JavaThread "Unconstrained build operations Thread 20" [_thread_blocked, id=6544, stack(0x000000c420400000,0x000000c420500000)]
  0x000001e149d8fab0 JavaThread "Unconstrained build operations Thread 21" [_thread_blocked, id=12008, stack(0x000000c420500000,0x000000c420600000)]
  0x000001e149d8ffc0 JavaThread "Unconstrained build operations Thread 22" [_thread_blocked, id=22972, stack(0x000000c420600000,0x000000c420700000)]
  0x000001e149d94190 JavaThread "Unconstrained build operations Thread 23" [_thread_blocked, id=20172, stack(0x000000c420700000,0x000000c420800000)]
  0x000001e149d91910 JavaThread "Unconstrained build operations Thread 24" [_thread_blocked, id=8100, stack(0x000000c420800000,0x000000c420900000)]
  0x000001e149d94bb0 JavaThread "Unconstrained build operations Thread 25" [_thread_blocked, id=19388, stack(0x000000c420900000,0x000000c420a00000)]
  0x000001e149d950c0 JavaThread "Unconstrained build operations Thread 26" [_thread_blocked, id=9388, stack(0x000000c420a00000,0x000000c420b00000)]
  0x000001e149d96500 JavaThread "Cache worker for Build Output Cleanup Cache (E:\React Native\All Parking\Parking_Dual\android\.gradle\buildOutputCleanup)" [_thread_blocked, id=8012, stack(0x000000c420b00000,0x000000c420c00000)]
  0x000001e149d91e20 JavaThread "Unconstrained build operations Thread 27" [_thread_blocked, id=23476, stack(0x000000c420d00000,0x000000c420e00000)]
  0x000001e149d92330 JavaThread "Unconstrained build operations Thread 28" [_thread_blocked, id=16460, stack(0x000000c420f00000,0x000000c421000000)]
  0x000001e149d92840 JavaThread "Unconstrained build operations Thread 29" [_thread_blocked, id=23072, stack(0x000000c421000000,0x000000c421100000)]
  0x000001e149d95ae0 JavaThread "Unconstrained build operations Thread 30" [_thread_blocked, id=16400, stack(0x000000c421100000,0x000000c421200000)]
  0x000001e149d95ff0 JavaThread "Unconstrained build operations Thread 31" [_thread_blocked, id=12296, stack(0x000000c421200000,0x000000c421300000)]
  0x000001e155a46f90 JavaThread "Unconstrained build operations Thread 32" [_thread_blocked, id=23172, stack(0x000000c421300000,0x000000c421400000)]
  0x000001e155a4cab0 JavaThread "Unconstrained build operations Thread 33" [_thread_blocked, id=9208, stack(0x000000c421400000,0x000000c421500000)]
  0x000001e155a4d4d0 JavaThread "Unconstrained build operations Thread 34" [_thread_blocked, id=21956, stack(0x000000c421500000,0x000000c421600000)]
  0x000001e155a4d9e0 JavaThread "Unconstrained build operations Thread 35" [_thread_blocked, id=22916, stack(0x000000c421600000,0x000000c421700000)]
  0x000001e155a46570 JavaThread "Unconstrained build operations Thread 36" [_thread_blocked, id=20248, stack(0x000000c421700000,0x000000c421800000)]
  0x000001e155a4b160 JavaThread "Unconstrained build operations Thread 37" [_thread_blocked, id=22484, stack(0x000000c421800000,0x000000c421900000)]
  0x000001e155a46a80 JavaThread "Unconstrained build operations Thread 38" [_thread_blocked, id=22968, stack(0x000000c421900000,0x000000c421a00000)]
  0x000001e155a479b0 JavaThread "Unconstrained build operations Thread 39" [_thread_blocked, id=15424, stack(0x000000c41e600000,0x000000c41e700000)]
  0x000001e155a47ec0 JavaThread "Unconstrained build operations Thread 40" [_thread_blocked, id=11692, stack(0x000000c421a00000,0x000000c421b00000)]
  0x000001e155a49810 JavaThread "Unconstrained build operations Thread 41" [_thread_blocked, id=23324, stack(0x000000c421b00000,0x000000c421c00000)]
  0x000001e155a4a740 JavaThread "Unconstrained build operations Thread 42" [_thread_blocked, id=19464, stack(0x000000c421c00000,0x000000c421d00000)]
  0x000001e155a483d0 JavaThread "Unconstrained build operations Thread 43" [_thread_blocked, id=21668, stack(0x000000c421d00000,0x000000c421e00000)]
  0x000001e155a488e0 JavaThread "Unconstrained build operations Thread 44" [_thread_blocked, id=15844, stack(0x000000c421e00000,0x000000c421f00000)]
  0x000001e155a48df0 JavaThread "Unconstrained build operations Thread 45" [_thread_blocked, id=13560, stack(0x000000c421f00000,0x000000c422000000)]
  0x000001e155a4bb80 JavaThread "included builds" [_thread_blocked, id=14600, stack(0x000000c422100000,0x000000c422200000)]
  0x000001e14b3e4830 JavaThread "Execution worker" [_thread_blocked, id=22984, stack(0x000000c422200000,0x000000c422300000)]
  0x000001e14b3e6690 JavaThread "Execution worker Thread 2" [_thread_blocked, id=23292, stack(0x000000c422300000,0x000000c422400000)]
  0x000001e14b3e6ba0 JavaThread "Execution worker Thread 3" [_thread_blocked, id=13188, stack(0x000000c422400000,0x000000c422500000)]
  0x000001e14b3e4320 JavaThread "Execution worker Thread 4" [_thread_blocked, id=16720, stack(0x000000c422500000,0x000000c422600000)]
  0x000001e14b3e4d40 JavaThread "Execution worker Thread 5" [_thread_blocked, id=23056, stack(0x000000c422600000,0x000000c422700000)]
  0x000001e14b3e5c70 JavaThread "Cache worker for execution history cache (E:\React Native\All Parking\Parking_Dual\node_modules\@react-native\gradle-plugin\.gradle\8.0.1\executionHistory)" [_thread_blocked, id=10484, stack(0x000000c422700000,0x000000c422800000)]
  0x000001e14b3e3900 JavaThread "Unconstrained build operations Thread 46" [_thread_blocked, id=1264, stack(0x000000c422800000,0x000000c422900000)]
  0x000001e14b3e75c0 JavaThread "Unconstrained build operations Thread 47" [_thread_blocked, id=5848, stack(0x000000c422900000,0x000000c422a00000)]
  0x000001e14b3e7ad0 JavaThread "Unconstrained build operations Thread 48" [_thread_blocked, id=16864, stack(0x000000c422a00000,0x000000c422b00000)]
  0x000001e14b3e8a00 JavaThread "Unconstrained build operations Thread 49" [_thread_blocked, id=22280, stack(0x000000c422b00000,0x000000c422c00000)]
  0x000001e14b3e8f10 JavaThread "Unconstrained build operations Thread 50" [_thread_blocked, id=21348, stack(0x000000c422c00000,0x000000c422d00000)]
  0x000001e14b3e9420 JavaThread "Unconstrained build operations Thread 51" [_thread_blocked, id=3268, stack(0x000000c422d00000,0x000000c422e00000)]
  0x000001e14b3e9930 JavaThread "Unconstrained build operations Thread 52" [_thread_blocked, id=16868, stack(0x000000c422e00000,0x000000c422f00000)]
  0x000001e14c24be60 JavaThread "Unconstrained build operations Thread 53" [_thread_blocked, id=12600, stack(0x000000c422f00000,0x000000c423000000)]
  0x000001e14c24c370 JavaThread "Unconstrained build operations Thread 54" [_thread_blocked, id=10760, stack(0x000000c423000000,0x000000c423100000)]
  0x000001e14c247c90 JavaThread "Unconstrained build operations Thread 55" [_thread_blocked, id=22108, stack(0x000000c423100000,0x000000c423200000)]
  0x000001e14c24f610 JavaThread "Unconstrained build operations Thread 56" [_thread_blocked, id=22872, stack(0x000000c423200000,0x000000c423300000)]
  0x000001e14c24d7b0 JavaThread "Unconstrained build operations Thread 57" [_thread_blocked, id=3676, stack(0x000000c423300000,0x000000c423400000)]
  0x000001e14c24a510 JavaThread "Unconstrained build operations Thread 58" [_thread_blocked, id=22456, stack(0x000000c423400000,0x000000c423500000)]
  0x000001e14c2486b0 JavaThread "Unconstrained build operations Thread 59" [_thread_blocked, id=20260, stack(0x000000c423500000,0x000000c423600000)]
  0x000001e14c248bc0 JavaThread "Unconstrained build operations Thread 60" [_thread_blocked, id=13944, stack(0x000000c423600000,0x000000c423700000)]
  0x000001e14ef890e0 JavaThread "C2 CompilerThread1" daemon [_thread_blocked, id=23040, stack(0x000000c422000000,0x000000c422100000)]

Other Threads:
=>0x000001e12887efa0 VMThread "VM Thread" [stack: 0x000000c41c100000,0x000000c41c200000] [id=21716]
  0x000001e128b2b6c0 WatcherThread [stack: 0x000000c41cd00000,0x000000c41ce00000] [id=22548]
  0x000001e108b97470 GCTaskThread "GC Thread#0" [stack: 0x000000c41bc00000,0x000000c41bd00000] [id=12032]
  0x000001e1484029a0 GCTaskThread "GC Thread#1" [stack: 0x000000c41cf00000,0x000000c41d000000] [id=19356]
  0x000001e148402c60 GCTaskThread "GC Thread#2" [stack: 0x000000c41d000000,0x000000c41d100000] [id=3372]
  0x000001e1484b47d0 GCTaskThread "GC Thread#3" [stack: 0x000000c41d100000,0x000000c41d200000] [id=7808]
  0x000001e14886bea0 GCTaskThread "GC Thread#4" [stack: 0x000000c41d200000,0x000000c41d300000] [id=23088]
  0x000001e14a4d6530 GCTaskThread "GC Thread#5" [stack: 0x000000c41e000000,0x000000c41e100000] [id=9384]
  0x000001e108ba82d0 ConcurrentGCThread "G1 Main Marker" [stack: 0x000000c41bd00000,0x000000c41be00000] [id=6300]
  0x000001e108ba9390 ConcurrentGCThread "G1 Conc#0" [stack: 0x000000c41be00000,0x000000c41bf00000] [id=10928]
  0x000001e14b219fa0 ConcurrentGCThread "G1 Conc#1" [stack: 0x000000c41e800000,0x000000c41e900000] [id=10568]
  0x000001e108c06be0 ConcurrentGCThread "G1 Refine#0" [stack: 0x000000c41bf00000,0x000000c41c000000] [id=8836]
  0x000001e149ba8e40 ConcurrentGCThread "G1 Refine#1" [stack: 0x000000c41e900000,0x000000c41ea00000] [id=16448]
  0x000001e14d0dd560 ConcurrentGCThread "G1 Refine#2" [stack: 0x000000c423900000,0x000000c423a00000] [id=8400]
  0x000001e148a36520 ConcurrentGCThread "G1 Refine#3" [stack: 0x000000c423c00000,0x000000c423d00000] [id=19216]
  0x000001e1287405f0 ConcurrentGCThread "G1 Service" [stack: 0x000000c41c000000,0x000000c41c100000] [id=23068]

Threads with active compile tasks:

VM state: at safepoint (normal execution)

VM Mutex/Monitor currently owned by a thread:  ([mutex/lock_event])
[0x000001e108b38580] Threads_lock - owner thread: 0x000001e12887efa0
[0x000001e108b39e40] Heap_lock - owner thread: 0x000001e14b3ead70

Heap address: 0x0000000080000000, size: 2048 MB, Compressed Oops mode: 32-bit

CDS archive(s) mapped at: [0x000001e129000000-0x000001e129bd0000-0x000001e129bd0000), size 12386304, SharedBaseAddress: 0x000001e129000000, ArchiveRelocationMode: 1.
Compressed class space mapped at: 0x000001e12a000000-0x000001e144000000, reserved size: 436207616
Narrow klass base: 0x000001e129000000, Narrow klass shift: 0, Narrow klass range: 0x100000000

GC Precious Log:
 CPUs: 6 total, 6 available
 Memory: 8054M
 Large Page Support: Disabled
 NUMA Support: Disabled
 Compressed Oops: Enabled (32-bit)
 Heap Region Size: 1M
 Heap Min Capacity: 8M
 Heap Initial Capacity: 126M
 Heap Max Capacity: 2G
 Pre-touch: Disabled
 Parallel Workers: 6
 Concurrent Workers: 2
 Concurrent Refinement Workers: 6
 Periodic GC: Disabled

Heap:
 garbage-first heap   total 558080K, used 256393K [0x0000000080000000, 0x0000000100000000)
  region size 1024K, 4 young (4096K), 4 survivors (4096K)
 Metaspace       used 140243K, committed 143168K, reserved 557056K
  class space    used 18732K, committed 19904K, reserved 425984K

Heap Regions: E=young(eden), S=young(survivor), O=old, HS=humongous(starts), HC=humongous(continues), CS=collection set, F=free, OA=open archive, CA=closed archive, TAMS=top-at-mark-start (previous, next)
|   0|0x0000000080000000, 0x0000000080100000, 0x0000000080100000|100%|HS|  |TAMS 0x0000000080100000, 0x0000000080000000| Complete 
|   1|0x0000000080100000, 0x0000000080200000, 0x0000000080200000|100%|HC|  |TAMS 0x0000000080200000, 0x0000000080100000| Complete 
|   2|0x0000000080200000, 0x0000000080300000, 0x0000000080300000|100%|HC|  |TAMS 0x0000000080300000, 0x0000000080200000| Complete 
|   3|0x0000000080300000, 0x0000000080400000, 0x0000000080400000|100%|HC|  |TAMS 0x0000000080400000, 0x0000000080300000| Complete 
|   4|0x0000000080400000, 0x0000000080500000, 0x0000000080500000|100%| O|  |TAMS 0x0000000080500000, 0x0000000080400000| Untracked 
|   5|0x0000000080500000, 0x0000000080600000, 0x0000000080600000|100%|HS|  |TAMS 0x0000000080600000, 0x0000000080500000| Complete 
|   6|0x0000000080600000, 0x0000000080700000, 0x0000000080700000|100%| O|  |TAMS 0x0000000080700000, 0x0000000080600000| Untracked 
|   7|0x0000000080700000, 0x0000000080800000, 0x0000000080800000|100%| O|  |TAMS 0x0000000080800000, 0x0000000080700000| Untracked 
|   8|0x0000000080800000, 0x0000000080900000, 0x0000000080900000|100%| O|  |TAMS 0x0000000080900000, 0x0000000080800000| Untracked 
|   9|0x0000000080900000, 0x0000000080a00000, 0x0000000080a00000|100%| O|  |TAMS 0x0000000080a00000, 0x0000000080900000| Untracked 
|  10|0x0000000080a00000, 0x0000000080b00000, 0x0000000080b00000|100%| O|  |TAMS 0x0000000080b00000, 0x0000000080a00000| Untracked 
|  11|0x0000000080b00000, 0x0000000080c00000, 0x0000000080c00000|100%| O|  |TAMS 0x0000000080c00000, 0x0000000080b00000| Untracked 
|  12|0x0000000080c00000, 0x0000000080d00000, 0x0000000080d00000|100%| O|  |TAMS 0x0000000080d00000, 0x0000000080c00000| Untracked 
|  13|0x0000000080d00000, 0x0000000080e00000, 0x0000000080e00000|100%| O|  |TAMS 0x0000000080e00000, 0x0000000080d00000| Untracked 
|  14|0x0000000080e00000, 0x0000000080f00000, 0x0000000080f00000|100%| O|  |TAMS 0x0000000080f00000, 0x0000000080e00000| Untracked 
|  15|0x0000000080f00000, 0x0000000081000000, 0x0000000081000000|100%| O|  |TAMS 0x0000000081000000, 0x0000000080f00000| Untracked 
|  16|0x0000000081000000, 0x0000000081100000, 0x0000000081100000|100%| O|  |TAMS 0x0000000081100000, 0x0000000081000000| Untracked 
|  17|0x0000000081100000, 0x0000000081200000, 0x0000000081200000|100%| O|  |TAMS 0x0000000081200000, 0x0000000081100000| Untracked 
|  18|0x0000000081200000, 0x0000000081300000, 0x0000000081300000|100%| O|  |TAMS 0x0000000081300000, 0x0000000081200000| Untracked 
|  19|0x0000000081300000, 0x0000000081400000, 0x0000000081400000|100%| O|  |TAMS 0x0000000081400000, 0x0000000081300000| Untracked 
|  20|0x0000000081400000, 0x0000000081500000, 0x0000000081500000|100%| O|  |TAMS 0x0000000081500000, 0x0000000081400000| Untracked 
|  21|0x0000000081500000, 0x0000000081600000, 0x0000000081600000|100%| O|  |TAMS 0x0000000081600000, 0x0000000081500000| Untracked 
|  22|0x0000000081600000, 0x0000000081700000, 0x0000000081700000|100%| O|  |TAMS 0x0000000081700000, 0x0000000081600000| Untracked 
|  23|0x0000000081700000, 0x0000000081800000, 0x0000000081800000|100%| O|  |TAMS 0x0000000081800000, 0x0000000081700000| Untracked 
|  24|0x0000000081800000, 0x0000000081900000, 0x0000000081900000|100%| O|  |TAMS 0x0000000081900000, 0x0000000081800000| Untracked 
|  25|0x0000000081900000, 0x0000000081a00000, 0x0000000081a00000|100%| O|  |TAMS 0x0000000081a00000, 0x0000000081900000| Untracked 
|  26|0x0000000081a00000, 0x0000000081b00000, 0x0000000081b00000|100%|HS|  |TAMS 0x0000000081b00000, 0x0000000081a00000| Complete 
|  27|0x0000000081b00000, 0x0000000081c00000, 0x0000000081c00000|100%|HC|  |TAMS 0x0000000081c00000, 0x0000000081b00000| Complete 
|  28|0x0000000081c00000, 0x0000000081d00000, 0x0000000081d00000|100%|HS|  |TAMS 0x0000000081d00000, 0x0000000081c00000| Complete 
|  29|0x0000000081d00000, 0x0000000081e00000, 0x0000000081e00000|100%|HC|  |TAMS 0x0000000081e00000, 0x0000000081d00000| Complete 
|  30|0x0000000081e00000, 0x0000000081f00000, 0x0000000081f00000|100%|HC|  |TAMS 0x0000000081f00000, 0x0000000081e00000| Complete 
|  31|0x0000000081f00000, 0x0000000082000000, 0x0000000082000000|100%|HC|  |TAMS 0x0000000082000000, 0x0000000081f00000| Complete 
|  32|0x0000000082000000, 0x0000000082100000, 0x0000000082100000|100%| O|  |TAMS 0x0000000082100000, 0x0000000082000000| Untracked 
|  33|0x0000000082100000, 0x0000000082200000, 0x0000000082200000|100%| O|  |TAMS 0x0000000082200000, 0x0000000082100000| Untracked 
|  34|0x0000000082200000, 0x0000000082300000, 0x0000000082300000|100%| O|  |TAMS 0x0000000082300000, 0x0000000082200000| Untracked 
|  35|0x0000000082300000, 0x0000000082400000, 0x0000000082400000|100%| O|  |TAMS 0x0000000082400000, 0x0000000082300000| Untracked 
|  36|0x0000000082400000, 0x0000000082500000, 0x0000000082500000|100%| O|  |TAMS 0x0000000082500000, 0x0000000082400000| Untracked 
|  37|0x0000000082500000, 0x0000000082600000, 0x0000000082600000|100%| O|  |TAMS 0x0000000082600000, 0x0000000082500000| Untracked 
|  38|0x0000000082600000, 0x0000000082700000, 0x0000000082700000|100%| O|  |TAMS 0x0000000082700000, 0x0000000082600000| Untracked 
|  39|0x0000000082700000, 0x0000000082800000, 0x0000000082800000|100%| O|  |TAMS 0x0000000082800000, 0x0000000082700000| Untracked 
|  40|0x0000000082800000, 0x0000000082900000, 0x0000000082900000|100%| O|  |TAMS 0x0000000082900000, 0x0000000082800000| Untracked 
|  41|0x0000000082900000, 0x0000000082a00000, 0x0000000082a00000|100%| O|  |TAMS 0x0000000082a00000, 0x0000000082900000| Untracked 
|  42|0x0000000082a00000, 0x0000000082b00000, 0x0000000082b00000|100%| O|  |TAMS 0x0000000082b00000, 0x0000000082a00000| Untracked 
|  43|0x0000000082b00000, 0x0000000082c00000, 0x0000000082c00000|100%| O|  |TAMS 0x0000000082c00000, 0x0000000082b00000| Untracked 
|  44|0x0000000082c00000, 0x0000000082d00000, 0x0000000082d00000|100%| O|  |TAMS 0x0000000082d00000, 0x0000000082c00000| Untracked 
|  45|0x0000000082d00000, 0x0000000082e00000, 0x0000000082e00000|100%| O|  |TAMS 0x0000000082e00000, 0x0000000082d00000| Untracked 
|  46|0x0000000082e00000, 0x0000000082f00000, 0x0000000082f00000|100%| O|  |TAMS 0x0000000082f00000, 0x0000000082e00000| Untracked 
|  47|0x0000000082f00000, 0x0000000083000000, 0x0000000083000000|100%| O|  |TAMS 0x0000000083000000, 0x0000000082f00000| Untracked 
|  48|0x0000000083000000, 0x0000000083100000, 0x0000000083100000|100%| O|  |TAMS 0x0000000083100000, 0x0000000083000000| Untracked 
|  49|0x0000000083100000, 0x0000000083200000, 0x0000000083200000|100%| O|  |TAMS 0x0000000083200000, 0x0000000083100000| Untracked 
|  50|0x0000000083200000, 0x0000000083300000, 0x0000000083300000|100%| O|  |TAMS 0x0000000083300000, 0x0000000083200000| Untracked 
|  51|0x0000000083300000, 0x0000000083400000, 0x0000000083400000|100%| O|  |TAMS 0x0000000083400000, 0x0000000083300000| Untracked 
|  52|0x0000000083400000, 0x0000000083500000, 0x0000000083500000|100%| O|  |TAMS 0x0000000083500000, 0x0000000083400000| Untracked 
|  53|0x0000000083500000, 0x0000000083600000, 0x0000000083600000|100%| O|  |TAMS 0x0000000083600000, 0x0000000083500000| Untracked 
|  54|0x0000000083600000, 0x0000000083700000, 0x0000000083700000|100%| O|  |TAMS 0x0000000083700000, 0x0000000083600000| Untracked 
|  55|0x0000000083700000, 0x0000000083800000, 0x0000000083800000|100%| O|  |TAMS 0x0000000083800000, 0x0000000083700000| Untracked 
|  56|0x0000000083800000, 0x0000000083900000, 0x0000000083900000|100%| O|  |TAMS 0x0000000083900000, 0x0000000083800000| Untracked 
|  57|0x0000000083900000, 0x0000000083a00000, 0x0000000083a00000|100%| O|  |TAMS 0x0000000083a00000, 0x0000000083900000| Untracked 
|  58|0x0000000083a00000, 0x0000000083b00000, 0x0000000083b00000|100%| O|  |TAMS 0x0000000083b00000, 0x0000000083a00000| Untracked 
|  59|0x0000000083b00000, 0x0000000083b00000, 0x0000000083c00000|  0%| F|  |TAMS 0x0000000083b00000, 0x0000000083b00000| Untracked 
|  60|0x0000000083c00000, 0x0000000083d00000, 0x0000000083d00000|100%| O|  |TAMS 0x0000000083d00000, 0x0000000083c00000| Untracked 
|  61|0x0000000083d00000, 0x0000000083e00000, 0x0000000083e00000|100%| O|  |TAMS 0x0000000083e00000, 0x0000000083d00000| Untracked 
|  62|0x0000000083e00000, 0x0000000083f00000, 0x0000000083f00000|100%| O|  |TAMS 0x0000000083f00000, 0x0000000083e00000| Untracked 
|  63|0x0000000083f00000, 0x0000000084000000, 0x0000000084000000|100%| O|  |TAMS 0x0000000084000000, 0x0000000083f00000| Untracked 
|  64|0x0000000084000000, 0x0000000084100000, 0x0000000084100000|100%|HS|  |TAMS 0x0000000084100000, 0x0000000084000000| Complete 
|  65|0x0000000084100000, 0x0000000084200000, 0x0000000084200000|100%|HS|  |TAMS 0x0000000084200000, 0x0000000084100000| Complete 
|  66|0x0000000084200000, 0x0000000084300000, 0x0000000084300000|100%| O|  |TAMS 0x0000000084300000, 0x0000000084200000| Untracked 
|  67|0x0000000084300000, 0x0000000084400000, 0x0000000084400000|100%| O|  |TAMS 0x0000000084400000, 0x0000000084300000| Untracked 
|  68|0x0000000084400000, 0x0000000084500000, 0x0000000084500000|100%| O|  |TAMS 0x0000000084500000, 0x0000000084400000| Untracked 
|  69|0x0000000084500000, 0x0000000084600000, 0x0000000084600000|100%| O|  |TAMS 0x0000000084600000, 0x0000000084500000| Untracked 
|  70|0x0000000084600000, 0x0000000084700000, 0x0000000084700000|100%| O|  |TAMS 0x0000000084700000, 0x0000000084600000| Untracked 
|  71|0x0000000084700000, 0x0000000084800000, 0x0000000084800000|100%| O|  |TAMS 0x0000000084800000, 0x0000000084700000| Untracked 
|  72|0x0000000084800000, 0x0000000084900000, 0x0000000084900000|100%| O|  |TAMS 0x0000000084900000, 0x0000000084800000| Untracked 
|  73|0x0000000084900000, 0x0000000084a00000, 0x0000000084a00000|100%| O|  |TAMS 0x0000000084a00000, 0x0000000084900000| Untracked 
|  74|0x0000000084a00000, 0x0000000084b00000, 0x0000000084b00000|100%| O|  |TAMS 0x0000000084b00000, 0x0000000084a00000| Untracked 
|  75|0x0000000084b00000, 0x0000000084c00000, 0x0000000084c00000|100%| O|  |TAMS 0x0000000084c00000, 0x0000000084b00000| Untracked 
|  76|0x0000000084c00000, 0x0000000084d00000, 0x0000000084d00000|100%| O|  |TAMS 0x0000000084d00000, 0x0000000084c00000| Untracked 
|  77|0x0000000084d00000, 0x0000000084e00000, 0x0000000084e00000|100%| O|  |TAMS 0x0000000084e00000, 0x0000000084d00000| Untracked 
|  78|0x0000000084e00000, 0x0000000084f00000, 0x0000000084f00000|100%| O|  |TAMS 0x0000000084f00000, 0x0000000084e00000| Untracked 
|  79|0x0000000084f00000, 0x0000000085000000, 0x0000000085000000|100%|HS|  |TAMS 0x0000000085000000, 0x0000000084f00000| Complete 
|  80|0x0000000085000000, 0x0000000085100000, 0x0000000085100000|100%|HS|  |TAMS 0x0000000085100000, 0x0000000085000000| Complete 
|  81|0x0000000085100000, 0x0000000085200000, 0x0000000085200000|100%|HS|  |TAMS 0x0000000085200000, 0x0000000085100000| Complete 
|  82|0x0000000085200000, 0x0000000085300000, 0x0000000085300000|100%|HS|  |TAMS 0x0000000085300000, 0x0000000085200000| Complete 
|  83|0x0000000085300000, 0x0000000085400000, 0x0000000085400000|100%|HC|  |TAMS 0x0000000085400000, 0x0000000085300000| Complete 
|  84|0x0000000085400000, 0x0000000085500000, 0x0000000085500000|100%|HC|  |TAMS 0x0000000085500000, 0x0000000085400000| Complete 
|  85|0x0000000085500000, 0x0000000085600000, 0x0000000085600000|100%|HS|  |TAMS 0x0000000085600000, 0x0000000085500000| Complete 
|  86|0x0000000085600000, 0x0000000085700000, 0x0000000085700000|100%|HC|  |TAMS 0x0000000085700000, 0x0000000085600000| Complete 
|  87|0x0000000085700000, 0x0000000085800000, 0x0000000085800000|100%| O|  |TAMS 0x0000000085800000, 0x0000000085700000| Untracked 
|  88|0x0000000085800000, 0x0000000085800000, 0x0000000085900000|  0%| F|  |TAMS 0x0000000085800000, 0x0000000085800000| Untracked 
|  89|0x0000000085900000, 0x0000000085a00000, 0x0000000085a00000|100%| O|  |TAMS 0x0000000085900000, 0x0000000085900000| Untracked 
|  90|0x0000000085a00000, 0x0000000085b00000, 0x0000000085b00000|100%| O|  |TAMS 0x0000000085a00000, 0x0000000085a00000| Untracked 
|  91|0x0000000085b00000, 0x0000000085c00000, 0x0000000085c00000|100%| O|  |TAMS 0x0000000085c00000, 0x0000000085b00000| Untracked 
|  92|0x0000000085c00000, 0x0000000085d00000, 0x0000000085d00000|100%| O|  |TAMS 0x0000000085d00000, 0x0000000085c00000| Untracked 
|  93|0x0000000085d00000, 0x0000000085e00000, 0x0000000085e00000|100%| O|  |TAMS 0x0000000085e00000, 0x0000000085d00000| Untracked 
|  94|0x0000000085e00000, 0x0000000085f00000, 0x0000000085f00000|100%| O|  |TAMS 0x0000000085f00000, 0x0000000085e00000| Untracked 
|  95|0x0000000085f00000, 0x0000000086000000, 0x0000000086000000|100%| O|  |TAMS 0x0000000086000000, 0x0000000085f00000| Untracked 
|  96|0x0000000086000000, 0x0000000086100000, 0x0000000086100000|100%| O|  |TAMS 0x0000000086100000, 0x0000000086000000| Untracked 
|  97|0x0000000086100000, 0x0000000086200000, 0x0000000086200000|100%| O|  |TAMS 0x0000000086200000, 0x0000000086100000| Untracked 
|  98|0x0000000086200000, 0x0000000086300000, 0x0000000086300000|100%| O|  |TAMS 0x0000000086300000, 0x0000000086200000| Untracked 
|  99|0x0000000086300000, 0x0000000086400000, 0x0000000086400000|100%| O|  |TAMS 0x0000000086400000, 0x0000000086300000| Untracked 
| 100|0x0000000086400000, 0x0000000086500000, 0x0000000086500000|100%| O|  |TAMS 0x0000000086500000, 0x0000000086400000| Untracked 
| 101|0x0000000086500000, 0x0000000086600000, 0x0000000086600000|100%| O|  |TAMS 0x0000000086600000, 0x0000000086500000| Untracked 
| 102|0x0000000086600000, 0x0000000086700000, 0x0000000086700000|100%| O|  |TAMS 0x0000000086700000, 0x0000000086600000| Untracked 
| 103|0x0000000086700000, 0x0000000086800000, 0x0000000086800000|100%| O|  |TAMS 0x0000000086800000, 0x0000000086700000| Untracked 
| 104|0x0000000086800000, 0x0000000086900000, 0x0000000086900000|100%| O|  |TAMS 0x0000000086900000, 0x0000000086800000| Untracked 
| 105|0x0000000086900000, 0x0000000086a00000, 0x0000000086a00000|100%| O|  |TAMS 0x0000000086a00000, 0x0000000086900000| Untracked 
| 106|0x0000000086a00000, 0x0000000086a00000, 0x0000000086b00000|  0%| F|  |TAMS 0x0000000086a00000, 0x0000000086a00000| Untracked 
| 107|0x0000000086b00000, 0x0000000086b00000, 0x0000000086c00000|  0%| F|  |TAMS 0x0000000086b00000, 0x0000000086b00000| Untracked 
| 108|0x0000000086c00000, 0x0000000086c00000, 0x0000000086d00000|  0%| F|  |TAMS 0x0000000086c00000, 0x0000000086c00000| Untracked 
| 109|0x0000000086d00000, 0x0000000086e00000, 0x0000000086e00000|100%| O|  |TAMS 0x0000000086e00000, 0x0000000086d00000| Untracked 
| 110|0x0000000086e00000, 0x0000000086e00000, 0x0000000086f00000|  0%| F|  |TAMS 0x0000000086e00000, 0x0000000086e00000| Untracked 
| 111|0x0000000086f00000, 0x0000000087000000, 0x0000000087000000|100%|HS|  |TAMS 0x0000000087000000, 0x0000000086f00000| Complete 
| 112|0x0000000087000000, 0x0000000087100000, 0x0000000087100000|100%|HC|  |TAMS 0x0000000087100000, 0x0000000087000000| Complete 
| 113|0x0000000087100000, 0x0000000087200000, 0x0000000087200000|100%|HC|  |TAMS 0x0000000087200000, 0x0000000087100000| Complete 
| 114|0x0000000087200000, 0x0000000087300000, 0x0000000087300000|100%|HS|  |TAMS 0x0000000087300000, 0x0000000087200000| Complete 
| 115|0x0000000087300000, 0x0000000087400000, 0x0000000087400000|100%|HC|  |TAMS 0x0000000087400000, 0x0000000087300000| Complete 
| 116|0x0000000087400000, 0x0000000087400000, 0x0000000087500000|  0%| F|  |TAMS 0x0000000087400000, 0x0000000087400000| Untracked 
| 117|0x0000000087500000, 0x0000000087500000, 0x0000000087600000|  0%| F|  |TAMS 0x0000000087500000, 0x0000000087500000| Untracked 
| 118|0x0000000087600000, 0x0000000087600000, 0x0000000087700000|  0%| F|  |TAMS 0x0000000087600000, 0x0000000087600000| Untracked 
| 119|0x0000000087700000, 0x0000000087800000, 0x0000000087800000|100%| O|  |TAMS 0x0000000087700000, 0x0000000087700000| Untracked 
| 120|0x0000000087800000, 0x0000000087900000, 0x0000000087900000|100%| O|  |TAMS 0x0000000087800000, 0x0000000087800000| Untracked 
| 121|0x0000000087900000, 0x0000000087a00000, 0x0000000087a00000|100%| O|  |TAMS 0x0000000087900000, 0x0000000087900000| Untracked 
| 122|0x0000000087a00000, 0x0000000087b00000, 0x0000000087b00000|100%| O|  |TAMS 0x0000000087a00000, 0x0000000087a00000| Untracked 
| 123|0x0000000087b00000, 0x0000000087b00000, 0x0000000087c00000|  0%| F|  |TAMS 0x0000000087b00000, 0x0000000087b00000| Untracked 
| 124|0x0000000087c00000, 0x0000000087d00000, 0x0000000087d00000|100%| O|  |TAMS 0x0000000087c00000, 0x0000000087c00000| Untracked 
| 125|0x0000000087d00000, 0x0000000087d00000, 0x0000000087e00000|  0%| F|  |TAMS 0x0000000087d00000, 0x0000000087d00000| Untracked 
| 126|0x0000000087e00000, 0x0000000087e00000, 0x0000000087f00000|  0%| F|  |TAMS 0x0000000087e00000, 0x0000000087e00000| Untracked 
| 127|0x0000000087f00000, 0x0000000088000000, 0x0000000088000000|100%| O|  |TAMS 0x0000000087f00000, 0x0000000087f00000| Untracked 
| 128|0x0000000088000000, 0x0000000088000000, 0x0000000088100000|  0%| F|  |TAMS 0x0000000088000000, 0x0000000088000000| Untracked 
| 129|0x0000000088100000, 0x0000000088100000, 0x0000000088200000|  0%| F|  |TAMS 0x0000000088100000, 0x0000000088100000| Untracked 
| 130|0x0000000088200000, 0x0000000088200000, 0x0000000088300000|  0%| F|  |TAMS 0x0000000088200000, 0x0000000088200000| Untracked 
| 131|0x0000000088300000, 0x0000000088400000, 0x0000000088400000|100%| O|  |TAMS 0x0000000088400000, 0x0000000088300000| Untracked 
| 132|0x0000000088400000, 0x0000000088500000, 0x0000000088500000|100%| O|  |TAMS 0x0000000088500000, 0x0000000088400000| Untracked 
| 133|0x0000000088500000, 0x0000000088600000, 0x0000000088600000|100%| O|  |TAMS 0x0000000088600000, 0x0000000088500000| Untracked 
| 134|0x0000000088600000, 0x0000000088700000, 0x0000000088700000|100%| O|  |TAMS 0x0000000088700000, 0x0000000088600000| Untracked 
| 135|0x0000000088700000, 0x0000000088800000, 0x0000000088800000|100%| O|  |TAMS 0x0000000088800000, 0x0000000088700000| Untracked 
| 136|0x0000000088800000, 0x0000000088900000, 0x0000000088900000|100%| O|  |TAMS 0x0000000088900000, 0x0000000088800000| Untracked 
| 137|0x0000000088900000, 0x0000000088a00000, 0x0000000088a00000|100%| O|  |TAMS 0x0000000088a00000, 0x0000000088900000| Untracked 
| 138|0x0000000088a00000, 0x0000000088b00000, 0x0000000088b00000|100%| O|  |TAMS 0x0000000088b00000, 0x0000000088a00000| Untracked 
| 139|0x0000000088b00000, 0x0000000088b00000, 0x0000000088c00000|  0%| F|  |TAMS 0x0000000088b00000, 0x0000000088b00000| Untracked 
| 140|0x0000000088c00000, 0x0000000088d00000, 0x0000000088d00000|100%| O|  |TAMS 0x0000000088d00000, 0x0000000088c00000| Untracked 
| 141|0x0000000088d00000, 0x0000000088d00000, 0x0000000088e00000|  0%| F|  |TAMS 0x0000000088d00000, 0x0000000088d00000| Untracked 
| 142|0x0000000088e00000, 0x0000000088f00000, 0x0000000088f00000|100%| O|  |TAMS 0x0000000088e00000, 0x0000000088e00000| Untracked 
| 143|0x0000000088f00000, 0x0000000089000000, 0x0000000089000000|100%| O|  |TAMS 0x0000000088f00000, 0x0000000088f00000| Untracked 
| 144|0x0000000089000000, 0x0000000089100000, 0x0000000089100000|100%| O|  |TAMS 0x0000000089000000, 0x0000000089000000| Untracked 
| 145|0x0000000089100000, 0x0000000089200000, 0x0000000089200000|100%| O|  |TAMS 0x0000000089200000, 0x0000000089100000| Untracked 
| 146|0x0000000089200000, 0x0000000089300000, 0x0000000089300000|100%| O|  |TAMS 0x0000000089300000, 0x0000000089200000| Untracked 
| 147|0x0000000089300000, 0x0000000089400000, 0x0000000089400000|100%| O|  |TAMS 0x0000000089400000, 0x0000000089300000| Untracked 
| 148|0x0000000089400000, 0x0000000089500000, 0x0000000089500000|100%| O|  |TAMS 0x0000000089500000, 0x0000000089400000| Untracked 
| 149|0x0000000089500000, 0x0000000089600000, 0x0000000089600000|100%| O|  |TAMS 0x0000000089600000, 0x0000000089500000| Untracked 
| 150|0x0000000089600000, 0x0000000089700000, 0x0000000089700000|100%| O|  |TAMS 0x0000000089700000, 0x0000000089600000| Untracked 
| 151|0x0000000089700000, 0x0000000089800000, 0x0000000089800000|100%| O|  |TAMS 0x0000000089800000, 0x0000000089700000| Untracked 
| 152|0x0000000089800000, 0x0000000089800000, 0x0000000089900000|  0%| F|  |TAMS 0x0000000089800000, 0x0000000089800000| Untracked 
| 153|0x0000000089900000, 0x0000000089a00000, 0x0000000089a00000|100%|HS|  |TAMS 0x0000000089a00000, 0x0000000089900000| Complete 
| 154|0x0000000089a00000, 0x0000000089b00000, 0x0000000089b00000|100%|HS|  |TAMS 0x0000000089b00000, 0x0000000089a00000| Complete 
| 155|0x0000000089b00000, 0x0000000089c00000, 0x0000000089c00000|100%|HS|  |TAMS 0x0000000089c00000, 0x0000000089b00000| Complete 
| 156|0x0000000089c00000, 0x0000000089d00000, 0x0000000089d00000|100%|HS|  |TAMS 0x0000000089d00000, 0x0000000089c00000| Complete 
| 157|0x0000000089d00000, 0x0000000089e00000, 0x0000000089e00000|100%|HS|  |TAMS 0x0000000089e00000, 0x0000000089d00000| Complete 
| 158|0x0000000089e00000, 0x0000000089f00000, 0x0000000089f00000|100%|HC|  |TAMS 0x0000000089f00000, 0x0000000089e00000| Complete 
| 159|0x0000000089f00000, 0x000000008a000000, 0x000000008a000000|100%|HC|  |TAMS 0x000000008a000000, 0x0000000089f00000| Complete 
| 160|0x000000008a000000, 0x000000008a100000, 0x000000008a100000|100%| O|  |TAMS 0x000000008a100000, 0x000000008a000000| Untracked 
| 161|0x000000008a100000, 0x000000008a200000, 0x000000008a200000|100%| O|  |TAMS 0x000000008a200000, 0x000000008a100000| Untracked 
| 162|0x000000008a200000, 0x000000008a300000, 0x000000008a300000|100%| O|  |TAMS 0x000000008a300000, 0x000000008a200000| Untracked 
| 163|0x000000008a300000, 0x000000008a400000, 0x000000008a400000|100%| O|  |TAMS 0x000000008a400000, 0x000000008a300000| Untracked 
| 164|0x000000008a400000, 0x000000008a500000, 0x000000008a500000|100%| O|  |TAMS 0x000000008a500000, 0x000000008a400000| Untracked 
| 165|0x000000008a500000, 0x000000008a600000, 0x000000008a600000|100%| O|  |TAMS 0x000000008a600000, 0x000000008a500000| Untracked 
| 166|0x000000008a600000, 0x000000008a600000, 0x000000008a700000|  0%| F|  |TAMS 0x000000008a600000, 0x000000008a600000| Untracked 
| 167|0x000000008a700000, 0x000000008a800000, 0x000000008a800000|100%| O|  |TAMS 0x000000008a800000, 0x000000008a700000| Untracked 
| 168|0x000000008a800000, 0x000000008a800000, 0x000000008a900000|  0%| F|  |TAMS 0x000000008a800000, 0x000000008a800000| Untracked 
| 169|0x000000008a900000, 0x000000008aa00000, 0x000000008aa00000|100%| O|  |TAMS 0x000000008aa00000, 0x000000008a900000| Untracked 
| 170|0x000000008aa00000, 0x000000008ab00000, 0x000000008ab00000|100%| O|  |TAMS 0x000000008ab00000, 0x000000008aa00000| Untracked 
| 171|0x000000008ab00000, 0x000000008ac00000, 0x000000008ac00000|100%| O|  |TAMS 0x000000008ab00000, 0x000000008ab00000| Untracked 
| 172|0x000000008ac00000, 0x000000008ac00000, 0x000000008ad00000|  0%| F|  |TAMS 0x000000008ac00000, 0x000000008ac00000| Untracked 
| 173|0x000000008ad00000, 0x000000008ae00000, 0x000000008ae00000|100%|HS|  |TAMS 0x000000008ae00000, 0x000000008ad00000| Complete 
| 174|0x000000008ae00000, 0x000000008af00000, 0x000000008af00000|100%|HC|  |TAMS 0x000000008af00000, 0x000000008ae00000| Complete 
| 175|0x000000008af00000, 0x000000008b000000, 0x000000008b000000|100%|HS|  |TAMS 0x000000008b000000, 0x000000008af00000| Complete 
| 176|0x000000008b000000, 0x000000008b100000, 0x000000008b100000|100%|HC|  |TAMS 0x000000008b100000, 0x000000008b000000| Complete 
| 177|0x000000008b100000, 0x000000008b200000, 0x000000008b200000|100%|HC|  |TAMS 0x000000008b200000, 0x000000008b100000| Complete 
| 178|0x000000008b200000, 0x000000008b300000, 0x000000008b300000|100%|HC|  |TAMS 0x000000008b300000, 0x000000008b200000| Complete 
| 179|0x000000008b300000, 0x000000008b400000, 0x000000008b400000|100%| O|  |TAMS 0x000000008b400000, 0x000000008b300000| Untracked 
| 180|0x000000008b400000, 0x000000008b500000, 0x000000008b500000|100%| O|  |TAMS 0x000000008b500000, 0x000000008b400000| Untracked 
| 181|0x000000008b500000, 0x000000008b600000, 0x000000008b600000|100%| O|  |TAMS 0x000000008b600000, 0x000000008b500000| Untracked 
| 182|0x000000008b600000, 0x000000008b600000, 0x000000008b700000|  0%| F|  |TAMS 0x000000008b600000, 0x000000008b600000| Untracked 
| 183|0x000000008b700000, 0x000000008b700000, 0x000000008b800000|  0%| F|  |TAMS 0x000000008b700000, 0x000000008b700000| Untracked 
| 184|0x000000008b800000, 0x000000008b900000, 0x000000008b900000|100%| O|  |TAMS 0x000000008b900000, 0x000000008b800000| Untracked 
| 185|0x000000008b900000, 0x000000008ba00000, 0x000000008ba00000|100%| O|  |TAMS 0x000000008b900000, 0x000000008b900000| Untracked 
| 186|0x000000008ba00000, 0x000000008bacd800, 0x000000008bb00000| 80%| O|  |TAMS 0x000000008ba00000, 0x000000008ba00000| Untracked 
| 187|0x000000008bb00000, 0x000000008bc00000, 0x000000008bc00000|100%| O|  |TAMS 0x000000008bc00000, 0x000000008bb00000| Untracked 
| 188|0x000000008bc00000, 0x000000008bd00000, 0x000000008bd00000|100%|HS|  |TAMS 0x000000008bd00000, 0x000000008bc00000| Complete 
| 189|0x000000008bd00000, 0x000000008be00000, 0x000000008be00000|100%|HS|  |TAMS 0x000000008be00000, 0x000000008bd00000| Complete 
| 190|0x000000008be00000, 0x000000008bf00000, 0x000000008bf00000|100%| O|  |TAMS 0x000000008bf00000, 0x000000008be00000| Untracked 
| 191|0x000000008bf00000, 0x000000008c000000, 0x000000008c000000|100%| O|  |TAMS 0x000000008c000000, 0x000000008bf00000| Untracked 
| 192|0x000000008c000000, 0x000000008c100000, 0x000000008c100000|100%| O|  |TAMS 0x000000008c100000, 0x000000008c000000| Untracked 
| 193|0x000000008c100000, 0x000000008c200000, 0x000000008c200000|100%| O|  |TAMS 0x000000008c200000, 0x000000008c100000| Untracked 
| 194|0x000000008c200000, 0x000000008c300000, 0x000000008c300000|100%| O|  |TAMS 0x000000008c300000, 0x000000008c200000| Untracked 
| 195|0x000000008c300000, 0x000000008c300000, 0x000000008c400000|  0%| F|  |TAMS 0x000000008c300000, 0x000000008c300000| Untracked 
| 196|0x000000008c400000, 0x000000008c400000, 0x000000008c500000|  0%| F|  |TAMS 0x000000008c400000, 0x000000008c400000| Untracked 
| 197|0x000000008c500000, 0x000000008c500000, 0x000000008c600000|  0%| F|  |TAMS 0x000000008c500000, 0x000000008c500000| Untracked 
| 198|0x000000008c600000, 0x000000008c600000, 0x000000008c700000|  0%| F|  |TAMS 0x000000008c600000, 0x000000008c600000| Untracked 
| 199|0x000000008c700000, 0x000000008c700000, 0x000000008c800000|  0%| F|  |TAMS 0x000000008c700000, 0x000000008c700000| Untracked 
| 200|0x000000008c800000, 0x000000008c900000, 0x000000008c900000|100%| O|  |TAMS 0x000000008c900000, 0x000000008c800000| Untracked 
| 201|0x000000008c900000, 0x000000008ca00000, 0x000000008ca00000|100%| O|  |TAMS 0x000000008ca00000, 0x000000008c900000| Untracked 
| 202|0x000000008ca00000, 0x000000008cb00000, 0x000000008cb00000|100%| O|  |TAMS 0x000000008cb00000, 0x000000008ca00000| Untracked 
| 203|0x000000008cb00000, 0x000000008cc00000, 0x000000008cc00000|100%| O|  |TAMS 0x000000008cc00000, 0x000000008cb00000| Untracked 
| 204|0x000000008cc00000, 0x000000008cc00000, 0x000000008cd00000|  0%| F|  |TAMS 0x000000008cc00000, 0x000000008cc00000| Untracked 
| 205|0x000000008cd00000, 0x000000008cd00000, 0x000000008ce00000|  0%| F|  |TAMS 0x000000008cd00000, 0x000000008cd00000| Untracked 
| 206|0x000000008ce00000, 0x000000008ce00000, 0x000000008cf00000|  0%| F|  |TAMS 0x000000008ce00000, 0x000000008ce00000| Untracked 
| 207|0x000000008cf00000, 0x000000008cf00000, 0x000000008d000000|  0%| F|  |TAMS 0x000000008cf00000, 0x000000008cf00000| Untracked 
| 208|0x000000008d000000, 0x000000008d000000, 0x000000008d100000|  0%| F|  |TAMS 0x000000008d000000, 0x000000008d000000| Untracked 
| 209|0x000000008d100000, 0x000000008d100000, 0x000000008d200000|  0%| F|  |TAMS 0x000000008d100000, 0x000000008d100000| Untracked 
| 210|0x000000008d200000, 0x000000008d200000, 0x000000008d300000|  0%| F|  |TAMS 0x000000008d200000, 0x000000008d200000| Untracked 
| 211|0x000000008d300000, 0x000000008d300000, 0x000000008d400000|  0%| F|  |TAMS 0x000000008d300000, 0x000000008d300000| Untracked 
| 212|0x000000008d400000, 0x000000008d500000, 0x000000008d500000|100%| O|  |TAMS 0x000000008d400000, 0x000000008d400000| Untracked 
| 213|0x000000008d500000, 0x000000008d600000, 0x000000008d600000|100%| O|  |TAMS 0x000000008d600000, 0x000000008d500000| Untracked 
| 214|0x000000008d600000, 0x000000008d700000, 0x000000008d700000|100%| O|  |TAMS 0x000000008d700000, 0x000000008d600000| Untracked 
| 215|0x000000008d700000, 0x000000008d700000, 0x000000008d800000|  0%| F|  |TAMS 0x000000008d700000, 0x000000008d700000| Untracked 
| 216|0x000000008d800000, 0x000000008d800000, 0x000000008d900000|  0%| F|  |TAMS 0x000000008d800000, 0x000000008d800000| Untracked 
| 217|0x000000008d900000, 0x000000008d900000, 0x000000008da00000|  0%| F|  |TAMS 0x000000008d900000, 0x000000008d900000| Untracked 
| 218|0x000000008da00000, 0x000000008da00000, 0x000000008db00000|  0%| F|  |TAMS 0x000000008da00000, 0x000000008da00000| Untracked 
| 219|0x000000008db00000, 0x000000008db00000, 0x000000008dc00000|  0%| F|  |TAMS 0x000000008db00000, 0x000000008db00000| Untracked 
| 220|0x000000008dc00000, 0x000000008dc00000, 0x000000008dd00000|  0%| F|  |TAMS 0x000000008dc00000, 0x000000008dc00000| Untracked 
| 221|0x000000008dd00000, 0x000000008dd00000, 0x000000008de00000|  0%| F|  |TAMS 0x000000008dd00000, 0x000000008dd00000| Untracked 
| 222|0x000000008de00000, 0x000000008de00000, 0x000000008df00000|  0%| F|  |TAMS 0x000000008de00000, 0x000000008de00000| Untracked 
| 223|0x000000008df00000, 0x000000008df00000, 0x000000008e000000|  0%| F|  |TAMS 0x000000008df00000, 0x000000008df00000| Untracked 
| 224|0x000000008e000000, 0x000000008e000000, 0x000000008e100000|  0%| F|  |TAMS 0x000000008e000000, 0x000000008e000000| Untracked 
| 225|0x000000008e100000, 0x000000008e100000, 0x000000008e200000|  0%| F|  |TAMS 0x000000008e100000, 0x000000008e100000| Untracked 
| 226|0x000000008e200000, 0x000000008e200000, 0x000000008e300000|  0%| F|  |TAMS 0x000000008e200000, 0x000000008e200000| Untracked 
| 227|0x000000008e300000, 0x000000008e300000, 0x000000008e400000|  0%| F|  |TAMS 0x000000008e300000, 0x000000008e300000| Untracked 
| 228|0x000000008e400000, 0x000000008e400000, 0x000000008e500000|  0%| F|  |TAMS 0x000000008e400000, 0x000000008e400000| Untracked 
| 229|0x000000008e500000, 0x000000008e500000, 0x000000008e600000|  0%| F|  |TAMS 0x000000008e500000, 0x000000008e500000| Untracked 
| 230|0x000000008e600000, 0x000000008e600000, 0x000000008e700000|  0%| F|  |TAMS 0x000000008e600000, 0x000000008e600000| Untracked 
| 231|0x000000008e700000, 0x000000008e700000, 0x000000008e800000|  0%| F|  |TAMS 0x000000008e700000, 0x000000008e700000| Untracked 
| 232|0x000000008e800000, 0x000000008e900000, 0x000000008e900000|100%| O|  |TAMS 0x000000008e800000, 0x000000008e800000| Untracked 
| 233|0x000000008e900000, 0x000000008e900000, 0x000000008ea00000|  0%| F|  |TAMS 0x000000008e900000, 0x000000008e900000| Untracked 
| 234|0x000000008ea00000, 0x000000008ea00000, 0x000000008eb00000|  0%| F|  |TAMS 0x000000008ea00000, 0x000000008ea00000| Untracked 
| 235|0x000000008eb00000, 0x000000008ec00000, 0x000000008ec00000|100%| O|  |TAMS 0x000000008ec00000, 0x000000008eb00000| Untracked 
| 236|0x000000008ec00000, 0x000000008ec00000, 0x000000008ed00000|  0%| F|  |TAMS 0x000000008ec00000, 0x000000008ec00000| Untracked 
| 237|0x000000008ed00000, 0x000000008ed00000, 0x000000008ee00000|  0%| F|  |TAMS 0x000000008ed00000, 0x000000008ed00000| Untracked 
| 238|0x000000008ee00000, 0x000000008ee00000, 0x000000008ef00000|  0%| F|  |TAMS 0x000000008ee00000, 0x000000008ee00000| Untracked 
| 239|0x000000008ef00000, 0x000000008ef00000, 0x000000008f000000|  0%| F|  |TAMS 0x000000008ef00000, 0x000000008ef00000| Untracked 
| 240|0x000000008f000000, 0x000000008f000000, 0x000000008f100000|  0%| F|  |TAMS 0x000000008f000000, 0x000000008f000000| Untracked 
| 241|0x000000008f100000, 0x000000008f100000, 0x000000008f200000|  0%| F|  |TAMS 0x000000008f100000, 0x000000008f100000| Untracked 
| 242|0x000000008f200000, 0x000000008f294ec0, 0x000000008f300000| 58%| S|CS|TAMS 0x000000008f200000, 0x000000008f200000| Complete 
| 243|0x000000008f300000, 0x000000008f400000, 0x000000008f400000|100%| S|CS|TAMS 0x000000008f300000, 0x000000008f300000| Complete 
| 244|0x000000008f400000, 0x000000008f500000, 0x000000008f500000|100%| S|CS|TAMS 0x000000008f400000, 0x000000008f400000| Complete 
| 245|0x000000008f500000, 0x000000008f600000, 0x000000008f600000|100%| S|CS|TAMS 0x000000008f500000, 0x000000008f500000| Complete 
| 246|0x000000008f600000, 0x000000008f600000, 0x000000008f700000|  0%| F|  |TAMS 0x000000008f600000, 0x000000008f600000| Untracked 
| 247|0x000000008f700000, 0x000000008f700000, 0x000000008f800000|  0%| F|  |TAMS 0x000000008f700000, 0x000000008f700000| Untracked 
| 248|0x000000008f800000, 0x000000008f800000, 0x000000008f900000|  0%| F|  |TAMS 0x000000008f800000, 0x000000008f800000| Untracked 
| 249|0x000000008f900000, 0x000000008f900000, 0x000000008fa00000|  0%| F|  |TAMS 0x000000008f900000, 0x000000008f900000| Untracked 
| 250|0x000000008fa00000, 0x000000008fa00000, 0x000000008fb00000|  0%| F|  |TAMS 0x000000008fa00000, 0x000000008fa00000| Untracked 
| 251|0x000000008fb00000, 0x000000008fc00000, 0x000000008fc00000|100%| O|  |TAMS 0x000000008fc00000, 0x000000008fb00000| Untracked 
| 252|0x000000008fc00000, 0x000000008fc00000, 0x000000008fd00000|  0%| F|  |TAMS 0x000000008fc00000, 0x000000008fc00000| Untracked 
| 253|0x000000008fd00000, 0x000000008fd00000, 0x000000008fe00000|  0%| F|  |TAMS 0x000000008fd00000, 0x000000008fd00000| Untracked 
| 254|0x000000008fe00000, 0x000000008fe00000, 0x000000008ff00000|  0%| F|  |TAMS 0x000000008fe00000, 0x000000008fe00000| Untracked 
| 255|0x000000008ff00000, 0x000000008ff00000, 0x0000000090000000|  0%| F|  |TAMS 0x000000008ff00000, 0x000000008ff00000| Untracked 
| 256|0x0000000090000000, 0x0000000090000000, 0x0000000090100000|  0%| F|  |TAMS 0x0000000090000000, 0x0000000090000000| Untracked 
| 257|0x0000000090100000, 0x0000000090100000, 0x0000000090200000|  0%| F|  |TAMS 0x0000000090100000, 0x0000000090100000| Untracked 
| 258|0x0000000090200000, 0x0000000090300000, 0x0000000090300000|100%| O|  |TAMS 0x0000000090300000, 0x0000000090200000| Untracked 
| 259|0x0000000090300000, 0x0000000090400000, 0x0000000090400000|100%| O|  |TAMS 0x0000000090400000, 0x0000000090300000| Untracked 
| 260|0x0000000090400000, 0x0000000090500000, 0x0000000090500000|100%| O|  |TAMS 0x0000000090500000, 0x0000000090400000| Untracked 
| 261|0x0000000090500000, 0x0000000090600000, 0x0000000090600000|100%| O|  |TAMS 0x0000000090600000, 0x0000000090500000| Untracked 
| 262|0x0000000090600000, 0x0000000090700000, 0x0000000090700000|100%| O|  |TAMS 0x0000000090700000, 0x0000000090600000| Untracked 
| 263|0x0000000090700000, 0x0000000090800000, 0x0000000090800000|100%| O|  |TAMS 0x0000000090800000, 0x0000000090700000| Untracked 
| 264|0x0000000090800000, 0x0000000090900000, 0x0000000090900000|100%| O|  |TAMS 0x0000000090900000, 0x0000000090800000| Untracked 
| 265|0x0000000090900000, 0x0000000090a00000, 0x0000000090a00000|100%| O|  |TAMS 0x0000000090a00000, 0x0000000090900000| Untracked 
| 266|0x0000000090a00000, 0x0000000090b00000, 0x0000000090b00000|100%| O|  |TAMS 0x0000000090b00000, 0x0000000090a00000| Untracked 
| 267|0x0000000090b00000, 0x0000000090c00000, 0x0000000090c00000|100%| O|  |TAMS 0x0000000090c00000, 0x0000000090b00000| Untracked 
| 268|0x0000000090c00000, 0x0000000090d00000, 0x0000000090d00000|100%| O|  |TAMS 0x0000000090d00000, 0x0000000090c00000| Untracked 
| 269|0x0000000090d00000, 0x0000000090e00000, 0x0000000090e00000|100%| O|  |TAMS 0x0000000090e00000, 0x0000000090d00000| Untracked 
| 270|0x0000000090e00000, 0x0000000090f00000, 0x0000000090f00000|100%| O|  |TAMS 0x0000000090f00000, 0x0000000090e00000| Untracked 
| 271|0x0000000090f00000, 0x0000000091000000, 0x0000000091000000|100%| O|  |TAMS 0x0000000091000000, 0x0000000090f00000| Untracked 
| 272|0x0000000091000000, 0x0000000091100000, 0x0000000091100000|100%| O|  |TAMS 0x0000000091100000, 0x0000000091000000| Untracked 
| 273|0x0000000091100000, 0x0000000091100000, 0x0000000091200000|  0%| F|  |TAMS 0x0000000091100000, 0x0000000091100000| Untracked 
| 274|0x0000000091200000, 0x0000000091300000, 0x0000000091300000|100%| O|  |TAMS 0x0000000091300000, 0x0000000091200000| Untracked 
| 275|0x0000000091300000, 0x0000000091400000, 0x0000000091400000|100%| O|  |TAMS 0x0000000091400000, 0x0000000091300000| Untracked 
| 276|0x0000000091400000, 0x0000000091500000, 0x0000000091500000|100%| O|  |TAMS 0x0000000091500000, 0x0000000091400000| Untracked 
| 277|0x0000000091500000, 0x0000000091600000, 0x0000000091600000|100%| O|  |TAMS 0x0000000091600000, 0x0000000091500000| Untracked 
| 278|0x0000000091600000, 0x0000000091700000, 0x0000000091700000|100%| O|  |TAMS 0x0000000091700000, 0x0000000091600000| Untracked 
| 279|0x0000000091700000, 0x0000000091800000, 0x0000000091800000|100%| O|  |TAMS 0x0000000091800000, 0x0000000091700000| Untracked 
| 280|0x0000000091800000, 0x0000000091900000, 0x0000000091900000|100%| O|  |TAMS 0x0000000091900000, 0x0000000091800000| Untracked 
| 281|0x0000000091900000, 0x0000000091a00000, 0x0000000091a00000|100%| O|  |TAMS 0x0000000091a00000, 0x0000000091900000| Untracked 
| 282|0x0000000091a00000, 0x0000000091b00000, 0x0000000091b00000|100%| O|  |TAMS 0x0000000091b00000, 0x0000000091a00000| Untracked 
| 283|0x0000000091b00000, 0x0000000091c00000, 0x0000000091c00000|100%| O|  |TAMS 0x0000000091c00000, 0x0000000091b00000| Untracked 
| 284|0x0000000091c00000, 0x0000000091d00000, 0x0000000091d00000|100%| O|  |TAMS 0x0000000091d00000, 0x0000000091c00000| Untracked 
| 285|0x0000000091d00000, 0x0000000091e00000, 0x0000000091e00000|100%| O|  |TAMS 0x0000000091e00000, 0x0000000091d00000| Untracked 
| 286|0x0000000091e00000, 0x0000000091f00000, 0x0000000091f00000|100%| O|  |TAMS 0x0000000091f00000, 0x0000000091e00000| Untracked 
| 287|0x0000000091f00000, 0x0000000092000000, 0x0000000092000000|100%| O|  |TAMS 0x0000000092000000, 0x0000000091f00000| Untracked 
| 288|0x0000000092000000, 0x0000000092000000, 0x0000000092100000|  0%| F|  |TAMS 0x0000000092000000, 0x0000000092000000| Untracked 
| 289|0x0000000092100000, 0x0000000092200000, 0x0000000092200000|100%| O|  |TAMS 0x0000000092200000, 0x0000000092100000| Untracked 
| 290|0x0000000092200000, 0x0000000092300000, 0x0000000092300000|100%| O|  |TAMS 0x0000000092300000, 0x0000000092200000| Untracked 
| 291|0x0000000092300000, 0x0000000092400000, 0x0000000092400000|100%| O|  |TAMS 0x0000000092400000, 0x0000000092300000| Untracked 
| 292|0x0000000092400000, 0x0000000092500000, 0x0000000092500000|100%| O|  |TAMS 0x0000000092500000, 0x0000000092400000| Untracked 
| 293|0x0000000092500000, 0x0000000092600000, 0x0000000092600000|100%| O|  |TAMS 0x0000000092600000, 0x0000000092500000| Untracked 
| 294|0x0000000092600000, 0x0000000092700000, 0x0000000092700000|100%| O|  |TAMS 0x0000000092700000, 0x0000000092600000| Untracked 
| 295|0x0000000092700000, 0x0000000092800000, 0x0000000092800000|100%| O|  |TAMS 0x0000000092800000, 0x0000000092700000| Untracked 
| 296|0x0000000092800000, 0x0000000092900000, 0x0000000092900000|100%| O|  |TAMS 0x0000000092900000, 0x0000000092800000| Untracked 
| 297|0x0000000092900000, 0x0000000092900000, 0x0000000092a00000|  0%| F|  |TAMS 0x0000000092900000, 0x0000000092900000| Untracked 
| 298|0x0000000092a00000, 0x0000000092b00000, 0x0000000092b00000|100%| O|  |TAMS 0x0000000092b00000, 0x0000000092a00000| Untracked 
| 299|0x0000000092b00000, 0x0000000092c00000, 0x0000000092c00000|100%| O|  |TAMS 0x0000000092b00000, 0x0000000092b00000| Untracked 
| 300|0x0000000092c00000, 0x0000000092d00000, 0x0000000092d00000|100%| O|  |TAMS 0x0000000092d00000, 0x0000000092c00000| Untracked 
| 301|0x0000000092d00000, 0x0000000092e00000, 0x0000000092e00000|100%| O|  |TAMS 0x0000000092e00000, 0x0000000092d00000| Untracked 
| 302|0x0000000092e00000, 0x0000000092f00000, 0x0000000092f00000|100%| O|  |TAMS 0x0000000092f00000, 0x0000000092e00000| Untracked 
| 303|0x0000000092f00000, 0x0000000093000000, 0x0000000093000000|100%| O|  |TAMS 0x0000000093000000, 0x0000000092f00000| Untracked 
| 304|0x0000000093000000, 0x0000000093100000, 0x0000000093100000|100%| O|  |TAMS 0x0000000093100000, 0x0000000093000000| Untracked 
| 305|0x0000000093100000, 0x0000000093200000, 0x0000000093200000|100%| O|  |TAMS 0x0000000093200000, 0x0000000093100000| Untracked 
| 306|0x0000000093200000, 0x0000000093300000, 0x0000000093300000|100%| O|  |TAMS 0x0000000093300000, 0x0000000093200000| Untracked 
| 307|0x0000000093300000, 0x0000000093400000, 0x0000000093400000|100%| O|  |TAMS 0x0000000093400000, 0x0000000093300000| Untracked 
| 308|0x0000000093400000, 0x0000000093500000, 0x0000000093500000|100%| O|  |TAMS 0x0000000093500000, 0x0000000093400000| Untracked 
| 309|0x0000000093500000, 0x0000000093600000, 0x0000000093600000|100%| O|  |TAMS 0x0000000093600000, 0x0000000093500000| Untracked 
| 310|0x0000000093600000, 0x0000000093700000, 0x0000000093700000|100%| O|  |TAMS 0x0000000093700000, 0x0000000093600000| Untracked 
| 311|0x0000000093700000, 0x0000000093800000, 0x0000000093800000|100%| O|  |TAMS 0x0000000093800000, 0x0000000093700000| Untracked 
| 312|0x0000000093800000, 0x0000000093900000, 0x0000000093900000|100%| O|  |TAMS 0x0000000093900000, 0x0000000093800000| Untracked 
| 313|0x0000000093900000, 0x0000000093a00000, 0x0000000093a00000|100%| O|  |TAMS 0x0000000093a00000, 0x0000000093900000| Untracked 
| 314|0x0000000093a00000, 0x0000000093b00000, 0x0000000093b00000|100%| O|  |TAMS 0x0000000093b00000, 0x0000000093a00000| Untracked 
| 315|0x0000000093b00000, 0x0000000093c00000, 0x0000000093c00000|100%| O|  |TAMS 0x0000000093c00000, 0x0000000093b00000| Untracked 
| 316|0x0000000093c00000, 0x0000000093d00000, 0x0000000093d00000|100%| O|  |TAMS 0x0000000093d00000, 0x0000000093c00000| Untracked 
| 317|0x0000000093d00000, 0x0000000093e00000, 0x0000000093e00000|100%| O|  |TAMS 0x0000000093e00000, 0x0000000093d00000| Untracked 
| 318|0x0000000093e00000, 0x0000000093f00000, 0x0000000093f00000|100%|HS|  |TAMS 0x0000000093f00000, 0x0000000093e00000| Complete 
| 319|0x0000000093f00000, 0x0000000094000000, 0x0000000094000000|100%|HC|  |TAMS 0x0000000094000000, 0x0000000093f00000| Complete 
| 320|0x0000000094000000, 0x0000000094100000, 0x0000000094100000|100%|HC|  |TAMS 0x0000000094100000, 0x0000000094000000| Complete 
| 321|0x0000000094100000, 0x0000000094200000, 0x0000000094200000|100%| O|  |TAMS 0x0000000094171c00, 0x0000000094100000| Untracked 
| 322|0x0000000094200000, 0x0000000094300000, 0x0000000094300000|100%| O|  |TAMS 0x0000000094200000, 0x0000000094200000| Untracked 
| 323|0x0000000094300000, 0x0000000094400000, 0x0000000094400000|100%| O|  |TAMS 0x0000000094300000, 0x0000000094300000| Untracked 
| 324|0x0000000094400000, 0x0000000094500000, 0x0000000094500000|100%| O|  |TAMS 0x0000000094400000, 0x0000000094400000| Untracked 
| 325|0x0000000094500000, 0x0000000094600000, 0x0000000094600000|100%| O|  |TAMS 0x0000000094500000, 0x0000000094500000| Untracked 
| 326|0x0000000094600000, 0x0000000094600000, 0x0000000094700000|  0%| F|  |TAMS 0x0000000094600000, 0x0000000094600000| Untracked 
| 327|0x0000000094700000, 0x0000000094700000, 0x0000000094800000|  0%| F|  |TAMS 0x0000000094700000, 0x0000000094700000| Untracked 
| 328|0x0000000094800000, 0x0000000094800000, 0x0000000094900000|  0%| F|  |TAMS 0x0000000094800000, 0x0000000094800000| Untracked 
| 329|0x0000000094900000, 0x0000000094900000, 0x0000000094a00000|  0%| F|  |TAMS 0x0000000094900000, 0x0000000094900000| Untracked 
| 330|0x0000000094a00000, 0x0000000094a00000, 0x0000000094b00000|  0%| F|  |TAMS 0x0000000094a00000, 0x0000000094a00000| Untracked 
| 331|0x0000000094b00000, 0x0000000094b00000, 0x0000000094c00000|  0%| F|  |TAMS 0x0000000094b00000, 0x0000000094b00000| Untracked 
| 332|0x0000000094c00000, 0x0000000094c00000, 0x0000000094d00000|  0%| F|  |TAMS 0x0000000094c00000, 0x0000000094c00000| Untracked 
| 333|0x0000000094d00000, 0x0000000094d00000, 0x0000000094e00000|  0%| F|  |TAMS 0x0000000094d00000, 0x0000000094d00000| Untracked 
| 334|0x0000000094e00000, 0x0000000094e00000, 0x0000000094f00000|  0%| F|  |TAMS 0x0000000094e00000, 0x0000000094e00000| Untracked 
| 335|0x0000000094f00000, 0x0000000094f00000, 0x0000000095000000|  0%| F|  |TAMS 0x0000000094f00000, 0x0000000094f00000| Untracked 
| 336|0x0000000095000000, 0x0000000095000000, 0x0000000095100000|  0%| F|  |TAMS 0x0000000095000000, 0x0000000095000000| Untracked 
| 337|0x0000000095100000, 0x0000000095100000, 0x0000000095200000|  0%| F|  |TAMS 0x0000000095100000, 0x0000000095100000| Untracked 
| 338|0x0000000095200000, 0x0000000095200000, 0x0000000095300000|  0%| F|  |TAMS 0x0000000095200000, 0x0000000095200000| Untracked 
| 339|0x0000000095300000, 0x0000000095300000, 0x0000000095400000|  0%| F|  |TAMS 0x0000000095300000, 0x0000000095300000| Untracked 
| 340|0x0000000095400000, 0x0000000095400000, 0x0000000095500000|  0%| F|  |TAMS 0x0000000095400000, 0x0000000095400000| Untracked 
| 341|0x0000000095500000, 0x0000000095500000, 0x0000000095600000|  0%| F|  |TAMS 0x0000000095500000, 0x0000000095500000| Untracked 
| 342|0x0000000095600000, 0x0000000095600000, 0x0000000095700000|  0%| F|  |TAMS 0x0000000095600000, 0x0000000095600000| Untracked 
| 343|0x0000000095700000, 0x0000000095700000, 0x0000000095800000|  0%| F|  |TAMS 0x0000000095700000, 0x0000000095700000| Untracked 
| 344|0x0000000095800000, 0x0000000095800000, 0x0000000095900000|  0%| F|  |TAMS 0x0000000095800000, 0x0000000095800000| Untracked 
| 345|0x0000000095900000, 0x0000000095900000, 0x0000000095a00000|  0%| F|  |TAMS 0x0000000095900000, 0x0000000095900000| Untracked 
| 346|0x0000000095a00000, 0x0000000095a00000, 0x0000000095b00000|  0%| F|  |TAMS 0x0000000095a00000, 0x0000000095a00000| Untracked 
| 347|0x0000000095b00000, 0x0000000095b00000, 0x0000000095c00000|  0%| F|  |TAMS 0x0000000095b00000, 0x0000000095b00000| Untracked 
| 348|0x0000000095c00000, 0x0000000095c00000, 0x0000000095d00000|  0%| F|  |TAMS 0x0000000095c00000, 0x0000000095c00000| Untracked 
| 349|0x0000000095d00000, 0x0000000095d00000, 0x0000000095e00000|  0%| F|  |TAMS 0x0000000095d00000, 0x0000000095d00000| Untracked 
| 350|0x0000000095e00000, 0x0000000095e00000, 0x0000000095f00000|  0%| F|  |TAMS 0x0000000095e00000, 0x0000000095e00000| Untracked 
| 351|0x0000000095f00000, 0x0000000095f00000, 0x0000000096000000|  0%| F|  |TAMS 0x0000000095f00000, 0x0000000095f00000| Untracked 
| 352|0x0000000096000000, 0x0000000096000000, 0x0000000096100000|  0%| F|  |TAMS 0x0000000096000000, 0x0000000096000000| Untracked 
| 353|0x0000000096100000, 0x0000000096100000, 0x0000000096200000|  0%| F|  |TAMS 0x0000000096100000, 0x0000000096100000| Untracked 
| 354|0x0000000096200000, 0x0000000096200000, 0x0000000096300000|  0%| F|  |TAMS 0x0000000096200000, 0x0000000096200000| Untracked 
| 355|0x0000000096300000, 0x0000000096300000, 0x0000000096400000|  0%| F|  |TAMS 0x0000000096300000, 0x0000000096300000| Untracked 
| 356|0x0000000096400000, 0x0000000096400000, 0x0000000096500000|  0%| F|  |TAMS 0x0000000096400000, 0x0000000096400000| Untracked 
| 357|0x0000000096500000, 0x0000000096500000, 0x0000000096600000|  0%| F|  |TAMS 0x0000000096500000, 0x0000000096500000| Untracked 
| 358|0x0000000096600000, 0x0000000096600000, 0x0000000096700000|  0%| F|  |TAMS 0x0000000096600000, 0x0000000096600000| Untracked 
| 359|0x0000000096700000, 0x0000000096700000, 0x0000000096800000|  0%| F|  |TAMS 0x0000000096700000, 0x0000000096700000| Untracked 
| 360|0x0000000096800000, 0x0000000096800000, 0x0000000096900000|  0%| F|  |TAMS 0x0000000096800000, 0x0000000096800000| Untracked 
| 361|0x0000000096900000, 0x0000000096900000, 0x0000000096a00000|  0%| F|  |TAMS 0x0000000096900000, 0x0000000096900000| Untracked 
| 362|0x0000000096a00000, 0x0000000096a00000, 0x0000000096b00000|  0%| F|  |TAMS 0x0000000096a00000, 0x0000000096a00000| Untracked 
| 363|0x0000000096b00000, 0x0000000096b00000, 0x0000000096c00000|  0%| F|  |TAMS 0x0000000096b00000, 0x0000000096b00000| Untracked 
| 364|0x0000000096c00000, 0x0000000096c00000, 0x0000000096d00000|  0%| F|  |TAMS 0x0000000096c00000, 0x0000000096c00000| Untracked 
| 365|0x0000000096d00000, 0x0000000096d00000, 0x0000000096e00000|  0%| F|  |TAMS 0x0000000096d00000, 0x0000000096d00000| Untracked 
| 366|0x0000000096e00000, 0x0000000096e00000, 0x0000000096f00000|  0%| F|  |TAMS 0x0000000096e00000, 0x0000000096e00000| Untracked 
| 367|0x0000000096f00000, 0x0000000096f00000, 0x0000000097000000|  0%| F|  |TAMS 0x0000000096f00000, 0x0000000096f00000| Untracked 
| 368|0x0000000097000000, 0x0000000097000000, 0x0000000097100000|  0%| F|  |TAMS 0x0000000097000000, 0x0000000097000000| Untracked 
| 369|0x0000000097100000, 0x0000000097100000, 0x0000000097200000|  0%| F|  |TAMS 0x0000000097100000, 0x0000000097100000| Untracked 
| 370|0x0000000097200000, 0x0000000097200000, 0x0000000097300000|  0%| F|  |TAMS 0x0000000097200000, 0x0000000097200000| Untracked 
| 371|0x0000000097300000, 0x0000000097300000, 0x0000000097400000|  0%| F|  |TAMS 0x0000000097300000, 0x0000000097300000| Untracked 
| 372|0x0000000097400000, 0x0000000097400000, 0x0000000097500000|  0%| F|  |TAMS 0x0000000097400000, 0x0000000097400000| Untracked 
| 373|0x0000000097500000, 0x0000000097500000, 0x0000000097600000|  0%| F|  |TAMS 0x0000000097500000, 0x0000000097500000| Untracked 
| 374|0x0000000097600000, 0x0000000097600000, 0x0000000097700000|  0%| F|  |TAMS 0x0000000097600000, 0x0000000097600000| Untracked 
| 375|0x0000000097700000, 0x0000000097700000, 0x0000000097800000|  0%| F|  |TAMS 0x0000000097700000, 0x0000000097700000| Untracked 
| 376|0x0000000097800000, 0x0000000097800000, 0x0000000097900000|  0%| F|  |TAMS 0x0000000097800000, 0x0000000097800000| Untracked 
| 377|0x0000000097900000, 0x0000000097900000, 0x0000000097a00000|  0%| F|  |TAMS 0x0000000097900000, 0x0000000097900000| Untracked 
| 378|0x0000000097a00000, 0x0000000097a00000, 0x0000000097b00000|  0%| F|  |TAMS 0x0000000097a00000, 0x0000000097a00000| Untracked 
| 379|0x0000000097b00000, 0x0000000097b00000, 0x0000000097c00000|  0%| F|  |TAMS 0x0000000097b00000, 0x0000000097b00000| Untracked 
| 380|0x0000000097c00000, 0x0000000097c00000, 0x0000000097d00000|  0%| F|  |TAMS 0x0000000097c00000, 0x0000000097c00000| Untracked 
| 381|0x0000000097d00000, 0x0000000097d00000, 0x0000000097e00000|  0%| F|  |TAMS 0x0000000097d00000, 0x0000000097d00000| Untracked 
| 382|0x0000000097e00000, 0x0000000097e00000, 0x0000000097f00000|  0%| F|  |TAMS 0x0000000097e00000, 0x0000000097e00000| Untracked 
| 383|0x0000000097f00000, 0x0000000097f00000, 0x0000000098000000|  0%| F|  |TAMS 0x0000000097f00000, 0x0000000097f00000| Untracked 
| 384|0x0000000098000000, 0x0000000098000000, 0x0000000098100000|  0%| F|  |TAMS 0x0000000098000000, 0x0000000098000000| Untracked 
| 385|0x0000000098100000, 0x0000000098100000, 0x0000000098200000|  0%| F|  |TAMS 0x0000000098100000, 0x0000000098100000| Untracked 
| 386|0x0000000098200000, 0x0000000098200000, 0x0000000098300000|  0%| F|  |TAMS 0x0000000098200000, 0x0000000098200000| Untracked 
| 387|0x0000000098300000, 0x0000000098300000, 0x0000000098400000|  0%| F|  |TAMS 0x0000000098300000, 0x0000000098300000| Untracked 
| 388|0x0000000098400000, 0x0000000098400000, 0x0000000098500000|  0%| F|  |TAMS 0x0000000098400000, 0x0000000098400000| Untracked 
| 389|0x0000000098500000, 0x0000000098500000, 0x0000000098600000|  0%| F|  |TAMS 0x0000000098500000, 0x0000000098500000| Untracked 
| 390|0x0000000098600000, 0x0000000098600000, 0x0000000098700000|  0%| F|  |TAMS 0x0000000098600000, 0x0000000098600000| Untracked 
| 391|0x0000000098700000, 0x0000000098700000, 0x0000000098800000|  0%| F|  |TAMS 0x0000000098700000, 0x0000000098700000| Untracked 
| 392|0x0000000098800000, 0x0000000098800000, 0x0000000098900000|  0%| F|  |TAMS 0x0000000098800000, 0x0000000098800000| Untracked 
| 393|0x0000000098900000, 0x0000000098900000, 0x0000000098a00000|  0%| F|  |TAMS 0x0000000098900000, 0x0000000098900000| Untracked 
| 394|0x0000000098a00000, 0x0000000098a00000, 0x0000000098b00000|  0%| F|  |TAMS 0x0000000098a00000, 0x0000000098a00000| Untracked 
| 395|0x0000000098b00000, 0x0000000098b00000, 0x0000000098c00000|  0%| F|  |TAMS 0x0000000098b00000, 0x0000000098b00000| Untracked 
| 396|0x0000000098c00000, 0x0000000098c00000, 0x0000000098d00000|  0%| F|  |TAMS 0x0000000098c00000, 0x0000000098c00000| Untracked 
| 397|0x0000000098d00000, 0x0000000098d00000, 0x0000000098e00000|  0%| F|  |TAMS 0x0000000098d00000, 0x0000000098d00000| Untracked 
| 398|0x0000000098e00000, 0x0000000098e00000, 0x0000000098f00000|  0%| F|  |TAMS 0x0000000098e00000, 0x0000000098e00000| Untracked 
| 399|0x0000000098f00000, 0x0000000098f00000, 0x0000000099000000|  0%| F|  |TAMS 0x0000000098f00000, 0x0000000098f00000| Untracked 
| 400|0x0000000099000000, 0x0000000099000000, 0x0000000099100000|  0%| F|  |TAMS 0x0000000099000000, 0x0000000099000000| Untracked 
| 401|0x0000000099100000, 0x0000000099100000, 0x0000000099200000|  0%| F|  |TAMS 0x0000000099100000, 0x0000000099100000| Untracked 
| 402|0x0000000099200000, 0x0000000099200000, 0x0000000099300000|  0%| F|  |TAMS 0x0000000099200000, 0x0000000099200000| Untracked 
| 403|0x0000000099300000, 0x0000000099300000, 0x0000000099400000|  0%| F|  |TAMS 0x0000000099300000, 0x0000000099300000| Untracked 
| 404|0x0000000099400000, 0x0000000099400000, 0x0000000099500000|  0%| F|  |TAMS 0x0000000099400000, 0x0000000099400000| Untracked 
| 405|0x0000000099500000, 0x0000000099500000, 0x0000000099600000|  0%| F|  |TAMS 0x0000000099500000, 0x0000000099500000| Untracked 
| 406|0x0000000099600000, 0x0000000099600000, 0x0000000099700000|  0%| F|  |TAMS 0x0000000099600000, 0x0000000099600000| Untracked 
| 407|0x0000000099700000, 0x0000000099700000, 0x0000000099800000|  0%| F|  |TAMS 0x0000000099700000, 0x0000000099700000| Untracked 
| 408|0x0000000099800000, 0x0000000099800000, 0x0000000099900000|  0%| F|  |TAMS 0x0000000099800000, 0x0000000099800000| Untracked 
| 409|0x0000000099900000, 0x0000000099900000, 0x0000000099a00000|  0%| F|  |TAMS 0x0000000099900000, 0x0000000099900000| Untracked 
| 410|0x0000000099a00000, 0x0000000099a00000, 0x0000000099b00000|  0%| F|  |TAMS 0x0000000099a00000, 0x0000000099a00000| Untracked 
| 411|0x0000000099b00000, 0x0000000099b00000, 0x0000000099c00000|  0%| F|  |TAMS 0x0000000099b00000, 0x0000000099b00000| Untracked 
| 412|0x0000000099c00000, 0x0000000099c00000, 0x0000000099d00000|  0%| F|  |TAMS 0x0000000099c00000, 0x0000000099c00000| Untracked 
| 413|0x0000000099d00000, 0x0000000099d00000, 0x0000000099e00000|  0%| F|  |TAMS 0x0000000099d00000, 0x0000000099d00000| Untracked 
| 414|0x0000000099e00000, 0x0000000099e00000, 0x0000000099f00000|  0%| F|  |TAMS 0x0000000099e00000, 0x0000000099e00000| Untracked 
| 415|0x0000000099f00000, 0x0000000099f00000, 0x000000009a000000|  0%| F|  |TAMS 0x0000000099f00000, 0x0000000099f00000| Untracked 
| 416|0x000000009a000000, 0x000000009a000000, 0x000000009a100000|  0%| F|  |TAMS 0x000000009a000000, 0x000000009a000000| Untracked 
| 417|0x000000009a100000, 0x000000009a100000, 0x000000009a200000|  0%| F|  |TAMS 0x000000009a100000, 0x000000009a100000| Untracked 
| 418|0x000000009a200000, 0x000000009a200000, 0x000000009a300000|  0%| F|  |TAMS 0x000000009a200000, 0x000000009a200000| Untracked 
| 419|0x000000009a300000, 0x000000009a300000, 0x000000009a400000|  0%| F|  |TAMS 0x000000009a300000, 0x000000009a300000| Untracked 
| 420|0x000000009a400000, 0x000000009a400000, 0x000000009a500000|  0%| F|  |TAMS 0x000000009a400000, 0x000000009a400000| Untracked 
| 421|0x000000009a500000, 0x000000009a500000, 0x000000009a600000|  0%| F|  |TAMS 0x000000009a500000, 0x000000009a500000| Untracked 
| 422|0x000000009a600000, 0x000000009a600000, 0x000000009a700000|  0%| F|  |TAMS 0x000000009a600000, 0x000000009a600000| Untracked 
| 423|0x000000009a700000, 0x000000009a700000, 0x000000009a800000|  0%| F|  |TAMS 0x000000009a700000, 0x000000009a700000| Untracked 
| 424|0x000000009a800000, 0x000000009a800000, 0x000000009a900000|  0%| F|  |TAMS 0x000000009a800000, 0x000000009a800000| Untracked 
| 425|0x000000009a900000, 0x000000009a900000, 0x000000009aa00000|  0%| F|  |TAMS 0x000000009a900000, 0x000000009a900000| Untracked 
| 426|0x000000009aa00000, 0x000000009aa00000, 0x000000009ab00000|  0%| F|  |TAMS 0x000000009aa00000, 0x000000009aa00000| Untracked 
| 427|0x000000009ab00000, 0x000000009ab00000, 0x000000009ac00000|  0%| F|  |TAMS 0x000000009ab00000, 0x000000009ab00000| Untracked 
| 428|0x000000009ac00000, 0x000000009ac00000, 0x000000009ad00000|  0%| F|  |TAMS 0x000000009ac00000, 0x000000009ac00000| Untracked 
| 429|0x000000009ad00000, 0x000000009ad00000, 0x000000009ae00000|  0%| F|  |TAMS 0x000000009ad00000, 0x000000009ad00000| Untracked 
| 430|0x000000009ae00000, 0x000000009ae00000, 0x000000009af00000|  0%| F|  |TAMS 0x000000009ae00000, 0x000000009ae00000| Untracked 
| 431|0x000000009af00000, 0x000000009af00000, 0x000000009b000000|  0%| F|  |TAMS 0x000000009af00000, 0x000000009af00000| Untracked 
| 432|0x000000009b000000, 0x000000009b000000, 0x000000009b100000|  0%| F|  |TAMS 0x000000009b000000, 0x000000009b000000| Untracked 
| 433|0x000000009b100000, 0x000000009b100000, 0x000000009b200000|  0%| F|  |TAMS 0x000000009b100000, 0x000000009b100000| Untracked 
| 434|0x000000009b200000, 0x000000009b200000, 0x000000009b300000|  0%| F|  |TAMS 0x000000009b200000, 0x000000009b200000| Untracked 
| 435|0x000000009b300000, 0x000000009b300000, 0x000000009b400000|  0%| F|  |TAMS 0x000000009b300000, 0x000000009b300000| Untracked 
| 436|0x000000009b400000, 0x000000009b400000, 0x000000009b500000|  0%| F|  |TAMS 0x000000009b400000, 0x000000009b400000| Untracked 
| 437|0x000000009b500000, 0x000000009b500000, 0x000000009b600000|  0%| F|  |TAMS 0x000000009b500000, 0x000000009b500000| Untracked 
| 438|0x000000009b600000, 0x000000009b600000, 0x000000009b700000|  0%| F|  |TAMS 0x000000009b600000, 0x000000009b600000| Untracked 
| 439|0x000000009b700000, 0x000000009b700000, 0x000000009b800000|  0%| F|  |TAMS 0x000000009b700000, 0x000000009b700000| Untracked 
| 440|0x000000009b800000, 0x000000009b800000, 0x000000009b900000|  0%| F|  |TAMS 0x000000009b800000, 0x000000009b800000| Untracked 
| 441|0x000000009b900000, 0x000000009b900000, 0x000000009ba00000|  0%| F|  |TAMS 0x000000009b900000, 0x000000009b900000| Untracked 
| 442|0x000000009ba00000, 0x000000009ba00000, 0x000000009bb00000|  0%| F|  |TAMS 0x000000009ba00000, 0x000000009ba00000| Untracked 
| 443|0x000000009bb00000, 0x000000009bb00000, 0x000000009bc00000|  0%| F|  |TAMS 0x000000009bb00000, 0x000000009bb00000| Untracked 
| 444|0x000000009bc00000, 0x000000009bc00000, 0x000000009bd00000|  0%| F|  |TAMS 0x000000009bc00000, 0x000000009bc00000| Untracked 
| 445|0x000000009bd00000, 0x000000009bd00000, 0x000000009be00000|  0%| F|  |TAMS 0x000000009bd00000, 0x000000009bd00000| Untracked 
| 446|0x000000009be00000, 0x000000009be00000, 0x000000009bf00000|  0%| F|  |TAMS 0x000000009be00000, 0x000000009be00000| Untracked 
| 447|0x000000009bf00000, 0x000000009bf00000, 0x000000009c000000|  0%| F|  |TAMS 0x000000009bf00000, 0x000000009bf00000| Untracked 
| 448|0x000000009c000000, 0x000000009c000000, 0x000000009c100000|  0%| F|  |TAMS 0x000000009c000000, 0x000000009c000000| Untracked 
| 449|0x000000009c100000, 0x000000009c100000, 0x000000009c200000|  0%| F|  |TAMS 0x000000009c100000, 0x000000009c100000| Untracked 
| 450|0x000000009c200000, 0x000000009c200000, 0x000000009c300000|  0%| F|  |TAMS 0x000000009c200000, 0x000000009c200000| Untracked 
| 451|0x000000009c300000, 0x000000009c300000, 0x000000009c400000|  0%| F|  |TAMS 0x000000009c300000, 0x000000009c300000| Untracked 
| 452|0x000000009c400000, 0x000000009c400000, 0x000000009c500000|  0%| F|  |TAMS 0x000000009c400000, 0x000000009c400000| Untracked 
| 453|0x000000009c500000, 0x000000009c500000, 0x000000009c600000|  0%| F|  |TAMS 0x000000009c500000, 0x000000009c500000| Untracked 
| 454|0x000000009c600000, 0x000000009c600000, 0x000000009c700000|  0%| F|  |TAMS 0x000000009c600000, 0x000000009c600000| Untracked 
| 455|0x000000009c700000, 0x000000009c700000, 0x000000009c800000|  0%| F|  |TAMS 0x000000009c700000, 0x000000009c700000| Untracked 
| 456|0x000000009c800000, 0x000000009c800000, 0x000000009c900000|  0%| F|  |TAMS 0x000000009c800000, 0x000000009c800000| Untracked 
| 457|0x000000009c900000, 0x000000009c900000, 0x000000009ca00000|  0%| F|  |TAMS 0x000000009c900000, 0x000000009c900000| Untracked 
| 458|0x000000009ca00000, 0x000000009ca00000, 0x000000009cb00000|  0%| F|  |TAMS 0x000000009ca00000, 0x000000009ca00000| Untracked 
| 459|0x000000009cb00000, 0x000000009cb00000, 0x000000009cc00000|  0%| F|  |TAMS 0x000000009cb00000, 0x000000009cb00000| Untracked 
| 460|0x000000009cc00000, 0x000000009cc00000, 0x000000009cd00000|  0%| F|  |TAMS 0x000000009cc00000, 0x000000009cc00000| Untracked 
| 461|0x000000009cd00000, 0x000000009cd00000, 0x000000009ce00000|  0%| F|  |TAMS 0x000000009cd00000, 0x000000009cd00000| Untracked 
| 462|0x000000009ce00000, 0x000000009ce00000, 0x000000009cf00000|  0%| F|  |TAMS 0x000000009ce00000, 0x000000009ce00000| Untracked 
| 463|0x000000009cf00000, 0x000000009cf00000, 0x000000009d000000|  0%| F|  |TAMS 0x000000009cf00000, 0x000000009cf00000| Untracked 
| 464|0x000000009d000000, 0x000000009d000000, 0x000000009d100000|  0%| F|  |TAMS 0x000000009d000000, 0x000000009d000000| Untracked 
| 465|0x000000009d100000, 0x000000009d100000, 0x000000009d200000|  0%| F|  |TAMS 0x000000009d100000, 0x000000009d100000| Untracked 
| 466|0x000000009d200000, 0x000000009d200000, 0x000000009d300000|  0%| F|  |TAMS 0x000000009d200000, 0x000000009d200000| Untracked 
| 467|0x000000009d300000, 0x000000009d300000, 0x000000009d400000|  0%| F|  |TAMS 0x000000009d300000, 0x000000009d300000| Untracked 
| 468|0x000000009d400000, 0x000000009d400000, 0x000000009d500000|  0%| F|  |TAMS 0x000000009d400000, 0x000000009d400000| Untracked 
| 469|0x000000009d500000, 0x000000009d500000, 0x000000009d600000|  0%| F|  |TAMS 0x000000009d500000, 0x000000009d500000| Untracked 
| 470|0x000000009d600000, 0x000000009d600000, 0x000000009d700000|  0%| F|  |TAMS 0x000000009d600000, 0x000000009d600000| Untracked 
| 471|0x000000009d700000, 0x000000009d700000, 0x000000009d800000|  0%| F|  |TAMS 0x000000009d700000, 0x000000009d700000| Untracked 
| 472|0x000000009d800000, 0x000000009d800000, 0x000000009d900000|  0%| F|  |TAMS 0x000000009d800000, 0x000000009d800000| Untracked 
| 473|0x000000009d900000, 0x000000009d900000, 0x000000009da00000|  0%| F|  |TAMS 0x000000009d900000, 0x000000009d900000| Untracked 
| 474|0x000000009da00000, 0x000000009da00000, 0x000000009db00000|  0%| F|  |TAMS 0x000000009da00000, 0x000000009da00000| Untracked 
| 475|0x000000009db00000, 0x000000009db00000, 0x000000009dc00000|  0%| F|  |TAMS 0x000000009db00000, 0x000000009db00000| Untracked 
| 476|0x000000009dc00000, 0x000000009dc00000, 0x000000009dd00000|  0%| F|  |TAMS 0x000000009dc00000, 0x000000009dc00000| Untracked 
| 477|0x000000009dd00000, 0x000000009dd00000, 0x000000009de00000|  0%| F|  |TAMS 0x000000009dd00000, 0x000000009dd00000| Untracked 
| 478|0x000000009de00000, 0x000000009de00000, 0x000000009df00000|  0%| F|  |TAMS 0x000000009de00000, 0x000000009de00000| Untracked 
| 479|0x000000009df00000, 0x000000009df00000, 0x000000009e000000|  0%| F|  |TAMS 0x000000009df00000, 0x000000009df00000| Untracked 
| 480|0x000000009e000000, 0x000000009e000000, 0x000000009e100000|  0%| F|  |TAMS 0x000000009e000000, 0x000000009e000000| Untracked 
| 481|0x000000009e100000, 0x000000009e100000, 0x000000009e200000|  0%| F|  |TAMS 0x000000009e100000, 0x000000009e100000| Untracked 
| 482|0x000000009e200000, 0x000000009e200000, 0x000000009e300000|  0%| F|  |TAMS 0x000000009e200000, 0x000000009e200000| Untracked 
| 483|0x000000009e300000, 0x000000009e300000, 0x000000009e400000|  0%| F|  |TAMS 0x000000009e300000, 0x000000009e300000| Untracked 
| 484|0x000000009e400000, 0x000000009e400000, 0x000000009e500000|  0%| F|  |TAMS 0x000000009e400000, 0x000000009e400000| Untracked 
| 485|0x000000009e500000, 0x000000009e500000, 0x000000009e600000|  0%| F|  |TAMS 0x000000009e500000, 0x000000009e500000| Untracked 
| 486|0x000000009e600000, 0x000000009e600000, 0x000000009e700000|  0%| F|  |TAMS 0x000000009e600000, 0x000000009e600000| Untracked 
| 487|0x000000009e700000, 0x000000009e700000, 0x000000009e800000|  0%| F|  |TAMS 0x000000009e700000, 0x000000009e700000| Untracked 
| 488|0x000000009e800000, 0x000000009e800000, 0x000000009e900000|  0%| F|  |TAMS 0x000000009e800000, 0x000000009e800000| Untracked 
| 489|0x000000009e900000, 0x000000009e900000, 0x000000009ea00000|  0%| F|  |TAMS 0x000000009e900000, 0x000000009e900000| Untracked 
| 490|0x000000009ea00000, 0x000000009ea00000, 0x000000009eb00000|  0%| F|  |TAMS 0x000000009ea00000, 0x000000009ea00000| Untracked 
| 491|0x000000009eb00000, 0x000000009eb00000, 0x000000009ec00000|  0%| F|  |TAMS 0x000000009eb00000, 0x000000009eb00000| Untracked 
| 492|0x000000009ec00000, 0x000000009ec00000, 0x000000009ed00000|  0%| F|  |TAMS 0x000000009ec00000, 0x000000009ec00000| Untracked 
| 493|0x000000009ed00000, 0x000000009ed00000, 0x000000009ee00000|  0%| F|  |TAMS 0x000000009ed00000, 0x000000009ed00000| Untracked 
| 494|0x000000009ee00000, 0x000000009ee00000, 0x000000009ef00000|  0%| F|  |TAMS 0x000000009ee00000, 0x000000009ee00000| Untracked 
| 495|0x000000009ef00000, 0x000000009ef00000, 0x000000009f000000|  0%| F|  |TAMS 0x000000009ef00000, 0x000000009ef00000| Untracked 
| 496|0x000000009f000000, 0x000000009f000000, 0x000000009f100000|  0%| F|  |TAMS 0x000000009f000000, 0x000000009f000000| Untracked 
| 497|0x000000009f100000, 0x000000009f100000, 0x000000009f200000|  0%| F|  |TAMS 0x000000009f100000, 0x000000009f100000| Untracked 
| 498|0x000000009f200000, 0x000000009f200000, 0x000000009f300000|  0%| F|  |TAMS 0x000000009f200000, 0x000000009f200000| Untracked 
| 499|0x000000009f300000, 0x000000009f300000, 0x000000009f400000|  0%| F|  |TAMS 0x000000009f300000, 0x000000009f300000| Untracked 
| 500|0x000000009f400000, 0x000000009f400000, 0x000000009f500000|  0%| F|  |TAMS 0x000000009f400000, 0x000000009f400000| Untracked 
| 501|0x000000009f500000, 0x000000009f500000, 0x000000009f600000|  0%| F|  |TAMS 0x000000009f500000, 0x000000009f500000| Untracked 
| 502|0x000000009f600000, 0x000000009f600000, 0x000000009f700000|  0%| F|  |TAMS 0x000000009f600000, 0x000000009f600000| Untracked 
| 503|0x000000009f700000, 0x000000009f700000, 0x000000009f800000|  0%| F|  |TAMS 0x000000009f700000, 0x000000009f700000| Untracked 
| 504|0x000000009f800000, 0x000000009f800000, 0x000000009f900000|  0%| F|  |TAMS 0x000000009f800000, 0x000000009f800000| Untracked 
| 505|0x000000009f900000, 0x000000009f900000, 0x000000009fa00000|  0%| F|  |TAMS 0x000000009f900000, 0x000000009f900000| Untracked 
| 506|0x000000009fa00000, 0x000000009fa00000, 0x000000009fb00000|  0%| F|  |TAMS 0x000000009fa00000, 0x000000009fa00000| Untracked 
| 507|0x000000009fb00000, 0x000000009fb00000, 0x000000009fc00000|  0%| F|  |TAMS 0x000000009fb00000, 0x000000009fb00000| Untracked 
| 508|0x000000009fc00000, 0x000000009fc00000, 0x000000009fd00000|  0%| F|  |TAMS 0x000000009fc00000, 0x000000009fc00000| Untracked 
| 509|0x000000009fd00000, 0x000000009fd00000, 0x000000009fe00000|  0%| F|  |TAMS 0x000000009fd00000, 0x000000009fd00000| Untracked 
| 510|0x000000009fe00000, 0x000000009fe00000, 0x000000009ff00000|  0%| F|  |TAMS 0x000000009fe00000, 0x000000009fe00000| Untracked 
| 511|0x000000009ff00000, 0x000000009ff00000, 0x00000000a0000000|  0%| F|  |TAMS 0x000000009ff00000, 0x000000009ff00000| Untracked 
| 512|0x00000000a0000000, 0x00000000a0000000, 0x00000000a0100000|  0%| F|  |TAMS 0x00000000a0000000, 0x00000000a0000000| Untracked 
| 513|0x00000000a0100000, 0x00000000a0100000, 0x00000000a0200000|  0%| F|  |TAMS 0x00000000a0100000, 0x00000000a0100000| Untracked 
| 514|0x00000000a0200000, 0x00000000a0200000, 0x00000000a0300000|  0%| F|  |TAMS 0x00000000a0200000, 0x00000000a0200000| Untracked 
| 515|0x00000000a0300000, 0x00000000a0300000, 0x00000000a0400000|  0%| F|  |TAMS 0x00000000a0300000, 0x00000000a0300000| Untracked 
| 516|0x00000000a0400000, 0x00000000a0400000, 0x00000000a0500000|  0%| F|  |TAMS 0x00000000a0400000, 0x00000000a0400000| Untracked 
| 517|0x00000000a0500000, 0x00000000a0500000, 0x00000000a0600000|  0%| F|  |TAMS 0x00000000a0500000, 0x00000000a0500000| Untracked 
| 518|0x00000000a0600000, 0x00000000a0600000, 0x00000000a0700000|  0%| F|  |TAMS 0x00000000a0600000, 0x00000000a0600000| Untracked 
| 519|0x00000000a0700000, 0x00000000a0700000, 0x00000000a0800000|  0%| F|  |TAMS 0x00000000a0700000, 0x00000000a0700000| Untracked 
| 520|0x00000000a0800000, 0x00000000a0800000, 0x00000000a0900000|  0%| F|  |TAMS 0x00000000a0800000, 0x00000000a0800000| Untracked 
| 521|0x00000000a0900000, 0x00000000a0900000, 0x00000000a0a00000|  0%| F|  |TAMS 0x00000000a0900000, 0x00000000a0900000| Untracked 
| 522|0x00000000a0a00000, 0x00000000a0a00000, 0x00000000a0b00000|  0%| F|  |TAMS 0x00000000a0a00000, 0x00000000a0a00000| Untracked 
| 523|0x00000000a0b00000, 0x00000000a0b00000, 0x00000000a0c00000|  0%| F|  |TAMS 0x00000000a0b00000, 0x00000000a0b00000| Untracked 
| 524|0x00000000a0c00000, 0x00000000a0c00000, 0x00000000a0d00000|  0%| F|  |TAMS 0x00000000a0c00000, 0x00000000a0c00000| Untracked 
| 525|0x00000000a0d00000, 0x00000000a0d00000, 0x00000000a0e00000|  0%| F|  |TAMS 0x00000000a0d00000, 0x00000000a0d00000| Untracked 
| 526|0x00000000a0e00000, 0x00000000a0e00000, 0x00000000a0f00000|  0%| F|  |TAMS 0x00000000a0e00000, 0x00000000a0e00000| Untracked 
| 527|0x00000000a0f00000, 0x00000000a0f00000, 0x00000000a1000000|  0%| F|  |TAMS 0x00000000a0f00000, 0x00000000a0f00000| Untracked 
| 528|0x00000000a1000000, 0x00000000a1000000, 0x00000000a1100000|  0%| F|  |TAMS 0x00000000a1000000, 0x00000000a1000000| Untracked 
| 529|0x00000000a1100000, 0x00000000a1100000, 0x00000000a1200000|  0%| F|  |TAMS 0x00000000a1100000, 0x00000000a1100000| Untracked 
| 530|0x00000000a1200000, 0x00000000a1200000, 0x00000000a1300000|  0%| F|  |TAMS 0x00000000a1200000, 0x00000000a1200000| Untracked 
| 531|0x00000000a1300000, 0x00000000a1300000, 0x00000000a1400000|  0%| F|  |TAMS 0x00000000a1300000, 0x00000000a1300000| Untracked 
| 532|0x00000000a1400000, 0x00000000a1400000, 0x00000000a1500000|  0%| F|  |TAMS 0x00000000a1400000, 0x00000000a1400000| Untracked 
| 533|0x00000000a1500000, 0x00000000a1500000, 0x00000000a1600000|  0%| F|  |TAMS 0x00000000a1500000, 0x00000000a1500000| Untracked 
| 534|0x00000000a1600000, 0x00000000a1600000, 0x00000000a1700000|  0%| F|  |TAMS 0x00000000a1600000, 0x00000000a1600000| Untracked 
| 535|0x00000000a1700000, 0x00000000a1700000, 0x00000000a1800000|  0%| F|  |TAMS 0x00000000a1700000, 0x00000000a1700000| Untracked 
| 536|0x00000000a1800000, 0x00000000a1800000, 0x00000000a1900000|  0%| F|  |TAMS 0x00000000a1800000, 0x00000000a1800000| Untracked 
| 537|0x00000000a1900000, 0x00000000a1900000, 0x00000000a1a00000|  0%| F|  |TAMS 0x00000000a1900000, 0x00000000a1900000| Untracked 
| 538|0x00000000a1a00000, 0x00000000a1a00000, 0x00000000a1b00000|  0%| F|  |TAMS 0x00000000a1a00000, 0x00000000a1a00000| Untracked 
| 539|0x00000000a1b00000, 0x00000000a1b00000, 0x00000000a1c00000|  0%| F|  |TAMS 0x00000000a1b00000, 0x00000000a1b00000| Untracked 
| 540|0x00000000a1c00000, 0x00000000a1c00000, 0x00000000a1d00000|  0%| F|  |TAMS 0x00000000a1c00000, 0x00000000a1c00000| Untracked 
| 541|0x00000000a1d00000, 0x00000000a1d00000, 0x00000000a1e00000|  0%| F|  |TAMS 0x00000000a1d00000, 0x00000000a1d00000| Untracked 
| 542|0x00000000a1e00000, 0x00000000a1e00000, 0x00000000a1f00000|  0%| F|  |TAMS 0x00000000a1e00000, 0x00000000a1e00000| Untracked 
| 543|0x00000000a1f00000, 0x00000000a1f00000, 0x00000000a2000000|  0%| F|  |TAMS 0x00000000a1f00000, 0x00000000a1f00000| Untracked 
| 544|0x00000000a2000000, 0x00000000a2000000, 0x00000000a2100000|  0%| F|  |TAMS 0x00000000a2000000, 0x00000000a2000000| Untracked 

Card table byte_map: [0x000001e121820000,0x000001e121c20000] _byte_map_base: 0x000001e121420000

Marking Bits (Prev, Next): (CMBitMap*) 0x000001e108b979a0, (CMBitMap*) 0x000001e108b979e0
 Prev Bits: [0x000001e122020000, 0x000001e124020000)
 Next Bits: [0x000001e124020000, 0x000001e126020000)

Polling page: 0x000001e108c10000

Metaspace:

Usage:
  Non-class:    118.66 MB used.
      Class:     18.29 MB used.
       Both:    136.96 MB used.

Virtual space:
  Non-class space:      128.00 MB reserved,     120.38 MB ( 94%) committed,  2 nodes.
      Class space:      416.00 MB reserved,      19.44 MB (  5%) committed,  1 nodes.
             Both:      544.00 MB reserved,     139.81 MB ( 26%) committed. 

Chunk freelists:
   Non-Class:  8.30 MB
       Class:  12.82 MB
        Both:  21.12 MB

MaxMetaspaceSize: 512.00 MB
CompressedClassSpaceSize: 416.00 MB
Initial GC threshold: 21.00 MB
Current GC threshold: 233.06 MB
CDS: on
MetaspaceReclaimPolicy: balanced
 - commit_granule_bytes: 65536.
 - commit_granule_words: 8192.
 - virtual_space_node_default_size: 8388608.
 - enlarge_chunks_in_place: 1.
 - new_chunks_are_fully_committed: 0.
 - uncommit_free_chunks: 1.
 - use_allocation_guard: 0.
 - handle_deallocations: 1.


Internal statistics:

num_allocs_failed_limit: 6.
num_arena_births: 2772.
num_arena_deaths: 22.
num_vsnodes_births: 3.
num_vsnodes_deaths: 0.
num_space_committed: 2267.
num_space_uncommitted: 30.
num_chunks_returned_to_freelist: 173.
num_chunks_taken_from_freelist: 9283.
num_chunk_merges: 55.
num_chunk_splits: 5826.
num_chunks_enlarged: 3397.
num_inconsistent_stats: 0.

CodeHeap 'non-profiled nmethods': size=120000Kb used=15344Kb max_used=15384Kb free=104655Kb
 bounds [0x000001e119690000, 0x000001e11a5d0000, 0x000001e120bc0000]
CodeHeap 'profiled nmethods': size=120000Kb used=42171Kb max_used=45527Kb free=77828Kb
 bounds [0x000001e111bc0000, 0x000001e114840000, 0x000001e1190f0000]
CodeHeap 'non-nmethods': size=5760Kb used=2516Kb max_used=2639Kb free=3243Kb
 bounds [0x000001e1190f0000, 0x000001e1193a0000, 0x000001e119690000]
 total_blobs=22190 nmethods=21122 adapters=978
 compilation: enabled
              stopped_count=0, restarted_count=0
 full_count=0

Compilation events (20 events):
Event: 242.562 Thread 0x000001e1288ab330 nmethod 27254% 0x000001e11a0e4810 code [0x000001e11a0e4a00, 0x000001e11a0e5cc8]
Event: 242.562 Thread 0x000001e1288ab330 27258       4       java.util.zip.ZipEntry::setTime (77 bytes)
Event: 242.563 Thread 0x000001e1288ab330 nmethod 27258 0x000001e119dcd410 code [0x000001e119dcd5a0, 0x000001e119dcd708]
Event: 242.563 Thread 0x000001e1288ab330 27259       4       java.util.zip.ZipEntry::isDirectory (10 bytes)
Event: 242.564 Thread 0x000001e1288ab330 nmethod 27259 0x000001e119dcd090 code [0x000001e119dcd200, 0x000001e119dcd2f8]
Event: 242.564 Thread 0x000001e1288ab330 27255       4       org.apache.commons.compress.archivers.zip.ZipArchiveOutputStream$EntryMetaData::<init> (7 bytes)
Event: 242.564 Thread 0x000001e1288ab330 nmethod 27255 0x000001e11a1e5110 code [0x000001e11a1e5280, 0x000001e11a1e5318]
Event: 242.564 Thread 0x000001e1288ab330 27256       4       org.apache.commons.compress.archivers.zip.ZipArchiveOutputStream$CurrentEntry::<init> (10 bytes)
Event: 242.565 Thread 0x000001e1288ab330 nmethod 27256 0x000001e11a1e4c90 code [0x000001e11a1e4e00, 0x000001e11a1e4f58]
Event: 242.565 Thread 0x000001e1288ab330 27257       4       org.apache.commons.compress.archivers.zip.ZipArchiveOutputStream$CurrentEntry::<init> (6 bytes)
Event: 242.566 Thread 0x000001e1288ab330 nmethod 27257 0x000001e119a83510 code [0x000001e119a83680, 0x000001e119a837d8]
Event: 242.620 Thread 0x000001e1288ab330 27260       4       org.objectweb.asm.SymbolTable$Entry::<init> (18 bytes)
Event: 242.622 Thread 0x000001e1288ab330 nmethod 27260 0x000001e119a83010 code [0x000001e119a83180, 0x000001e119a83458]
Event: 242.670 Thread 0x000001e1288ab330 27261       4       org.apache.commons.compress.archivers.zip.ZipArchiveOutputStream::putArchiveEntry (7 bytes)
Event: 242.670 Thread 0x000001e1288ab330 nmethod 27261 0x000001e119a82d10 code [0x000001e119a82ea0, 0x000001e119a82f48]
Event: 242.706 Thread 0x000001e1288ab330 27262       4       org.apache.commons.compress.archivers.zip.ZipArchiveOutputStream::setEncoding (33 bytes)
Event: 242.713 Thread 0x000001e1288ab330 nmethod 27262 0x000001e119cd7990 code [0x000001e119cd7b60, 0x000001e119cd83a8]
Event: 242.729 Thread 0x000001e1288ab330 27263       4       org.gradle.internal.classpath.ClasspathBuilder$ZipEntryBuilder::newZipEntryWithFixedTime (18 bytes)
Event: 242.736 Thread 0x000001e1288ab330 nmethod 27263 0x000001e11a013690 code [0x000001e11a013840, 0x000001e11a0141b8]
Event: 242.777 Thread 0x000001e14ef890e0 nmethod 27229 0x000001e11a533590 code [0x000001e11a533a80, 0x000001e11a53b2b0]

GC Heap History (20 events):
Event: 238.180 GC heap after
{Heap after GC invocations=69 (full 0):
 garbage-first heap   total 503808K, used 331795K [0x0000000080000000, 0x0000000100000000)
  region size 1024K, 8 young (8192K), 8 survivors (8192K)
 Metaspace       used 143015K, committed 145088K, reserved 557056K
  class space    used 18939K, committed 19904K, reserved 425984K
}
Event: 238.708 GC heap before
{Heap before GC invocations=69 (full 0):
 garbage-first heap   total 503808K, used 437267K [0x0000000080000000, 0x0000000100000000)
  region size 1024K, 112 young (114688K), 8 survivors (8192K)
 Metaspace       used 143019K, committed 145088K, reserved 557056K
  class space    used 18939K, committed 19904K, reserved 425984K
}
Event: 238.732 GC heap after
{Heap after GC invocations=70 (full 0):
 garbage-first heap   total 503808K, used 332652K [0x0000000080000000, 0x0000000100000000)
  region size 1024K, 9 young (9216K), 9 survivors (9216K)
 Metaspace       used 143019K, committed 145088K, reserved 557056K
  class space    used 18939K, committed 19904K, reserved 425984K
}
Event: 239.161 GC heap before
{Heap before GC invocations=70 (full 0):
 garbage-first heap   total 503808K, used 440172K [0x0000000080000000, 0x0000000100000000)
  region size 1024K, 114 young (116736K), 9 survivors (9216K)
 Metaspace       used 143023K, committed 145088K, reserved 557056K
  class space    used 18939K, committed 19904K, reserved 425984K
}
Event: 239.166 GC heap after
{Heap after GC invocations=71 (full 0):
 garbage-first heap   total 503808K, used 333358K [0x0000000080000000, 0x0000000100000000)
  region size 1024K, 9 young (9216K), 9 survivors (9216K)
 Metaspace       used 143023K, committed 145088K, reserved 557056K
  class space    used 18939K, committed 19904K, reserved 425984K
}
Event: 239.598 GC heap before
{Heap before GC invocations=71 (full 0):
 garbage-first heap   total 503808K, used 442926K [0x0000000080000000, 0x0000000100000000)
  region size 1024K, 116 young (118784K), 9 survivors (9216K)
 Metaspace       used 143024K, committed 145088K, reserved 557056K
  class space    used 18939K, committed 19904K, reserved 425984K
}
Event: 239.607 GC heap after
{Heap after GC invocations=72 (full 0):
 garbage-first heap   total 503808K, used 334279K [0x0000000080000000, 0x0000000100000000)
  region size 1024K, 5 young (5120K), 5 survivors (5120K)
 Metaspace       used 143024K, committed 145088K, reserved 557056K
  class space    used 18939K, committed 19904K, reserved 425984K
}
Event: 239.946 GC heap before
{Heap before GC invocations=72 (full 0):
 garbage-first heap   total 503808K, used 443847K [0x0000000080000000, 0x0000000100000000)
  region size 1024K, 112 young (114688K), 5 survivors (5120K)
 Metaspace       used 143028K, committed 145088K, reserved 557056K
  class space    used 18939K, committed 19904K, reserved 425984K
}
Event: 239.958 GC heap after
{Heap after GC invocations=73 (full 0):
 garbage-first heap   total 503808K, used 332030K [0x0000000080000000, 0x0000000100000000)
  region size 1024K, 4 young (4096K), 4 survivors (4096K)
 Metaspace       used 143028K, committed 145088K, reserved 557056K
  class space    used 18939K, committed 19904K, reserved 425984K
}
Event: 240.496 GC heap before
{Heap before GC invocations=73 (full 0):
 garbage-first heap   total 503808K, used 444670K [0x0000000080000000, 0x0000000100000000)
  region size 1024K, 114 young (116736K), 4 survivors (4096K)
 Metaspace       used 143028K, committed 145088K, reserved 557056K
  class space    used 18939K, committed 19904K, reserved 425984K
}
Event: 240.538 GC heap after
{Heap after GC invocations=74 (full 0):
 garbage-first heap   total 503808K, used 332345K [0x0000000080000000, 0x0000000100000000)
  region size 1024K, 5 young (5120K), 5 survivors (5120K)
 Metaspace       used 143028K, committed 145088K, reserved 557056K
  class space    used 18939K, committed 19904K, reserved 425984K
}
Event: 240.950 GC heap before
{Heap before GC invocations=74 (full 0):
 garbage-first heap   total 503808K, used 444985K [0x0000000080000000, 0x0000000100000000)
  region size 1024K, 115 young (117760K), 5 survivors (5120K)
 Metaspace       used 143028K, committed 145088K, reserved 557056K
  class space    used 18939K, committed 19904K, reserved 425984K
}
Event: 240.955 GC heap after
{Heap after GC invocations=75 (full 0):
 garbage-first heap   total 503808K, used 332434K [0x0000000080000000, 0x0000000100000000)
  region size 1024K, 5 young (5120K), 5 survivors (5120K)
 Metaspace       used 143028K, committed 145088K, reserved 557056K
  class space    used 18939K, committed 19904K, reserved 425984K
}
Event: 242.085 GC heap before
{Heap before GC invocations=76 (full 0):
 garbage-first heap   total 558080K, used 444050K [0x0000000080000000, 0x0000000100000000)
  region size 1024K, 116 young (118784K), 5 survivors (5120K)
 Metaspace       used 140243K, committed 143168K, reserved 557056K
  class space    used 18732K, committed 19904K, reserved 425984K
}
Event: 242.105 GC heap after
{Heap after GC invocations=77 (full 0):
 garbage-first heap   total 558080K, used 331014K [0x0000000080000000, 0x0000000100000000)
  region size 1024K, 5 young (5120K), 5 survivors (5120K)
 Metaspace       used 140243K, committed 143168K, reserved 557056K
  class space    used 18732K, committed 19904K, reserved 425984K
}
Event: 242.160 GC heap before
{Heap before GC invocations=77 (full 0):
 garbage-first heap   total 558080K, used 353542K [0x0000000080000000, 0x0000000100000000)
  region size 1024K, 27 young (27648K), 5 survivors (5120K)
 Metaspace       used 140243K, committed 143168K, reserved 557056K
  class space    used 18732K, committed 19904K, reserved 425984K
}
Event: 242.222 GC heap after
{Heap after GC invocations=78 (full 0):
 garbage-first heap   total 558080K, used 279868K [0x0000000080000000, 0x0000000100000000)
  region size 1024K, 3 young (3072K), 3 survivors (3072K)
 Metaspace       used 140243K, committed 143168K, reserved 557056K
  class space    used 18732K, committed 19904K, reserved 425984K
}
Event: 242.286 GC heap before
{Heap before GC invocations=78 (full 0):
 garbage-first heap   total 558080K, used 303420K [0x0000000080000000, 0x0000000100000000)
  region size 1024K, 27 young (27648K), 3 survivors (3072K)
 Metaspace       used 140243K, committed 143168K, reserved 557056K
  class space    used 18732K, committed 19904K, reserved 425984K
}
Event: 242.354 GC heap after
{Heap after GC invocations=79 (full 0):
 garbage-first heap   total 558080K, used 255270K [0x0000000080000000, 0x0000000100000000)
  region size 1024K, 3 young (3072K), 3 survivors (3072K)
 Metaspace       used 140243K, committed 143168K, reserved 557056K
  class space    used 18732K, committed 19904K, reserved 425984K
}
Event: 244.311 GC heap before
{Heap before GC invocations=79 (full 0):
 garbage-first heap   total 558080K, used 490790K [0x0000000080000000, 0x0000000100000000)
  region size 1024K, 233 young (238592K), 3 survivors (3072K)
 Metaspace       used 140243K, committed 143168K, reserved 557056K
  class space    used 18732K, committed 19904K, reserved 425984K
}

Deoptimization events (20 events):
Event: 239.741 Thread 0x000001e14b3ead70 Uncommon trap: trap_request=0xffffff45 fr.pc=0x000001e11a449d10 relative=0x0000000000000190
Event: 239.741 Thread 0x000001e14b3ead70 Uncommon trap: reason=unstable_if action=reinterpret pc=0x000001e11a449d10 method=java.lang.String.equals(Ljava/lang/Object;)Z @ 33 c2
Event: 239.741 Thread 0x000001e14b3ead70 DEOPT PACKING pc=0x000001e11a449d10 sp=0x000000c41edfe4b0
Event: 239.741 Thread 0x000001e14b3ead70 DEOPT UNPACKING pc=0x000001e1191423a3 sp=0x000000c41edfe450 mode 2
Event: 239.764 Thread 0x000001e14b3ead70 Uncommon trap: trap_request=0xffffff45 fr.pc=0x000001e11a4f4e34 relative=0x00000000000003f4
Event: 239.764 Thread 0x000001e14b3ead70 Uncommon trap: reason=unstable_if action=reinterpret pc=0x000001e11a4f4e34 method=sun.nio.cs.UTF_8$Encoder.encodeBufferLoop(Ljava/nio/CharBuffer;Ljava/nio/ByteBuffer;)Ljava/nio/charset/CoderResult; @ 23 c2
Event: 239.764 Thread 0x000001e14b3ead70 DEOPT PACKING pc=0x000001e11a4f4e34 sp=0x000000c41edfe450
Event: 239.764 Thread 0x000001e14b3ead70 DEOPT UNPACKING pc=0x000001e1191423a3 sp=0x000000c41edfe3f8 mode 2
Event: 239.789 Thread 0x000001e14b3ead70 Uncommon trap: trap_request=0xffffff45 fr.pc=0x000001e11a58172c relative=0x0000000000001d4c
Event: 239.789 Thread 0x000001e14b3ead70 Uncommon trap: reason=unstable_if action=reinterpret pc=0x000001e11a58172c method=org.objectweb.asm.ClassReader.readCode(Lorg/objectweb/asm/MethodVisitor;Lorg/objectweb/asm/Context;I)V @ 2394 c2
Event: 239.789 Thread 0x000001e14b3ead70 DEOPT PACKING pc=0x000001e11a58172c sp=0x000000c41edfe4e0
Event: 239.789 Thread 0x000001e14b3ead70 DEOPT UNPACKING pc=0x000001e1191423a3 sp=0x000000c41edfe458 mode 2
Event: 239.810 Thread 0x000001e14b3ead70 Uncommon trap: trap_request=0xffffff45 fr.pc=0x000001e11a579730 relative=0x0000000000004690
Event: 239.810 Thread 0x000001e14b3ead70 Uncommon trap: reason=unstable_if action=reinterpret pc=0x000001e11a579730 method=org.objectweb.asm.ClassWriter.toByteArray()[B @ 730 c2
Event: 239.810 Thread 0x000001e14b3ead70 DEOPT PACKING pc=0x000001e11a579730 sp=0x000000c41edfe970
Event: 239.810 Thread 0x000001e14b3ead70 DEOPT UNPACKING pc=0x000001e1191423a3 sp=0x000000c41edfe910 mode 2
Event: 239.811 Thread 0x000001e14b3ead70 Uncommon trap: trap_request=0xffffff45 fr.pc=0x000001e11a56d6e8 relative=0x00000000000030e8
Event: 239.811 Thread 0x000001e14b3ead70 Uncommon trap: reason=unstable_if action=reinterpret pc=0x000001e11a56d6e8 method=org.objectweb.asm.MethodWriter.putMethodInfo(Lorg/objectweb/asm/ByteVector;)V @ 9 c2
Event: 239.811 Thread 0x000001e14b3ead70 DEOPT PACKING pc=0x000001e11a56d6e8 sp=0x000000c41edfe890
Event: 239.811 Thread 0x000001e14b3ead70 DEOPT UNPACKING pc=0x000001e1191423a3 sp=0x000000c41edfe860 mode 2

Classes unloaded (20 events):
Event: 240.989 Thread 0x000001e12887efa0 Unloading class 0x000001e12b05b800 'jdk/internal/jimage/ImageHeader'
Event: 240.989 Thread 0x000001e12887efa0 Unloading class 0x000001e12b05adc8 'jdk/internal/jimage/BasicImageReader$2'
Event: 240.989 Thread 0x000001e12887efa0 Unloading class 0x000001e12b05ab98 'jdk/internal/jimage/BasicImageReader$1'
Event: 240.989 Thread 0x000001e12887efa0 Unloading class 0x000001e12b05a930 'jdk/internal/jimage/ImageReader$Resource'
Event: 240.989 Thread 0x000001e12887efa0 Unloading class 0x000001e12b05a6c8 'jdk/internal/jimage/ImageReader$LinkNode'
Event: 240.989 Thread 0x000001e12887efa0 Unloading class 0x000001e12b05a460 'jdk/internal/jimage/ImageReader$Directory'
Event: 240.989 Thread 0x000001e12887efa0 Unloading class 0x000001e12b05a1f8 'jdk/internal/jimage/ImageReader$Node'
Event: 240.989 Thread 0x000001e12887efa0 Unloading class 0x000001e12b05a000 'jdk/internal/jimage/ImageStrings'
Event: 240.989 Thread 0x000001e12887efa0 Unloading class 0x000001e12b059b50 'jdk/internal/jimage/ImageReader$SharedImageReader'
Event: 240.989 Thread 0x000001e12887efa0 Unloading class 0x000001e12b059890 'jdk/internal/jimage/BasicImageReader'
Event: 240.990 Thread 0x000001e12887efa0 Unloading class 0x000001e12b059670 'jdk/internal/jimage/ImageReader'
Event: 240.990 Thread 0x000001e12887efa0 Unloading class 0x000001e12b059448 'jdk/internal/jrtfs/SystemImage$2'
Event: 240.990 Thread 0x000001e12887efa0 Unloading class 0x000001e12b059230 'jdk/internal/jrtfs/SystemImage$$Lambda$1623+0x000001e12b059230'
Event: 240.990 Thread 0x000001e12887efa0 Unloading class 0x000001e12b059000 'jdk/internal/jrtfs/ExplodedImage'
Event: 240.990 Thread 0x000001e12887efa0 Unloading class 0x000001e12b058dc8 'jdk/internal/jrtfs/SystemImage$1'
Event: 240.990 Thread 0x000001e12887efa0 Unloading class 0x000001e12b058bb0 'jdk/internal/jrtfs/SystemImage'
Event: 240.990 Thread 0x000001e12887efa0 Unloading class 0x000001e12b058950 'jdk/internal/jrtfs/JrtFileStore'
Event: 240.990 Thread 0x000001e12887efa0 Unloading class 0x000001e12b0585d8 'jdk/internal/jrtfs/JrtPath'
Event: 240.990 Thread 0x000001e12887efa0 Unloading class 0x000001e12b0582e0 'jdk/internal/jrtfs/JrtFileSystem'
Event: 240.990 Thread 0x000001e12887efa0 Unloading class 0x000001e12b058000 'jdk/internal/jrtfs/JrtFileSystemProvider'

Classes redefined (0 events):
No events

Internal exceptions (20 events):
Event: 237.960 Thread 0x000001e14b3ea350 Exception <a 'sun/nio/fs/WindowsException'{0x0000000099220170}> (0x0000000099220170) 
thrown [s\open\src\hotspot\share\prims\jni.cpp, line 516]
Event: 237.961 Thread 0x000001e14b3e7fe0 Exception <a 'sun/nio/fs/WindowsException'{0x00000000994f2098}> (0x00000000994f2098) 
thrown [s\open\src\hotspot\share\prims\jni.cpp, line 516]
Event: 237.961 Thread 0x000001e14b3e84f0 Exception <a 'sun/nio/fs/WindowsException'{0x00000000994c0bf0}> (0x00000000994c0bf0) 
thrown [s\open\src\hotspot\share\prims\jni.cpp, line 516]
Event: 237.963 Thread 0x000001e14b3e7fe0 Exception <a 'sun/nio/fs/WindowsException'{0x00000000994f2258}> (0x00000000994f2258) 
thrown [s\open\src\hotspot\share\prims\jni.cpp, line 516]
Event: 237.963 Thread 0x000001e14b3e3e10 Exception <a 'sun/nio/fs/WindowsException'{0x000000009b38bb08}> (0x000000009b38bb08) 
thrown [s\open\src\hotspot\share\prims\jni.cpp, line 516]
Event: 237.965 Thread 0x000001e14b3ea350 Exception <a 'sun/nio/fs/WindowsException'{0x0000000099220338}> (0x0000000099220338) 
thrown [s\open\src\hotspot\share\prims\jni.cpp, line 516]
Event: 237.966 Thread 0x000001e14b3e84f0 Exception <a 'sun/nio/fs/WindowsException'{0x00000000994c0dc8}> (0x00000000994c0dc8) 
thrown [s\open\src\hotspot\share\prims\jni.cpp, line 516]
Event: 237.985 Thread 0x000001e14b3e7fe0 Exception <a 'sun/nio/fs/WindowsException'{0x000000009eb13970}> (0x000000009eb13970) 
thrown [s\open\src\hotspot\share\prims\jni.cpp, line 516]
Event: 237.992 Thread 0x000001e14b3e3e10 Exception <a 'sun/nio/fs/WindowsException'{0x000000009e055a08}> (0x000000009e055a08) 
thrown [s\open\src\hotspot\share\prims\jni.cpp, line 516]
Event: 237.993 Thread 0x000001e14b3e3e10 Exception <a 'sun/nio/fs/WindowsException'{0x000000009e055bd0}> (0x000000009e055bd0) 
thrown [s\open\src\hotspot\share\prims\jni.cpp, line 516]
Event: 238.020 Thread 0x000001e14b3e7fe0 Exception <a 'sun/nio/fs/WindowsException'{0x000000009cc0d848}> (0x000000009cc0d848) 
thrown [s\open\src\hotspot\share\prims\jni.cpp, line 516]
Event: 238.025 Thread 0x000001e14b3e7fe0 Exception <a 'sun/nio/fs/WindowsException'{0x000000009cc0da10}> (0x000000009cc0da10) 
thrown [s\open\src\hotspot\share\prims\jni.cpp, line 516]
Event: 239.654 Thread 0x000001e14b3e70b0 Exception <a 'sun/nio/fs/WindowsException'{0x000000009d062c20}> (0x000000009d062c20) 
thrown [s\open\src\hotspot\share\prims\jni.cpp, line 516]
Event: 239.655 Thread 0x000001e14b3e70b0 Exception <a 'sun/nio/fs/WindowsException'{0x000000009d062de8}> (0x000000009d062de8) 
thrown [s\open\src\hotspot\share\prims\jni.cpp, line 516]
Event: 241.271 Thread 0x000001e14c24cd90 Exception <a 'java/net/ConnectException'{0x00000000a2083d48}: Connection refused: connect> (0x00000000a2083d48) 
thrown [s\open\src\hotspot\share\prims\jni.cpp, line 535]
Event: 241.271 Thread 0x000001e14c24cd90 Exception <a 'java/net/SocketException'{0x00000000a2084080}: Socket is not connected: shutdown> (0x00000000a2084080) 
thrown [s\open\src\hotspot\share\prims\jni.cpp, line 535]
Event: 241.302 Thread 0x000001e14c24cd90 Exception <a 'java/net/ConnectException'{0x00000000a20848b0}: Connection refused: connect> (0x00000000a20848b0) 
thrown [s\open\src\hotspot\share\prims\jni.cpp, line 535]
Event: 241.302 Thread 0x000001e14c24cd90 Exception <a 'java/net/SocketException'{0x00000000a2084be8}: Socket is not connected: shutdown> (0x00000000a2084be8) 
thrown [s\open\src\hotspot\share\prims\jni.cpp, line 535]
Event: 241.313 Thread 0x000001e14c24cd90 Exception <a 'java/net/ConnectException'{0x00000000a2085418}: Connection refused: connect> (0x00000000a2085418) 
thrown [s\open\src\hotspot\share\prims\jni.cpp, line 535]
Event: 241.313 Thread 0x000001e14c24cd90 Exception <a 'java/net/SocketException'{0x00000000a2085750}: Socket is not connected: shutdown> (0x00000000a2085750) 
thrown [s\open\src\hotspot\share\prims\jni.cpp, line 535]

VM Operations (20 events):
Event: 240.539 Executing VM operation: G1CollectForAllocation done
Event: 240.950 Executing VM operation: G1CollectForAllocation
Event: 240.955 Executing VM operation: G1CollectForAllocation done
Event: 240.978 Executing VM operation: G1Concurrent
Event: 241.266 Executing VM operation: G1Concurrent done
Event: 241.266 Executing VM operation: HandshakeAllThreads
Event: 241.510 Executing VM operation: HandshakeAllThreads done
Event: 241.614 Executing VM operation: HandshakeAllThreads
Event: 241.625 Executing VM operation: HandshakeAllThreads done
Event: 241.743 Executing VM operation: G1Concurrent
Event: 241.754 Executing VM operation: G1Concurrent done
Event: 242.085 Executing VM operation: G1CollectForAllocation
Event: 242.105 Executing VM operation: G1CollectForAllocation done
Event: 242.160 Executing VM operation: G1CollectForAllocation
Event: 242.223 Executing VM operation: G1CollectForAllocation done
Event: 242.286 Executing VM operation: G1CollectForAllocation
Event: 242.358 Executing VM operation: G1CollectForAllocation done
Event: 243.359 Executing VM operation: Cleanup
Event: 243.365 Executing VM operation: Cleanup done
Event: 244.311 Executing VM operation: G1CollectForAllocation

Events (20 events):
Event: 241.657 Thread 0x000001e1288c3cd0 flushing nmethod 0x000001e114333790
Event: 241.657 Thread 0x000001e1288c3cd0 flushing nmethod 0x000001e114334510
Event: 241.657 Thread 0x000001e1288c3cd0 flushing nmethod 0x000001e114334a90
Event: 241.657 Thread 0x000001e1288c3cd0 flushing nmethod 0x000001e114335190
Event: 241.657 Thread 0x000001e1288c3cd0 flushing nmethod 0x000001e114335590
Event: 241.657 Thread 0x000001e1288c3cd0 flushing nmethod 0x000001e114336090
Event: 241.657 Thread 0x000001e1288c3cd0 flushing nmethod 0x000001e114336710
Event: 241.657 Thread 0x000001e1288c3cd0 flushing nmethod 0x000001e114336d10
Event: 241.657 Thread 0x000001e1288c3cd0 flushing nmethod 0x000001e114337710
Event: 241.657 Thread 0x000001e1288c3cd0 flushing nmethod 0x000001e114338110
Event: 241.657 Thread 0x000001e1288c3cd0 flushing nmethod 0x000001e114338590
Event: 241.657 Thread 0x000001e1288c3cd0 flushing nmethod 0x000001e114338910
Event: 241.657 Thread 0x000001e1288c3cd0 flushing nmethod 0x000001e114339910
Event: 241.657 Thread 0x000001e1288c3cd0 flushing nmethod 0x000001e114339d10
Event: 241.657 Thread 0x000001e1288c3cd0 flushing nmethod 0x000001e11433a790
Event: 241.657 Thread 0x000001e1288c3cd0 flushing nmethod 0x000001e11433ab10
Event: 241.657 Thread 0x000001e1288c3cd0 flushing nmethod 0x000001e11433c310
Event: 241.657 Thread 0x000001e1288c3cd0 flushing nmethod 0x000001e11433c890
Event: 241.657 Thread 0x000001e1288c3cd0 flushing nmethod 0x000001e11433d710
Event: 241.659 Thread 0x000001e1288c3cd0 flushing nmethod 0x000001e1146e6e90


Dynamic libraries:
0x00007ff656ae0000 - 0x00007ff656af0000 	C:\Program Files\Java\jdk-17\bin\java.exe
0x00007ffa0b0b0000 - 0x00007ffa0b2a8000 	C:\Windows\SYSTEM32\ntdll.dll
0x00007ffa098d0000 - 0x00007ffa09992000 	C:\Windows\System32\KERNEL32.DLL
0x00007ffa08810000 - 0x00007ffa08b0e000 	C:\Windows\System32\KERNELBASE.dll
0x00007ffa08f30000 - 0x00007ffa09030000 	C:\Windows\System32\ucrtbase.dll
0x00007ffa01fb0000 - 0x00007ffa01fcb000 	C:\Program Files\Java\jdk-17\bin\VCRUNTIME140.dll
0x00007ffa00760000 - 0x00007ffa00779000 	C:\Program Files\Java\jdk-17\bin\jli.dll
0x00007ffa0ace0000 - 0x00007ffa0ad91000 	C:\Windows\System32\ADVAPI32.dll
0x00007ffa09c80000 - 0x00007ffa09d1e000 	C:\Windows\System32\msvcrt.dll
0x00007ffa0aec0000 - 0x00007ffa0af5f000 	C:\Windows\System32\sechost.dll
0x00007ffa0a0e0000 - 0x00007ffa0a203000 	C:\Windows\System32\RPCRT4.dll
0x00007ffa08750000 - 0x00007ffa08777000 	C:\Windows\System32\bcrypt.dll
0x00007ffa09540000 - 0x00007ffa096dd000 	C:\Windows\System32\USER32.dll
0x00007ffa08d90000 - 0x00007ffa08db2000 	C:\Windows\System32\win32u.dll
0x00007ffa09bd0000 - 0x00007ffa09bfb000 	C:\Windows\System32\GDI32.dll
0x00007ff9ef900000 - 0x00007ff9efb9a000 	C:\Windows\WinSxS\amd64_microsoft.windows.common-controls_6595b64144ccf1df_6.0.19041.4355_none_60b8b9eb71f62e16\COMCTL32.dll
0x00007ffa08b10000 - 0x00007ffa08c27000 	C:\Windows\System32\gdi32full.dll
0x00007ffa09030000 - 0x00007ffa090cd000 	C:\Windows\System32\msvcp_win.dll
0x00007ffa04f20000 - 0x00007ffa04f2a000 	C:\Windows\SYSTEM32\VERSION.dll
0x00007ffa098a0000 - 0x00007ffa098cf000 	C:\Windows\System32\IMM32.DLL
0x00007ffa02830000 - 0x00007ffa0283c000 	C:\Program Files\Java\jdk-17\bin\vcruntime140_1.dll
0x00007ff9f0760000 - 0x00007ff9f07ee000 	C:\Program Files\Java\jdk-17\bin\msvcp140.dll
0x00007ff9da6f0000 - 0x00007ff9db2cf000 	C:\Program Files\Java\jdk-17\bin\server\jvm.dll
0x00007ffa09c60000 - 0x00007ffa09c68000 	C:\Windows\System32\PSAPI.DLL
0x00007ff9f9850000 - 0x00007ff9f9859000 	C:\Windows\SYSTEM32\WSOCK32.dll
0x00007ff9f6120000 - 0x00007ff9f6147000 	C:\Windows\SYSTEM32\WINMM.dll
0x00007ffa09ee0000 - 0x00007ffa09f4b000 	C:\Windows\System32\WS2_32.dll
0x00007ffa064d0000 - 0x00007ffa064e2000 	C:\Windows\SYSTEM32\kernel.appcore.dll
0x00007ffa02770000 - 0x00007ffa0277a000 	C:\Program Files\Java\jdk-17\bin\jimage.dll
0x00007ffa01810000 - 0x00007ffa019f4000 	C:\Windows\SYSTEM32\DBGHELP.DLL
0x00007ffa01490000 - 0x00007ffa014c4000 	C:\Windows\SYSTEM32\dbgcore.DLL
0x00007ffa08780000 - 0x00007ffa08802000 	C:\Windows\System32\bcryptPrimitives.dll
0x00007ff9fa810000 - 0x00007ff9fa835000 	C:\Program Files\Java\jdk-17\bin\java.dll
0x00007ff9e11d0000 - 0x00007ff9e12a7000 	C:\Program Files\Java\jdk-17\bin\jsvml.dll
0x00007ffa0a210000 - 0x00007ffa0a97d000 	C:\Windows\System32\SHELL32.dll
0x00007ffa067b0000 - 0x00007ffa06f54000 	C:\Windows\SYSTEM32\windows.storage.dll
0x00007ffa0a980000 - 0x00007ffa0acd3000 	C:\Windows\System32\combase.dll
0x00007ffa080b0000 - 0x00007ffa080de000 	C:\Windows\SYSTEM32\Wldp.dll
0x00007ffa09e10000 - 0x00007ffa09edd000 	C:\Windows\System32\OLEAUT32.dll
0x00007ffa0afc0000 - 0x00007ffa0b06d000 	C:\Windows\System32\SHCORE.dll
0x00007ffa09c00000 - 0x00007ffa09c55000 	C:\Windows\System32\shlwapi.dll
0x00007ffa08680000 - 0x00007ffa086a4000 	C:\Windows\SYSTEM32\profapi.dll
0x00007ff9fa7f0000 - 0x00007ff9fa809000 	C:\Program Files\Java\jdk-17\bin\net.dll
0x00007ffa028d0000 - 0x00007ffa029dd000 	C:\Windows\SYSTEM32\WINHTTP.dll
0x00007ffa07e10000 - 0x00007ffa07e7a000 	C:\Windows\system32\mswsock.dll
0x00007ff9f79b0000 - 0x00007ff9f79c6000 	C:\Program Files\Java\jdk-17\bin\nio.dll
0x00007ff9f7990000 - 0x00007ff9f79a8000 	C:\Program Files\Java\jdk-17\bin\zip.dll
0x00007ffa01fa0000 - 0x00007ffa01fb0000 	C:\Program Files\Java\jdk-17\bin\verify.dll
0x00007ffa00260000 - 0x00007ffa00287000 	C:\Users\Admin\.gradle\native\68d5fa5c4cc2d200863cafc0d521ce42e7d3e7ee720ec0a83991735586a16f82\windows-amd64\native-platform.dll
0x00007ff9b4820000 - 0x00007ff9b4964000 	C:\Users\Admin\.gradle\native\e376f236ea51e6404a007f0833ffe2c6e607c4080706a723a18a27aeea778392\windows-amd64\native-platform-file-events.dll
0x00007ffa00c70000 - 0x00007ffa00c7a000 	C:\Program Files\Java\jdk-17\bin\management.dll
0x00007ff9fd170000 - 0x00007ff9fd17b000 	C:\Program Files\Java\jdk-17\bin\management_ext.dll
0x00007ffa08000000 - 0x00007ffa08018000 	C:\Windows\SYSTEM32\CRYPTSP.dll
0x00007ffa07730000 - 0x00007ffa07764000 	C:\Windows\system32\rsaenh.dll
0x00007ffa08640000 - 0x00007ffa0866e000 	C:\Windows\SYSTEM32\USERENV.dll
0x00007ffa08020000 - 0x00007ffa0802c000 	C:\Windows\SYSTEM32\CRYPTBASE.dll
0x00007ffa07af0000 - 0x00007ffa07b2b000 	C:\Windows\SYSTEM32\IPHLPAPI.DLL
0x00007ffa09890000 - 0x00007ffa09898000 	C:\Windows\System32\NSI.dll
0x00007ffa035b0000 - 0x00007ffa035c7000 	C:\Windows\SYSTEM32\dhcpcsvc6.DLL
0x00007ffa03470000 - 0x00007ffa0348d000 	C:\Windows\SYSTEM32\dhcpcsvc.DLL
0x00007ffa07b30000 - 0x00007ffa07bfa000 	C:\Windows\SYSTEM32\DNSAPI.dll
0x00007ffa03980000 - 0x00007ffa0398e000 	C:\Program Files\Java\jdk-17\bin\sunmscapi.dll
0x00007ffa08c30000 - 0x00007ffa08d8c000 	C:\Windows\System32\CRYPT32.dll
0x00007ffa08120000 - 0x00007ffa08147000 	C:\Windows\SYSTEM32\ncrypt.dll
0x00007ffa080e0000 - 0x00007ffa0811b000 	C:\Windows\SYSTEM32\NTASN1.dll
0x00007ffa01f90000 - 0x00007ffa01f97000 	C:\Windows\system32\wshunix.dll
0x00007ff9ec2d0000 - 0x00007ff9ec2e7000 	C:\Windows\system32\napinsp.dll
0x00007ff9ec2b0000 - 0x00007ff9ec2cb000 	C:\Windows\system32\pnrpnsp.dll
0x00007ff9efc80000 - 0x00007ff9efc95000 	C:\Windows\system32\wshbth.dll
0x00007ffa038a0000 - 0x00007ffa038bd000 	C:\Windows\system32\NLAapi.dll
0x00007ff9ec290000 - 0x00007ff9ec2a2000 	C:\Windows\System32\winrnr.dll
0x00007ffa02720000 - 0x00007ffa0272a000 	C:\Windows\System32\rasadhlp.dll
0x00007ffa013f0000 - 0x00007ffa01470000 	C:\Windows\System32\fwpuclnt.dll
0x00007ff9fecd0000 - 0x00007ff9fecee000 	C:\Users\Admin\AppData\Local\Temp\native-platform16118082985535544684dir\native-platform.dll
0x00007ff9f7b60000 - 0x00007ff9f7b67000 	C:\Program Files\Java\jdk-17\bin\rmi.dll
0x00007ff9fd580000 - 0x00007ff9fd59e000 	C:\Users\Admin\AppData\Local\Temp\native-platform10368207624639248948dir\native-platform.dll
0x00007ff9fd1c0000 - 0x00007ff9fd1de000 	C:\Users\Admin\AppData\Local\Temp\native-platform1738618799388591079dir\native-platform.dll

dbghelp: loaded successfully - version: 4.0.5 - missing functions: none
symbol engine: initialized successfully - sym options: 0x614 - pdb path: .;C:\Program Files\Java\jdk-17\bin;C:\Windows\SYSTEM32;C:\Windows\WinSxS\amd64_microsoft.windows.common-controls_6595b64144ccf1df_6.0.19041.4355_none_60b8b9eb71f62e16;C:\Program Files\Java\jdk-17\bin\server;C:\Users\Admin\.gradle\native\68d5fa5c4cc2d200863cafc0d521ce42e7d3e7ee720ec0a83991735586a16f82\windows-amd64;C:\Users\Admin\.gradle\native\e376f236ea51e6404a007f0833ffe2c6e607c4080706a723a18a27aeea778392\windows-amd64;C:\Users\Admin\AppData\Local\Temp\native-platform16118082985535544684dir;C:\Users\Admin\AppData\Local\Temp\native-platform10368207624639248948dir;C:\Users\Admin\AppData\Local\Temp\native-platform1738618799388591079dir

VM Arguments:
jvm_args: -XX:MaxMetaspaceSize=512m --add-opens=java.base/java.util=ALL-UNNAMED --add-opens=java.base/java.lang=ALL-UNNAMED --add-opens=java.base/java.lang.invoke=ALL-UNNAMED --add-opens=java.prefs/java.util.prefs=ALL-UNNAMED --add-opens=java.base/java.nio.charset=ALL-UNNAMED --add-opens=java.base/java.net=ALL-UNNAMED --add-opens=java.base/java.util.concurrent.atomic=ALL-UNNAMED -Xmx2048m -Dfile.encoding=windows-1252 -Duser.country=US -Duser.language=en -Duser.variant 
java_command: org.gradle.launcher.daemon.bootstrap.GradleDaemon 8.0.1
java_class_path (initial): C:\Users\Admin\.gradle\wrapper\dists\gradle-8.0.1-all\aro4hu1c3oeioove7l0i4i14o\gradle-8.0.1\lib\gradle-launcher-8.0.1.jar
Launcher Type: SUN_STANDARD

[Global flags]
     intx CICompilerCount                          = 3                                         {product} {ergonomic}
   size_t CompressedClassSpaceSize                 = 436207616                                 {product} {ergonomic}
     uint ConcGCThreads                            = 2                                         {product} {ergonomic}
     uint G1ConcRefinementThreads                  = 6                                         {product} {ergonomic}
   size_t G1HeapRegionSize                         = 1048576                                   {product} {ergonomic}
    uintx GCDrainStackTargetSize                   = 64                                        {product} {ergonomic}
   size_t InitialHeapSize                          = 132120576                                 {product} {ergonomic}
   size_t MarkStackSize                            = 4194304                                   {product} {ergonomic}
   size_t MaxHeapSize                              = 2147483648                                {product} {command line}
   size_t MaxMetaspaceSize                         = 536870912                                 {product} {command line}
   size_t MaxNewSize                               = 1287651328                                {product} {ergonomic}
   size_t MinHeapDeltaBytes                        = 1048576                                   {product} {ergonomic}
   size_t MinHeapSize                              = 8388608                                   {product} {ergonomic}
    uintx NonNMethodCodeHeapSize                   = 5832780                                {pd product} {ergonomic}
    uintx NonProfiledCodeHeapSize                  = 122912730                              {pd product} {ergonomic}
    uintx ProfiledCodeHeapSize                     = 122912730                              {pd product} {ergonomic}
    uintx ReservedCodeCacheSize                    = 251658240                              {pd product} {ergonomic}
     bool SegmentedCodeCache                       = true                                      {product} {ergonomic}
   size_t SoftMaxHeapSize                          = 2147483648                             {manageable} {ergonomic}
     bool UseCompressedClassPointers               = true                           {product lp64_product} {ergonomic}
     bool UseCompressedOops                        = true                           {product lp64_product} {ergonomic}
     bool UseG1GC                                  = true                                      {product} {ergonomic}
     bool UseLargePagesIndividualAllocation        = false                                  {pd product} {ergonomic}

Logging:
Log output configuration:
 #0: stdout all=warning uptime,level,tags
 #1: stderr all=off uptime,level,tags

Environment Variables:
JAVA_HOME=C:\Program Files\Java\jdk-17
CLASSPATH=E:\React Native\All Parking\Parking_Dual\android\\gradle\wrapper\gradle-wrapper.jar
PATH=E:\React Native\All Parking\Parking_Dual\node_modules\.bin;E:\React Native\All Parking\node_modules\.bin;E:\React Native\node_modules\.bin;E:\node_modules\.bin;C:\Users\Admin\AppData\Roaming\nvm\v16.13.0\node_modules\npm\node_modules\@npmcli\run-script\lib\node-gyp-bin;E:\React Native\All Parking\Parking_Dual\node_modules\.bin;E:\React Native\All Parking\node_modules\.bin;E:\React Native\node_modules\.bin;E:\node_modules\.bin;C:\Users\Admin\AppData\Roaming\nvm\v16.13.0\node_modules\npm\node_modules\@npmcli\run-script\lib\node-gyp-bin;C:\Program Files\Common Files\Oracle\Java\javapath;C:\Python312\Scripts\;C:\Python312\;C:\Windows\system32;C:\Windows;C:\Windows\System32\Wbem;C:\Windows\System32\WindowsPowerShell\v1.0\;C:\Windows\System32\OpenSSH\;C:\ProgramData\chocolatey\bin;C:\Program Files\Git\cmd;C:\Program Files\Java\jdk-17\bin;C:\Users\Admin\AppData\Local\Android\Sdk\platform-tools;C:\Users\Admin\AppData\Local\Android\Sdk\build-tools\34.0.0;C:\Program Files\Amazon\AWSCLIV2\;C:\Users\Admin\AppData\Roaming\nvm;C:\Program Files\nodejs;F:\xampp\php;C:\composer;C:\Users\Admin\AppData\Local\Microsoft\WindowsApps;C:\Users\Admin\AppData\Local\Programs\Microsoft VS Code\bin;C:\Users\Admin\AppData\Roaming\npm;C:\Program Files\Java\jdk-17\bin;C:\Users\Admin\AppData\Local\Android\Sdk\platform-tools;C:\Users\Admin\AppData\Local\Android\Sdk\build-tools\34.0.0;C:\Users\Admin\AppData\Roaming\nvm;C:\Program Files\nodejs;C:\Users\Admin\composer;C:\Users\Admin\AppData\Roaming\Composer\vendor\bin
USERNAME=Admin
LANG=en_US.UTF-8
OS=Windows_NT
PROCESSOR_IDENTIFIER=Intel64 Family 6 Model 158 Stepping 10, GenuineIntel



---------------  S Y S T E M  ---------------

OS:
 Windows 10 , 64 bit Build 19041 (10.0.19041.5072)
OS uptime: 1 days 22:05 hours

CPU: total 6 (initial active 6) (6 cores per cpu, 1 threads per core) family 6 model 158 stepping 10 microcode 0xb4, cx8, cmov, fxsr, mmx, 3dnowpref, sse, sse2, sse3, ssse3, sse4.1, sse4.2, popcnt, lzcnt, tsc, tscinvbit, avx, avx2, aes, erms, clmul, bmi1, bmi2, adx, fma, vzeroupper, clflush, clflushopt

Memory: 4k page, system-wide physical 8054M (617M free)
TotalPageFile size 20342M (AvailPageFile size 523M)
current process WorkingSet (physical memory assigned to process): 498M, peak: 851M
current process commit charge ("private bytes"): 1004M, peak: 1569M

vm_info: Java HotSpot(TM) 64-Bit Server VM (17.0.10+11-LTS-240) for windows-amd64 JRE (17.0.10+11-LTS-240), built on Dec 19 2023 21:47:25 by "mach5one" with MS VC++ 17.1 (VS2022)

END.
