#
# There is insufficient memory for the Java Runtime Environment to continue.
# Native memory allocation (malloc) failed to allocate 145776 bytes for Chunk::new
# Possible reasons:
#   The system is out of physical RAM or swap space
#   The process is running with CompressedOops enabled, and the Java Heap may be blocking the growth of the native heap
# Possible solutions:
#   Reduce memory load on the system
#   Increase physical memory or swap space
#   Check if swap backing store is full
#   Decrease Java heap size (-Xmx/-Xms)
#   Decrease number of Java threads
#   Decrease Java thread stack sizes (-Xss)
#   Set larger code cache with -XX:ReservedCodeCacheSize=
#   JVM is running with Unscaled Compressed Oops mode in which the Java heap is
#     placed in the first 4GB address space. The Java Heap base address is the
#     maximum limit for the native heap growth. Please use -XX:HeapBaseMinAddress
#     to set the Java Heap base and to place the Java Heap above 4GB virtual address.
# This output file may be truncated or incomplete.
#
#  Out of Memory Error (arena.cpp:189), pid=23384, tid=23092
#
# JRE version: Java(TM) SE Runtime Environment (17.0.10+11) (build 17.0.10+11-LTS-240)
# Java VM: Java HotSpot(TM) 64-Bit Server VM (17.0.10+11-LTS-240, mixed mode, sharing, tiered, compressed oops, compressed class ptrs, g1 gc, windows-amd64)
# No core dump will be written. Minidumps are not enabled by default on client versions of Windows
#

---------------  S U M M A R Y ------------

Command Line: -XX:MaxMetaspaceSize=512m --add-opens=java.base/java.util=ALL-UNNAMED --add-opens=java.base/java.lang=ALL-UNNAMED --add-opens=java.base/java.lang.invoke=ALL-UNNAMED --add-opens=java.prefs/java.util.prefs=ALL-UNNAMED --add-opens=java.base/java.nio.charset=ALL-UNNAMED --add-opens=java.base/java.net=ALL-UNNAMED --add-opens=java.base/java.util.concurrent.atomic=ALL-UNNAMED -Xmx2048m -Dfile.encoding=windows-1252 -Duser.country=US -Duser.language=en -Duser.variant org.gradle.launcher.daemon.bootstrap.GradleDaemon 8.0.1

Host: Intel(R) Core(TM) i5-8400 CPU @ 2.80GHz, 6 cores, 7G,  Windows 10 , 64 bit Build 19041 (10.0.19041.5072)
Time: Fri Nov 22 13:46:25 2024 India Standard Time elapsed time: 34.820662 seconds (0d 0h 0m 34s)

---------------  T H R E A D  ---------------

Current thread (0x0000017a0018cfc0):  JavaThread "C2 CompilerThread0" daemon [_thread_in_native, id=23092, stack(0x0000002eae000000,0x0000002eae100000)]


Current CompileTask:
C2:  34820 19842       4       jdk.internal.reflect.Reflection::verifyMemberAccess (200 bytes)

Stack: [0x0000002eae000000,0x0000002eae100000]
Native frames: (J=compiled Java code, j=interpreted, Vv=VM code, C=native code)
V  [jvm.dll+0x677a5a]
V  [jvm.dll+0x7d8b2d]
V  [jvm.dll+0x7da48e]
V  [jvm.dll+0x7daaf3]
V  [jvm.dll+0x2455ff]
V  [jvm.dll+0xaaafb]
V  [jvm.dll+0xab09c]
V  [jvm.dll+0x361b5f]
V  [jvm.dll+0x32c211]
V  [jvm.dll+0x32b6aa]
V  [jvm.dll+0x21794f]
V  [jvm.dll+0x216d81]
V  [jvm.dll+0x1a3410]
V  [jvm.dll+0x226aeb]
V  [jvm.dll+0x224cab]
V  [jvm.dll+0x78e45c]
V  [jvm.dll+0x78888a]
V  [jvm.dll+0x676935]
C  [ucrtbase.dll+0x21bb2]
C  [KERNEL32.DLL+0x17374]
C  [ntdll.dll+0x4cc91]


---------------  P R O C E S S  ---------------

Threads class SMR info:
_java_thread_list=0x0000017a206a0ce0, length=126, elements={
0x0000017a623ba660, 0x0000017a001676d0, 0x0000017a00168a70, 0x0000017a001820f0,
0x0000017a001829c0, 0x0000017a001836a0, 0x0000017a00188df0, 0x0000017a0018cfc0,
0x0000017a00195990, 0x0000017a00189300, 0x0000017a0018a230, 0x0000017a001888e0,
0x0000017a0018b160, 0x0000017a00189810, 0x0000017a0018b670, 0x0000017a00189d20,
0x0000017a0018a740, 0x0000017a0018bb80, 0x0000017a0018c090, 0x0000017a2135c3d0,
0x0000017a2135ec50, 0x0000017a2135bec0, 0x0000017a2135b9b0, 0x0000017a2135aa80,
0x0000017a2135d300, 0x0000017a2135e740, 0x0000017a213614d0, 0x0000017a2135a060,
0x0000017a2135fb80, 0x0000017a2135c8e0, 0x0000017a2135af90, 0x0000017a21360ab0,
0x0000017a2135dd20, 0x0000017a2135b4a0, 0x0000017a2135a570, 0x0000017a2135f160,
0x0000017a2135e230, 0x0000017a2135cdf0, 0x0000017a2135d810, 0x0000017a23e83180,
0x0000017a23e83ba0, 0x0000017a23e83690, 0x0000017a23e7eaa0, 0x0000017a23e82760,
0x0000017a23e845c0, 0x0000017a23e840b0, 0x0000017a23e7f4c0, 0x0000017a23e81830,
0x0000017a23e81320, 0x0000017a23e7d150, 0x0000017a23e84ad0, 0x0000017a23e7d660,
0x0000017a23e82c70, 0x0000017a23e7efb0, 0x0000017a23e7db70, 0x0000017a23e80900,
0x0000017a23e7e080, 0x0000017a23e7e590, 0x0000017a23e7f9d0, 0x0000017a23e7fee0,
0x0000017a23e803f0, 0x0000017a23e80e10, 0x0000017a23e81d40, 0x0000017a23e82250,
0x0000017a244cf500, 0x0000017a244d1360, 0x0000017a244cff20, 0x0000017a244ceae0,
0x0000017a244ceff0, 0x0000017a244cb840, 0x0000017a244d0940, 0x0000017a244d1870,
0x0000017a244cfa10, 0x0000017a244d0e50, 0x0000017a244cbd50, 0x0000017a244cc260,
0x0000017a244ce0c0, 0x0000017a244d1d80, 0x0000017a244cc770, 0x0000017a244cb330,
0x0000017a244ca910, 0x0000017a244cd6a0, 0x0000017a244d2290, 0x0000017a244cdbb0,
0x0000017a244ce5d0, 0x0000017a244ccc80, 0x0000017a0018ac50, 0x0000017a24dce010,
0x0000017a24dcb790, 0x0000017a24dcc1b0, 0x0000017a24dcbca0, 0x0000017a24dcc6c0,
0x0000017a24dcb280, 0x0000017a24dccbd0, 0x0000017a24dcd0e0, 0x0000017a24dcd5f0,
0x0000017a24dce520, 0x0000017a24dcdb00, 0x0000017a24dcad70, 0x0000017a2302b9f0,
0x0000017a23028240, 0x0000017a2302a5b0, 0x0000017a2302afd0, 0x0000017a2302c920,
0x0000017a2302d340, 0x0000017a2302c410, 0x0000017a230263e0, 0x0000017a23029b90,
0x0000017a23029170, 0x0000017a2d9250b0, 0x0000017a2d9264f0, 0x0000017a2d929790,
0x0000017a2d928350, 0x0000017a2d928860, 0x0000017a2d929ca0, 0x0000017a2d923250,
0x0000017a2d92abd0, 0x0000017a2d923c70, 0x0000017a2d924ba0, 0x0000017a244d0430,
0x0000017a23025ed0, 0x0000017a23875fc0, 0x0000017a25bb6a60, 0x0000017a25bb97f0,
0x0000017a25bb6040, 0x0000017a25bb8dd0
}

Java Threads: ( => current thread )
  0x0000017a623ba660 JavaThread "main" [_thread_blocked, id=18640, stack(0x0000002ead300000,0x0000002ead400000)]
  0x0000017a001676d0 JavaThread "Reference Handler" daemon [_thread_blocked, id=10104, stack(0x0000002eada00000,0x0000002eadb00000)]
  0x0000017a00168a70 JavaThread "Finalizer" daemon [_thread_blocked, id=18076, stack(0x0000002eadb00000,0x0000002eadc00000)]
  0x0000017a001820f0 JavaThread "Signal Dispatcher" daemon [_thread_blocked, id=20248, stack(0x0000002eadc00000,0x0000002eadd00000)]
  0x0000017a001829c0 JavaThread "Attach Listener" daemon [_thread_blocked, id=16324, stack(0x0000002eadd00000,0x0000002eade00000)]
  0x0000017a001836a0 JavaThread "Service Thread" daemon [_thread_blocked, id=10476, stack(0x0000002eade00000,0x0000002eadf00000)]
  0x0000017a00188df0 JavaThread "Monitor Deflation Thread" daemon [_thread_blocked, id=10500, stack(0x0000002eadf00000,0x0000002eae000000)]
=>0x0000017a0018cfc0 JavaThread "C2 CompilerThread0" daemon [_thread_in_native, id=23092, stack(0x0000002eae000000,0x0000002eae100000)]
  0x0000017a00195990 JavaThread "C1 CompilerThread0" daemon [_thread_blocked, id=10932, stack(0x0000002eae100000,0x0000002eae200000)]
  0x0000017a00189300 JavaThread "Sweeper thread" daemon [_thread_blocked, id=23016, stack(0x0000002eae200000,0x0000002eae300000)]
  0x0000017a0018a230 JavaThread "Common-Cleaner" daemon [_thread_blocked, id=17088, stack(0x0000002eae300000,0x0000002eae400000)]
  0x0000017a001888e0 JavaThread "Notification Thread" daemon [_thread_blocked, id=3872, stack(0x0000002eae400000,0x0000002eae500000)]
  0x0000017a0018b160 JavaThread "Daemon health stats" [_thread_blocked, id=10016, stack(0x0000002eaeb00000,0x0000002eaec00000)]
  0x0000017a00189810 JavaThread "Incoming local TCP Connector on port 56855" [_thread_in_native, id=13872, stack(0x0000002eaec00000,0x0000002eaed00000)]
  0x0000017a0018b670 JavaThread "Daemon periodic checks" [_thread_blocked, id=11296, stack(0x0000002eaed00000,0x0000002eaee00000)]
  0x0000017a00189d20 JavaThread "Daemon" [_thread_blocked, id=13944, stack(0x0000002eaee00000,0x0000002eaef00000)]
  0x0000017a0018a740 JavaThread "Handler for socket connection from /127.0.0.1:56855 to /127.0.0.1:56858" [_thread_in_native, id=12536, stack(0x0000002eaef00000,0x0000002eaf000000)]
  0x0000017a0018bb80 JavaThread "Cancel handler" [_thread_blocked, id=17644, stack(0x0000002eaf000000,0x0000002eaf100000)]
  0x0000017a0018c090 JavaThread "Daemon worker" [_thread_blocked, id=18296, stack(0x0000002eaf100000,0x0000002eaf200000)]
  0x0000017a2135c3d0 JavaThread "Asynchronous log dispatcher for DefaultDaemonConnection: socket connection from /127.0.0.1:56855 to /127.0.0.1:56858" [_thread_in_vm, id=9248, stack(0x0000002eaf200000,0x0000002eaf300000)]
  0x0000017a2135ec50 JavaThread "Stdin handler" [_thread_blocked, id=22536, stack(0x0000002eaf300000,0x0000002eaf400000)]
  0x0000017a2135bec0 JavaThread "Daemon client event forwarder" [_thread_blocked, id=23352, stack(0x0000002eaf400000,0x0000002eaf500000)]
  0x0000017a2135b9b0 JavaThread "Cache worker for journal cache (C:\Users\Admin\.gradle\caches\journal-1)" [_thread_blocked, id=11144, stack(0x0000002eaf500000,0x0000002eaf600000)]
  0x0000017a2135aa80 JavaThread "File lock request listener" [_thread_in_native, id=22776, stack(0x0000002eaf600000,0x0000002eaf700000)]
  0x0000017a2135d300 JavaThread "Cache worker for file hash cache (C:\Users\Admin\.gradle\caches\8.0.1\fileHashes)" [_thread_blocked, id=9544, stack(0x0000002eaf700000,0x0000002eaf800000)]
  0x0000017a2135e740 JavaThread "Cache worker for checksums cache (E:\React Native\All Parking\Parking_Dual\android\.gradle\8.0.1\checksums)" [_thread_blocked, id=22732, stack(0x0000002eafb00000,0x0000002eafc00000)]
  0x0000017a213614d0 JavaThread "Cache worker for cache directory md-rule (C:\Users\Admin\.gradle\caches\8.0.1\md-rule)" [_thread_blocked, id=18316, stack(0x0000002eafc00000,0x0000002eafd00000)]
  0x0000017a2135a060 JavaThread "Cache worker for file content cache (C:\Users\Admin\.gradle\caches\8.0.1\fileContent)" [_thread_blocked, id=15424, stack(0x0000002eafd00000,0x0000002eafe00000)]
  0x0000017a2135fb80 JavaThread "Cache worker for file hash cache (E:\React Native\All Parking\Parking_Dual\android\.gradle\8.0.1\fileHashes)" [_thread_blocked, id=16400, stack(0x0000002eafe00000,0x0000002eaff00000)]
  0x0000017a2135c8e0 JavaThread "Cache worker for cache directory md-supplier (C:\Users\Admin\.gradle\caches\8.0.1\md-supplier)" [_thread_blocked, id=7196, stack(0x0000002eaff00000,0x0000002eb0000000)]
  0x0000017a2135af90 JavaThread "Cache worker for execution history cache (C:\Users\Admin\.gradle\caches\8.0.1\executionHistory)" [_thread_blocked, id=11424, stack(0x0000002eb0200000,0x0000002eb0300000)]
  0x0000017a21360ab0 JavaThread "jar transforms" [_thread_blocked, id=18308, stack(0x0000002eb0300000,0x0000002eb0400000)]
  0x0000017a2135dd20 JavaThread "jar transforms Thread 2" [_thread_blocked, id=11792, stack(0x0000002eb0400000,0x0000002eb0500000)]
  0x0000017a2135b4a0 JavaThread "jar transforms Thread 3" [_thread_blocked, id=10332, stack(0x0000002eb0500000,0x0000002eb0600000)]
  0x0000017a2135a570 JavaThread "jar transforms Thread 4" [_thread_blocked, id=20376, stack(0x0000002eb0600000,0x0000002eb0700000)]
  0x0000017a2135f160 JavaThread "Cache worker for kotlin-dsl (C:\Users\Admin\.gradle\caches\8.0.1\kotlin-dsl)" [_thread_blocked, id=9732, stack(0x0000002eb0700000,0x0000002eb0800000)]
  0x0000017a2135e230 JavaThread "jar transforms Thread 5" [_thread_blocked, id=22652, stack(0x0000002eb0800000,0x0000002eb0900000)]
  0x0000017a2135cdf0 JavaThread "jar transforms Thread 6" [_thread_blocked, id=19800, stack(0x0000002eb0900000,0x0000002eb0a00000)]
  0x0000017a2135d810 JavaThread "Cache worker for dependencies-accessors (E:\React Native\All Parking\Parking_Dual\android\.gradle\8.0.1\dependencies-accessors)" [_thread_blocked, id=4668, stack(0x0000002eb0a00000,0x0000002eb0b00000)]
  0x0000017a23e83180 JavaThread "Cache worker for Build Output Cleanup Cache (E:\React Native\All Parking\Parking_Dual\node_modules\@react-native\gradle-plugin\.gradle\buildOutputCleanup)" [_thread_blocked, id=2032, stack(0x0000002eb0b00000,0x0000002eb0c00000)]
  0x0000017a23e83ba0 JavaThread "Unconstrained build operations" [_thread_blocked, id=22948, stack(0x0000002eb0c00000,0x0000002eb0d00000)]
  0x0000017a23e83690 JavaThread "Unconstrained build operations Thread 2" [_thread_blocked, id=14948, stack(0x0000002eb0d00000,0x0000002eb0e00000)]
  0x0000017a23e7eaa0 JavaThread "Unconstrained build operations Thread 3" [_thread_blocked, id=23228, stack(0x0000002eb0e00000,0x0000002eb0f00000)]
  0x0000017a23e82760 JavaThread "Unconstrained build operations Thread 4" [_thread_blocked, id=9136, stack(0x0000002eb0f00000,0x0000002eb1000000)]
  0x0000017a23e845c0 JavaThread "Unconstrained build operations Thread 5" [_thread_blocked, id=23432, stack(0x0000002eb1000000,0x0000002eb1100000)]
  0x0000017a23e840b0 JavaThread "Unconstrained build operations Thread 6" [_thread_blocked, id=14196, stack(0x0000002eb1100000,0x0000002eb1200000)]
  0x0000017a23e7f4c0 JavaThread "Unconstrained build operations Thread 7" [_thread_blocked, id=18468, stack(0x0000002eb1200000,0x0000002eb1300000)]
  0x0000017a23e81830 JavaThread "Unconstrained build operations Thread 8" [_thread_blocked, id=20600, stack(0x0000002eb1300000,0x0000002eb1400000)]
  0x0000017a23e81320 JavaThread "Unconstrained build operations Thread 9" [_thread_blocked, id=2644, stack(0x0000002eb1400000,0x0000002eb1500000)]
  0x0000017a23e7d150 JavaThread "Unconstrained build operations Thread 10" [_thread_blocked, id=22624, stack(0x0000002eb1500000,0x0000002eb1600000)]
  0x0000017a23e84ad0 JavaThread "Unconstrained build operations Thread 11" [_thread_blocked, id=8292, stack(0x0000002eb1600000,0x0000002eb1700000)]
  0x0000017a23e7d660 JavaThread "Unconstrained build operations Thread 12" [_thread_blocked, id=23532, stack(0x0000002eb1700000,0x0000002eb1800000)]
  0x0000017a23e82c70 JavaThread "Unconstrained build operations Thread 13" [_thread_blocked, id=19180, stack(0x0000002eb1800000,0x0000002eb1900000)]
  0x0000017a23e7efb0 JavaThread "Unconstrained build operations Thread 14" [_thread_blocked, id=21964, stack(0x0000002eb1900000,0x0000002eb1a00000)]
  0x0000017a23e7db70 JavaThread "Unconstrained build operations Thread 15" [_thread_blocked, id=7248, stack(0x0000002eb1a00000,0x0000002eb1b00000)]
  0x0000017a23e80900 JavaThread "Unconstrained build operations Thread 16" [_thread_blocked, id=10660, stack(0x0000002eb1b00000,0x0000002eb1c00000)]
  0x0000017a23e7e080 JavaThread "Unconstrained build operations Thread 17" [_thread_blocked, id=20964, stack(0x0000002eb1c00000,0x0000002eb1d00000)]
  0x0000017a23e7e590 JavaThread "Unconstrained build operations Thread 18" [_thread_blocked, id=14648, stack(0x0000002eb1d00000,0x0000002eb1e00000)]
  0x0000017a23e7f9d0 JavaThread "Unconstrained build operations Thread 19" [_thread_blocked, id=22952, stack(0x0000002eb1e00000,0x0000002eb1f00000)]
  0x0000017a23e7fee0 JavaThread "Unconstrained build operations Thread 20" [_thread_blocked, id=6040, stack(0x0000002eb1f00000,0x0000002eb2000000)]
  0x0000017a23e803f0 JavaThread "Unconstrained build operations Thread 21" [_thread_blocked, id=23392, stack(0x0000002eb2000000,0x0000002eb2100000)]
  0x0000017a23e80e10 JavaThread "Unconstrained build operations Thread 22" [_thread_blocked, id=11824, stack(0x0000002eb2100000,0x0000002eb2200000)]
  0x0000017a23e81d40 JavaThread "Unconstrained build operations Thread 23" [_thread_blocked, id=21028, stack(0x0000002eb2200000,0x0000002eb2300000)]
  0x0000017a23e82250 JavaThread "Unconstrained build operations Thread 24" [_thread_blocked, id=7736, stack(0x0000002eb2300000,0x0000002eb2400000)]
  0x0000017a244cf500 JavaThread "Unconstrained build operations Thread 25" [_thread_blocked, id=19096, stack(0x0000002eb2400000,0x0000002eb2500000)]
  0x0000017a244d1360 JavaThread "Unconstrained build operations Thread 26" [_thread_blocked, id=11984, stack(0x0000002eb2500000,0x0000002eb2600000)]
  0x0000017a244cff20 JavaThread "Memory manager" [_thread_blocked, id=23008, stack(0x0000002eb2600000,0x0000002eb2700000)]
  0x0000017a244ceae0 JavaThread "Cache worker for Build Output Cleanup Cache (E:\React Native\All Parking\Parking_Dual\android\.gradle\buildOutputCleanup)" [_thread_blocked, id=6328, stack(0x0000002eb2700000,0x0000002eb2800000)]
  0x0000017a244ceff0 JavaThread "included builds" [_thread_blocked, id=5136, stack(0x0000002eb2800000,0x0000002eb2900000)]
  0x0000017a244cb840 JavaThread "Execution worker" [_thread_in_native, id=17528, stack(0x0000002eb2900000,0x0000002eb2a00000)]
  0x0000017a244d0940 JavaThread "Execution worker Thread 2" [_thread_blocked, id=19224, stack(0x0000002eb2a00000,0x0000002eb2b00000)]
  0x0000017a244d1870 JavaThread "Execution worker Thread 3" [_thread_blocked, id=21908, stack(0x0000002eb2b00000,0x0000002eb2c00000)]
  0x0000017a244cfa10 JavaThread "Execution worker Thread 4" [_thread_blocked, id=9608, stack(0x0000002eb2c00000,0x0000002eb2d00000)]
  0x0000017a244d0e50 JavaThread "Execution worker Thread 5" [_thread_blocked, id=15316, stack(0x0000002eb2d00000,0x0000002eb2e00000)]
  0x0000017a244cbd50 JavaThread "Cache worker for execution history cache (E:\React Native\All Parking\Parking_Dual\node_modules\@react-native\gradle-plugin\.gradle\8.0.1\executionHistory)" [_thread_blocked, id=14784, stack(0x0000002eb2e00000,0x0000002eb2f00000)]
  0x0000017a244cc260 JavaThread "Unconstrained build operations Thread 27" [_thread_blocked, id=9376, stack(0x0000002eb2f00000,0x0000002eb3000000)]
  0x0000017a244ce0c0 JavaThread "Unconstrained build operations Thread 28" [_thread_blocked, id=424, stack(0x0000002eb3000000,0x0000002eb3100000)]
  0x0000017a244d1d80 JavaThread "Unconstrained build operations Thread 29" [_thread_blocked, id=17012, stack(0x0000002eb3100000,0x0000002eb3200000)]
  0x0000017a244cc770 JavaThread "Unconstrained build operations Thread 30" [_thread_blocked, id=11804, stack(0x0000002eb3200000,0x0000002eb3300000)]
  0x0000017a244cb330 JavaThread "Unconstrained build operations Thread 31" [_thread_blocked, id=8032, stack(0x0000002eb3300000,0x0000002eb3400000)]
  0x0000017a244ca910 JavaThread "Unconstrained build operations Thread 32" [_thread_blocked, id=22084, stack(0x0000002eb3400000,0x0000002eb3500000)]
  0x0000017a244cd6a0 JavaThread "Unconstrained build operations Thread 33" [_thread_blocked, id=10160, stack(0x0000002eb3500000,0x0000002eb3600000)]
  0x0000017a244d2290 JavaThread "Unconstrained build operations Thread 34" [_thread_blocked, id=21596, stack(0x0000002eb3600000,0x0000002eb3700000)]
  0x0000017a244cdbb0 JavaThread "Unconstrained build operations Thread 35" [_thread_blocked, id=20208, stack(0x0000002eb3700000,0x0000002eb3800000)]
  0x0000017a244ce5d0 JavaThread "Unconstrained build operations Thread 36" [_thread_blocked, id=15460, stack(0x0000002eb3800000,0x0000002eb3900000)]
  0x0000017a244ccc80 JavaThread "Unconstrained build operations Thread 37" [_thread_blocked, id=19272, stack(0x0000002eb3900000,0x0000002eb3a00000)]
  0x0000017a0018ac50 JavaThread "Unconstrained build operations Thread 38" [_thread_blocked, id=13392, stack(0x0000002eb3a00000,0x0000002eb3b00000)]
  0x0000017a24dce010 JavaThread "Unconstrained build operations Thread 39" [_thread_blocked, id=17700, stack(0x0000002eb3b00000,0x0000002eb3c00000)]
  0x0000017a24dcb790 JavaThread "Unconstrained build operations Thread 40" [_thread_blocked, id=23292, stack(0x0000002eb3c00000,0x0000002eb3d00000)]
  0x0000017a24dcc1b0 JavaThread "Unconstrained build operations Thread 41" [_thread_blocked, id=23200, stack(0x0000002eb3d00000,0x0000002eb3e00000)]
  0x0000017a24dcbca0 JavaThread "Unconstrained build operations Thread 42" [_thread_blocked, id=16236, stack(0x0000002eb3e00000,0x0000002eb3f00000)]
  0x0000017a24dcc6c0 JavaThread "Unconstrained build operations Thread 43" [_thread_blocked, id=17472, stack(0x0000002eb3f00000,0x0000002eb4000000)]
  0x0000017a24dcb280 JavaThread "Unconstrained build operations Thread 44" [_thread_blocked, id=23076, stack(0x0000002eb4000000,0x0000002eb4100000)]
  0x0000017a24dccbd0 JavaThread "Unconstrained build operations Thread 45" [_thread_blocked, id=21548, stack(0x0000002eb4100000,0x0000002eb4200000)]
  0x0000017a24dcd0e0 JavaThread "Unconstrained build operations Thread 46" [_thread_blocked, id=11452, stack(0x0000002eb4200000,0x0000002eb4300000)]
  0x0000017a24dcd5f0 JavaThread "Unconstrained build operations Thread 47" [_thread_blocked, id=4420, stack(0x0000002eb4300000,0x0000002eb4400000)]
  0x0000017a24dce520 JavaThread "Unconstrained build operations Thread 48" [_thread_blocked, id=23188, stack(0x0000002eb4400000,0x0000002eb4500000)]
  0x0000017a24dcdb00 JavaThread "Unconstrained build operations Thread 49" [_thread_blocked, id=20560, stack(0x0000002eb4500000,0x0000002eb4600000)]
  0x0000017a24dcad70 JavaThread "Unconstrained build operations Thread 50" [_thread_blocked, id=16136, stack(0x0000002eb4600000,0x0000002eb4700000)]
  0x0000017a2302b9f0 JavaThread "Unconstrained build operations Thread 51" [_thread_blocked, id=15108, stack(0x0000002eb4700000,0x0000002eb4800000)]
  0x0000017a23028240 JavaThread "Unconstrained build operations Thread 52" [_thread_blocked, id=1032, stack(0x0000002eb4800000,0x0000002eb4900000)]
  0x0000017a2302a5b0 JavaThread "Unconstrained build operations Thread 53" [_thread_blocked, id=22940, stack(0x0000002eb4900000,0x0000002eb4a00000)]
  0x0000017a2302afd0 JavaThread "Unconstrained build operations Thread 54" [_thread_blocked, id=8328, stack(0x0000002eb4a00000,0x0000002eb4b00000)]
  0x0000017a2302c920 JavaThread "Unconstrained build operations Thread 55" [_thread_blocked, id=15496, stack(0x0000002eb4b00000,0x0000002eb4c00000)]
  0x0000017a2302d340 JavaThread "Unconstrained build operations Thread 56" [_thread_blocked, id=8112, stack(0x0000002eb4c00000,0x0000002eb4d00000)]
  0x0000017a2302c410 JavaThread "Unconstrained build operations Thread 57" [_thread_blocked, id=12028, stack(0x0000002eb4d00000,0x0000002eb4e00000)]
  0x0000017a230263e0 JavaThread "Unconstrained build operations Thread 58" [_thread_blocked, id=23260, stack(0x0000002eb4e00000,0x0000002eb4f00000)]
  0x0000017a23029b90 JavaThread "Unconstrained build operations Thread 59" [_thread_blocked, id=23056, stack(0x0000002eb4f00000,0x0000002eb5000000)]
  0x0000017a23029170 JavaThread "Unconstrained build operations Thread 60" [_thread_blocked, id=5124, stack(0x0000002eb5000000,0x0000002eb5100000)]
  0x0000017a2d9250b0 JavaThread "Cache worker for execution history cache (E:\React Native\All Parking\Parking_Dual\android\.gradle\8.0.1\executionHistory)" [_thread_blocked, id=13832, stack(0x0000002eb5300000,0x0000002eb5400000)]
  0x0000017a2d9264f0 JavaThread "WorkerExecutor Queue" [_thread_in_native, id=23336, stack(0x0000002eb5600000,0x0000002eb5700000)]
  0x0000017a2d929790 JavaThread "WorkerExecutor Queue Thread 2" [_thread_in_native, id=17592, stack(0x0000002eb5800000,0x0000002eb5900000)]
  0x0000017a2d928350 JavaThread "RMI Scheduler(0)" daemon [_thread_blocked, id=14856, stack(0x0000002eb5900000,0x0000002eb5a00000)]
  0x0000017a2d928860 JavaThread "RMI RenewClean-[127.0.0.1:17538,org.jetbrains.kotlin.daemon.common.LoopbackNetworkInterface$ClientLoopbackSocketFactory@498ac2c2]" daemon [_thread_blocked, id=14884, stack(0x0000002eb5a00000,0x0000002eb5b00000)]
  0x0000017a2d929ca0 JavaThread "RMI GC Daemon" daemon [_thread_blocked, id=13520, stack(0x0000002eb5b00000,0x0000002eb5c00000)]
  0x0000017a2d923250 JavaThread "RMI TCP Accept-0" daemon [_thread_in_native, id=13300, stack(0x0000002eb5c00000,0x0000002eb5d00000)]
  0x0000017a2d92abd0 JavaThread "RMI Reaper" [_thread_blocked, id=23476, stack(0x0000002eb5d00000,0x0000002eb5e00000)]
  0x0000017a2d923c70 JavaThread "RMI TCP Connection(1)-127.0.0.1" daemon [_thread_in_native, id=20004, stack(0x0000002eb5e00000,0x0000002eb5f00000)]
  0x0000017a2d924ba0 JavaThread "RMI RenewClean-[127.0.0.1:17881,org.jetbrains.kotlin.daemon.common.LoopbackNetworkInterface$ClientLoopbackSocketFactory@22cc88e8]" daemon [_thread_blocked, id=1848, stack(0x0000002eae600000,0x0000002eae700000)]
  0x0000017a244d0430 JavaThread "RMI TCP Accept-0" daemon [_thread_in_native, id=21788, stack(0x0000002eb5700000,0x0000002eb5800000)]
  0x0000017a23025ed0 JavaThread "RMI TCP Connection(2)-127.0.0.1" daemon [_thread_in_native, id=23004, stack(0x0000002eb5f00000,0x0000002eb6000000)]
  0x0000017a23875fc0 JavaThread "C2 CompilerThread1" daemon [_thread_in_native, id=23340, stack(0x0000002eb6000000,0x0000002eb6100000)]
  0x0000017a25bb6a60 JavaThread "WorkerExecutor Queue Thread 3" [_thread_in_native, id=15604, stack(0x0000002eb6100000,0x0000002eb6200000)]
  0x0000017a25bb97f0 JavaThread "WorkerExecutor Queue Thread 4" [_thread_in_Java, id=21456, stack(0x0000002eb6200000,0x0000002eb6300000)]
  0x0000017a25bb6040 JavaThread "WorkerExecutor Queue Thread 5" [_thread_in_native, id=1068, stack(0x0000002eb6300000,0x0000002eb6400000)]
  0x0000017a25bb8dd0 JavaThread "WorkerExecutor Queue Thread 6" [_thread_blocked, id=484, stack(0x0000002eb6400000,0x0000002eb6500000)]

Other Threads:
  0x0000017a001622f0 VMThread "VM Thread" [stack: 0x0000002ead900000,0x0000002eada00000] [id=10616]
  0x0000017a624386b0 WatcherThread [stack: 0x0000002eae500000,0x0000002eae600000] [id=18560]
  0x0000017a62417450 GCTaskThread "GC Thread#0" [stack: 0x0000002ead400000,0x0000002ead500000] [id=5708]
  0x0000017a00dd9760 GCTaskThread "GC Thread#1" [stack: 0x0000002eae700000,0x0000002eae800000] [id=4880]
  0x0000017a00aa2a60 GCTaskThread "GC Thread#2" [stack: 0x0000002eae800000,0x0000002eae900000] [id=15876]
  0x0000017a006eb580 GCTaskThread "GC Thread#3" [stack: 0x0000002eae900000,0x0000002eaea00000] [id=9836]
  0x0000017a00e3a690 GCTaskThread "GC Thread#4" [stack: 0x0000002eaea00000,0x0000002eaeb00000] [id=22656]
  0x0000017a20a209f0 GCTaskThread "GC Thread#5" [stack: 0x0000002eaf800000,0x0000002eaf900000] [id=12032]
  0x0000017a624282b0 ConcurrentGCThread "G1 Main Marker" [stack: 0x0000002ead500000,0x0000002ead600000] [id=12416]
  0x0000017a62429370 ConcurrentGCThread "G1 Conc#0" [stack: 0x0000002ead600000,0x0000002ead700000] [id=10884]
  0x0000017a22f788d0 ConcurrentGCThread "G1 Conc#1" [stack: 0x0000002eb0000000,0x0000002eb0100000] [id=19288]
  0x0000017a62488430 ConcurrentGCThread "G1 Refine#0" [stack: 0x0000002ead700000,0x0000002ead800000] [id=10436]
  0x0000017a22e85f10 ConcurrentGCThread "G1 Refine#1" [stack: 0x0000002eb0100000,0x0000002eb0200000] [id=9012]
  0x0000017a251ba8c0 ConcurrentGCThread "G1 Refine#2" [stack: 0x0000002eb5100000,0x0000002eb5200000] [id=7396]
  0x0000017a251bbd50 ConcurrentGCThread "G1 Refine#3" [stack: 0x0000002eb5200000,0x0000002eb5300000] [id=6288]
  0x0000017a000220b0 ConcurrentGCThread "G1 Service" [stack: 0x0000002ead800000,0x0000002ead900000] [id=20736]

Threads with active compile tasks:
C2 CompilerThread0    35136 19842       4       jdk.internal.reflect.Reflection::verifyMemberAccess (200 bytes)
C2 CompilerThread1    35137 19843   !   4       java.util.concurrent.ConcurrentHashMap::replaceNode (437 bytes)

VM state: not at safepoint (normal execution)

VM Mutex/Monitor currently owned by a thread: None

OutOfMemory and StackOverflow Exception counts:
OutOfMemoryError java_heap_errors=308
LinkageErrors=176

Heap address: 0x0000000080000000, size: 2048 MB, Compressed Oops mode: 32-bit

CDS archive(s) mapped at: [0x0000017a01000000-0x0000017a01bd0000-0x0000017a01bd0000), size 12386304, SharedBaseAddress: 0x0000017a01000000, ArchiveRelocationMode: 1.
Compressed class space mapped at: 0x0000017a02000000-0x0000017a1c000000, reserved size: 436207616
Narrow klass base: 0x0000017a01000000, Narrow klass shift: 0, Narrow klass range: 0x100000000

GC Precious Log:
 CPUs: 6 total, 6 available
 Memory: 8054M
 Large Page Support: Disabled
 NUMA Support: Disabled
 Compressed Oops: Enabled (32-bit)
 Heap Region Size: 1M
 Heap Min Capacity: 8M
 Heap Initial Capacity: 126M
 Heap Max Capacity: 2G
 Pre-touch: Disabled
 Parallel Workers: 6
 Concurrent Workers: 2
 Concurrent Refinement Workers: 6
 Periodic GC: Disabled

Heap:
 garbage-first heap   total 437248K, used 370641K [0x0000000080000000, 0x0000000100000000)
  region size 1024K, 68 young (69632K), 7 survivors (7168K)
 Metaspace       used 114045K, committed 115904K, reserved 557056K
  class space    used 15569K, committed 16448K, reserved 425984K

Heap Regions: E=young(eden), S=young(survivor), O=old, HS=humongous(starts), HC=humongous(continues), CS=collection set, F=free, OA=open archive, CA=closed archive, TAMS=top-at-mark-start (previous, next)
|   0|0x0000000080000000, 0x0000000080100000, 0x0000000080100000|100%|HS|  |TAMS 0x0000000080100000, 0x0000000080000000| Complete 
|   1|0x0000000080100000, 0x0000000080200000, 0x0000000080200000|100%|HC|  |TAMS 0x0000000080200000, 0x0000000080100000| Complete 
|   2|0x0000000080200000, 0x0000000080300000, 0x0000000080300000|100%|HC|  |TAMS 0x0000000080300000, 0x0000000080200000| Complete 
|   3|0x0000000080300000, 0x0000000080400000, 0x0000000080400000|100%|HC|  |TAMS 0x0000000080400000, 0x0000000080300000| Complete 
|   4|0x0000000080400000, 0x0000000080500000, 0x0000000080500000|100%| O|  |TAMS 0x0000000080500000, 0x0000000080400000| Untracked 
|   5|0x0000000080500000, 0x0000000080600000, 0x0000000080600000|100%| O|  |TAMS 0x0000000080600000, 0x0000000080500000| Untracked 
|   6|0x0000000080600000, 0x0000000080700000, 0x0000000080700000|100%| O|  |TAMS 0x0000000080700000, 0x0000000080600000| Untracked 
|   7|0x0000000080700000, 0x0000000080800000, 0x0000000080800000|100%| O|  |TAMS 0x0000000080800000, 0x0000000080700000| Untracked 
|   8|0x0000000080800000, 0x0000000080900000, 0x0000000080900000|100%| O|  |TAMS 0x0000000080900000, 0x0000000080800000| Untracked 
|   9|0x0000000080900000, 0x0000000080a00000, 0x0000000080a00000|100%| O|  |TAMS 0x0000000080a00000, 0x0000000080900000| Untracked 
|  10|0x0000000080a00000, 0x0000000080b00000, 0x0000000080b00000|100%| O|  |TAMS 0x0000000080b00000, 0x0000000080a00000| Untracked 
|  11|0x0000000080b00000, 0x0000000080c00000, 0x0000000080c00000|100%| O|  |TAMS 0x0000000080c00000, 0x0000000080b00000| Untracked 
|  12|0x0000000080c00000, 0x0000000080d00000, 0x0000000080d00000|100%| O|  |TAMS 0x0000000080d00000, 0x0000000080c00000| Untracked 
|  13|0x0000000080d00000, 0x0000000080e00000, 0x0000000080e00000|100%| O|  |TAMS 0x0000000080e00000, 0x0000000080d00000| Untracked 
|  14|0x0000000080e00000, 0x0000000080f00000, 0x0000000080f00000|100%| O|  |TAMS 0x0000000080f00000, 0x0000000080e00000| Untracked 
|  15|0x0000000080f00000, 0x0000000081000000, 0x0000000081000000|100%| O|  |TAMS 0x0000000081000000, 0x0000000080f00000| Untracked 
|  16|0x0000000081000000, 0x0000000081100000, 0x0000000081100000|100%| O|  |TAMS 0x0000000081100000, 0x0000000081000000| Untracked 
|  17|0x0000000081100000, 0x0000000081200000, 0x0000000081200000|100%| O|  |TAMS 0x0000000081200000, 0x0000000081100000| Untracked 
|  18|0x0000000081200000, 0x0000000081300000, 0x0000000081300000|100%| O|  |TAMS 0x0000000081300000, 0x0000000081200000| Untracked 
|  19|0x0000000081300000, 0x0000000081400000, 0x0000000081400000|100%| O|  |TAMS 0x0000000081400000, 0x0000000081300000| Untracked 
|  20|0x0000000081400000, 0x0000000081500000, 0x0000000081500000|100%| O|  |TAMS 0x0000000081500000, 0x0000000081400000| Untracked 
|  21|0x0000000081500000, 0x0000000081600000, 0x0000000081600000|100%|HS|  |TAMS 0x0000000081600000, 0x0000000081500000| Complete 
|  22|0x0000000081600000, 0x0000000081700000, 0x0000000081700000|100%| O|  |TAMS 0x0000000081700000, 0x0000000081600000| Untracked 
|  23|0x0000000081700000, 0x0000000081800000, 0x0000000081800000|100%| O|  |TAMS 0x0000000081800000, 0x0000000081700000| Untracked 
|  24|0x0000000081800000, 0x0000000081900000, 0x0000000081900000|100%| O|  |TAMS 0x0000000081900000, 0x0000000081800000| Untracked 
|  25|0x0000000081900000, 0x0000000081a00000, 0x0000000081a00000|100%| O|  |TAMS 0x0000000081a00000, 0x0000000081900000| Untracked 
|  26|0x0000000081a00000, 0x0000000081b00000, 0x0000000081b00000|100%| O|  |TAMS 0x0000000081b00000, 0x0000000081a00000| Untracked 
|  27|0x0000000081b00000, 0x0000000081c00000, 0x0000000081c00000|100%| O|  |TAMS 0x0000000081c00000, 0x0000000081b00000| Untracked 
|  28|0x0000000081c00000, 0x0000000081d00000, 0x0000000081d00000|100%| O|  |TAMS 0x0000000081d00000, 0x0000000081c00000| Untracked 
|  29|0x0000000081d00000, 0x0000000081e00000, 0x0000000081e00000|100%|HS|  |TAMS 0x0000000081e00000, 0x0000000081d00000| Complete 
|  30|0x0000000081e00000, 0x0000000081f00000, 0x0000000081f00000|100%|HC|  |TAMS 0x0000000081f00000, 0x0000000081e00000| Complete 
|  31|0x0000000081f00000, 0x0000000082000000, 0x0000000082000000|100%| O|  |TAMS 0x0000000082000000, 0x0000000081f00000| Untracked 
|  32|0x0000000082000000, 0x0000000082100000, 0x0000000082100000|100%| O|  |TAMS 0x0000000082100000, 0x0000000082000000| Untracked 
|  33|0x0000000082100000, 0x0000000082200000, 0x0000000082200000|100%| O|  |TAMS 0x0000000082200000, 0x0000000082100000| Untracked 
|  34|0x0000000082200000, 0x0000000082300000, 0x0000000082300000|100%| O|  |TAMS 0x0000000082300000, 0x0000000082200000| Untracked 
|  35|0x0000000082300000, 0x0000000082400000, 0x0000000082400000|100%| O|  |TAMS 0x0000000082400000, 0x0000000082300000| Untracked 
|  36|0x0000000082400000, 0x0000000082500000, 0x0000000082500000|100%| O|  |TAMS 0x0000000082500000, 0x0000000082400000| Untracked 
|  37|0x0000000082500000, 0x0000000082600000, 0x0000000082600000|100%| O|  |TAMS 0x0000000082600000, 0x0000000082500000| Untracked 
|  38|0x0000000082600000, 0x0000000082700000, 0x0000000082700000|100%|HS|  |TAMS 0x0000000082700000, 0x0000000082600000| Complete 
|  39|0x0000000082700000, 0x0000000082800000, 0x0000000082800000|100%|HC|  |TAMS 0x0000000082800000, 0x0000000082700000| Complete 
|  40|0x0000000082800000, 0x0000000082900000, 0x0000000082900000|100%|HC|  |TAMS 0x0000000082900000, 0x0000000082800000| Complete 
|  41|0x0000000082900000, 0x0000000082a00000, 0x0000000082a00000|100%|HC|  |TAMS 0x0000000082a00000, 0x0000000082900000| Complete 
|  42|0x0000000082a00000, 0x0000000082b00000, 0x0000000082b00000|100%| O|  |TAMS 0x0000000082b00000, 0x0000000082a00000| Untracked 
|  43|0x0000000082b00000, 0x0000000082c00000, 0x0000000082c00000|100%| O|  |TAMS 0x0000000082c00000, 0x0000000082b00000| Untracked 
|  44|0x0000000082c00000, 0x0000000082d00000, 0x0000000082d00000|100%| O|  |TAMS 0x0000000082d00000, 0x0000000082c00000| Untracked 
|  45|0x0000000082d00000, 0x0000000082e00000, 0x0000000082e00000|100%| O|  |TAMS 0x0000000082e00000, 0x0000000082d00000| Untracked 
|  46|0x0000000082e00000, 0x0000000082f00000, 0x0000000082f00000|100%| O|  |TAMS 0x0000000082f00000, 0x0000000082e00000| Untracked 
|  47|0x0000000082f00000, 0x0000000083000000, 0x0000000083000000|100%| O|  |TAMS 0x0000000083000000, 0x0000000082f00000| Untracked 
|  48|0x0000000083000000, 0x0000000083100000, 0x0000000083100000|100%| O|  |TAMS 0x0000000083100000, 0x0000000083000000| Untracked 
|  49|0x0000000083100000, 0x0000000083200000, 0x0000000083200000|100%| O|  |TAMS 0x0000000083200000, 0x0000000083100000| Untracked 
|  50|0x0000000083200000, 0x0000000083300000, 0x0000000083300000|100%| O|  |TAMS 0x0000000083300000, 0x0000000083200000| Untracked 
|  51|0x0000000083300000, 0x0000000083400000, 0x0000000083400000|100%| O|  |TAMS 0x0000000083400000, 0x0000000083300000| Untracked 
|  52|0x0000000083400000, 0x0000000083500000, 0x0000000083500000|100%| O|  |TAMS 0x0000000083500000, 0x0000000083400000| Untracked 
|  53|0x0000000083500000, 0x0000000083600000, 0x0000000083600000|100%| O|  |TAMS 0x0000000083600000, 0x0000000083500000| Untracked 
|  54|0x0000000083600000, 0x0000000083700000, 0x0000000083700000|100%| O|  |TAMS 0x0000000083700000, 0x0000000083600000| Untracked 
|  55|0x0000000083700000, 0x0000000083800000, 0x0000000083800000|100%| O|  |TAMS 0x0000000083800000, 0x0000000083700000| Untracked 
|  56|0x0000000083800000, 0x0000000083900000, 0x0000000083900000|100%| O|  |TAMS 0x0000000083900000, 0x0000000083800000| Untracked 
|  57|0x0000000083900000, 0x0000000083a00000, 0x0000000083a00000|100%| O|  |TAMS 0x0000000083a00000, 0x0000000083900000| Untracked 
|  58|0x0000000083a00000, 0x0000000083b00000, 0x0000000083b00000|100%| O|  |TAMS 0x0000000083b00000, 0x0000000083a00000| Untracked 
|  59|0x0000000083b00000, 0x0000000083c00000, 0x0000000083c00000|100%| O|  |TAMS 0x0000000083c00000, 0x0000000083b00000| Untracked 
|  60|0x0000000083c00000, 0x0000000083d00000, 0x0000000083d00000|100%|HS|  |TAMS 0x0000000083d00000, 0x0000000083c00000| Complete 
|  61|0x0000000083d00000, 0x0000000083e00000, 0x0000000083e00000|100%|HS|  |TAMS 0x0000000083e00000, 0x0000000083d00000| Complete 
|  62|0x0000000083e00000, 0x0000000083f00000, 0x0000000083f00000|100%| O|  |TAMS 0x0000000083f00000, 0x0000000083e00000| Untracked 
|  63|0x0000000083f00000, 0x0000000084000000, 0x0000000084000000|100%| O|  |TAMS 0x0000000084000000, 0x0000000083f00000| Untracked 
|  64|0x0000000084000000, 0x0000000084100000, 0x0000000084100000|100%| O|  |TAMS 0x0000000084100000, 0x0000000084000000| Untracked 
|  65|0x0000000084100000, 0x0000000084200000, 0x0000000084200000|100%| O|  |TAMS 0x0000000084200000, 0x0000000084100000| Untracked 
|  66|0x0000000084200000, 0x0000000084300000, 0x0000000084300000|100%| O|  |TAMS 0x0000000084300000, 0x0000000084200000| Untracked 
|  67|0x0000000084300000, 0x0000000084400000, 0x0000000084400000|100%| O|  |TAMS 0x0000000084400000, 0x0000000084300000| Untracked 
|  68|0x0000000084400000, 0x0000000084500000, 0x0000000084500000|100%| O|  |TAMS 0x0000000084500000, 0x0000000084400000| Untracked 
|  69|0x0000000084500000, 0x0000000084600000, 0x0000000084600000|100%| O|  |TAMS 0x0000000084600000, 0x0000000084500000| Untracked 
|  70|0x0000000084600000, 0x0000000084700000, 0x0000000084700000|100%| O|  |TAMS 0x0000000084700000, 0x0000000084600000| Untracked 
|  71|0x0000000084700000, 0x0000000084800000, 0x0000000084800000|100%| O|  |TAMS 0x0000000084800000, 0x0000000084700000| Untracked 
|  72|0x0000000084800000, 0x0000000084900000, 0x0000000084900000|100%| O|  |TAMS 0x0000000084900000, 0x0000000084800000| Untracked 
|  73|0x0000000084900000, 0x0000000084a00000, 0x0000000084a00000|100%| O|  |TAMS 0x0000000084a00000, 0x0000000084900000| Untracked 
|  74|0x0000000084a00000, 0x0000000084b00000, 0x0000000084b00000|100%| O|  |TAMS 0x0000000084b00000, 0x0000000084a00000| Untracked 
|  75|0x0000000084b00000, 0x0000000084c00000, 0x0000000084c00000|100%| O|  |TAMS 0x0000000084c00000, 0x0000000084b00000| Untracked 
|  76|0x0000000084c00000, 0x0000000084d00000, 0x0000000084d00000|100%| O|  |TAMS 0x0000000084d00000, 0x0000000084c00000| Untracked 
|  77|0x0000000084d00000, 0x0000000084e00000, 0x0000000084e00000|100%| O|  |TAMS 0x0000000084e00000, 0x0000000084d00000| Untracked 
|  78|0x0000000084e00000, 0x0000000084f00000, 0x0000000084f00000|100%| O|  |TAMS 0x0000000084f00000, 0x0000000084e00000| Untracked 
|  79|0x0000000084f00000, 0x0000000085000000, 0x0000000085000000|100%|HS|  |TAMS 0x0000000085000000, 0x0000000084f00000| Complete 
|  80|0x0000000085000000, 0x0000000085100000, 0x0000000085100000|100%|HS|  |TAMS 0x0000000085100000, 0x0000000085000000| Complete 
|  81|0x0000000085100000, 0x0000000085200000, 0x0000000085200000|100%|HS|  |TAMS 0x0000000085200000, 0x0000000085100000| Complete 
|  82|0x0000000085200000, 0x0000000085300000, 0x0000000085300000|100%|HC|  |TAMS 0x0000000085300000, 0x0000000085200000| Complete 
|  83|0x0000000085300000, 0x0000000085400000, 0x0000000085400000|100%|HC|  |TAMS 0x0000000085400000, 0x0000000085300000| Complete 
|  84|0x0000000085400000, 0x0000000085500000, 0x0000000085500000|100%|HS|  |TAMS 0x0000000085500000, 0x0000000085400000| Complete 
|  85|0x0000000085500000, 0x0000000085600000, 0x0000000085600000|100%|HC|  |TAMS 0x0000000085600000, 0x0000000085500000| Complete 
|  86|0x0000000085600000, 0x0000000085700000, 0x0000000085700000|100%| O|  |TAMS 0x0000000085700000, 0x0000000085600000| Untracked 
|  87|0x0000000085700000, 0x0000000085800000, 0x0000000085800000|100%| O|  |TAMS 0x0000000085800000, 0x0000000085700000| Untracked 
|  88|0x0000000085800000, 0x0000000085900000, 0x0000000085900000|100%| O|  |TAMS 0x0000000085900000, 0x0000000085800000| Untracked 
|  89|0x0000000085900000, 0x0000000085a00000, 0x0000000085a00000|100%| O|  |TAMS 0x0000000085a00000, 0x0000000085900000| Untracked 
|  90|0x0000000085a00000, 0x0000000085b00000, 0x0000000085b00000|100%| O|  |TAMS 0x0000000085b00000, 0x0000000085a00000| Untracked 
|  91|0x0000000085b00000, 0x0000000085c00000, 0x0000000085c00000|100%| O|  |TAMS 0x0000000085c00000, 0x0000000085b00000| Untracked 
|  92|0x0000000085c00000, 0x0000000085d00000, 0x0000000085d00000|100%| O|  |TAMS 0x0000000085d00000, 0x0000000085c00000| Untracked 
|  93|0x0000000085d00000, 0x0000000085e00000, 0x0000000085e00000|100%| O|  |TAMS 0x0000000085e00000, 0x0000000085d00000| Untracked 
|  94|0x0000000085e00000, 0x0000000085f00000, 0x0000000085f00000|100%| O|  |TAMS 0x0000000085f00000, 0x0000000085e00000| Untracked 
|  95|0x0000000085f00000, 0x0000000086000000, 0x0000000086000000|100%| O|  |TAMS 0x0000000086000000, 0x0000000085f00000| Untracked 
|  96|0x0000000086000000, 0x0000000086100000, 0x0000000086100000|100%| O|  |TAMS 0x0000000086100000, 0x0000000086000000| Untracked 
|  97|0x0000000086100000, 0x0000000086200000, 0x0000000086200000|100%|HS|  |TAMS 0x0000000086200000, 0x0000000086100000| Complete 
|  98|0x0000000086200000, 0x0000000086300000, 0x0000000086300000|100%|HC|  |TAMS 0x0000000086300000, 0x0000000086200000| Complete 
|  99|0x0000000086300000, 0x0000000086400000, 0x0000000086400000|100%|HC|  |TAMS 0x0000000086400000, 0x0000000086300000| Complete 
| 100|0x0000000086400000, 0x0000000086500000, 0x0000000086500000|100%|HS|  |TAMS 0x0000000086500000, 0x0000000086400000| Complete 
| 101|0x0000000086500000, 0x0000000086600000, 0x0000000086600000|100%|HC|  |TAMS 0x0000000086600000, 0x0000000086500000| Complete 
| 102|0x0000000086600000, 0x0000000086700000, 0x0000000086700000|100%|HS|  |TAMS 0x0000000086700000, 0x0000000086600000| Complete 
| 103|0x0000000086700000, 0x0000000086800000, 0x0000000086800000|100%| O|  |TAMS 0x0000000086800000, 0x0000000086700000| Untracked 
| 104|0x0000000086800000, 0x0000000086900000, 0x0000000086900000|100%| O|  |TAMS 0x0000000086900000, 0x0000000086800000| Untracked 
| 105|0x0000000086900000, 0x0000000086a00000, 0x0000000086a00000|100%| O|  |TAMS 0x0000000086a00000, 0x0000000086900000| Untracked 
| 106|0x0000000086a00000, 0x0000000086b00000, 0x0000000086b00000|100%| O|  |TAMS 0x0000000086b00000, 0x0000000086a00000| Untracked 
| 107|0x0000000086b00000, 0x0000000086c00000, 0x0000000086c00000|100%| O|  |TAMS 0x0000000086c00000, 0x0000000086b00000| Untracked 
| 108|0x0000000086c00000, 0x0000000086d00000, 0x0000000086d00000|100%| O|  |TAMS 0x0000000086d00000, 0x0000000086c00000| Untracked 
| 109|0x0000000086d00000, 0x0000000086e00000, 0x0000000086e00000|100%| O|  |TAMS 0x0000000086e00000, 0x0000000086d00000| Untracked 
| 110|0x0000000086e00000, 0x0000000086f00000, 0x0000000086f00000|100%| O|  |TAMS 0x0000000086f00000, 0x0000000086e00000| Untracked 
| 111|0x0000000086f00000, 0x0000000087000000, 0x0000000087000000|100%| O|  |TAMS 0x0000000087000000, 0x0000000086f00000| Untracked 
| 112|0x0000000087000000, 0x0000000087100000, 0x0000000087100000|100%| O|  |TAMS 0x0000000087100000, 0x0000000087000000| Untracked 
| 113|0x0000000087100000, 0x0000000087200000, 0x0000000087200000|100%| O|  |TAMS 0x0000000087200000, 0x0000000087100000| Untracked 
| 114|0x0000000087200000, 0x0000000087300000, 0x0000000087300000|100%| O|  |TAMS 0x0000000087300000, 0x0000000087200000| Untracked 
| 115|0x0000000087300000, 0x0000000087400000, 0x0000000087400000|100%| O|  |TAMS 0x0000000087400000, 0x0000000087300000| Untracked 
| 116|0x0000000087400000, 0x0000000087500000, 0x0000000087500000|100%| O|  |TAMS 0x0000000087500000, 0x0000000087400000| Untracked 
| 117|0x0000000087500000, 0x0000000087600000, 0x0000000087600000|100%| O|  |TAMS 0x0000000087600000, 0x0000000087500000| Untracked 
| 118|0x0000000087600000, 0x0000000087700000, 0x0000000087700000|100%| O|  |TAMS 0x0000000087700000, 0x0000000087600000| Untracked 
| 119|0x0000000087700000, 0x0000000087800000, 0x0000000087800000|100%| O|  |TAMS 0x0000000087800000, 0x0000000087700000| Untracked 
| 120|0x0000000087800000, 0x0000000087900000, 0x0000000087900000|100%| O|  |TAMS 0x0000000087900000, 0x0000000087800000| Untracked 
| 121|0x0000000087900000, 0x0000000087a00000, 0x0000000087a00000|100%| O|  |TAMS 0x0000000087a00000, 0x0000000087900000| Untracked 
| 122|0x0000000087a00000, 0x0000000087b00000, 0x0000000087b00000|100%| O|  |TAMS 0x0000000087b00000, 0x0000000087a00000| Untracked 
| 123|0x0000000087b00000, 0x0000000087c00000, 0x0000000087c00000|100%| O|  |TAMS 0x0000000087c00000, 0x0000000087b00000| Untracked 
| 124|0x0000000087c00000, 0x0000000087d00000, 0x0000000087d00000|100%| O|  |TAMS 0x0000000087d00000, 0x0000000087c00000| Untracked 
| 125|0x0000000087d00000, 0x0000000087e00000, 0x0000000087e00000|100%| O|  |TAMS 0x0000000087e00000, 0x0000000087d00000| Untracked 
| 126|0x0000000087e00000, 0x0000000087f00000, 0x0000000087f00000|100%| O|  |TAMS 0x0000000087f00000, 0x0000000087e00000| Untracked 
| 127|0x0000000087f00000, 0x0000000088000000, 0x0000000088000000|100%| O|  |TAMS 0x0000000088000000, 0x0000000087f00000| Untracked 
| 128|0x0000000088000000, 0x0000000088100000, 0x0000000088100000|100%| O|  |TAMS 0x0000000088100000, 0x0000000088000000| Untracked 
| 129|0x0000000088100000, 0x0000000088200000, 0x0000000088200000|100%| O|  |TAMS 0x0000000088200000, 0x0000000088100000| Untracked 
| 130|0x0000000088200000, 0x0000000088300000, 0x0000000088300000|100%| O|  |TAMS 0x0000000088300000, 0x0000000088200000| Untracked 
| 131|0x0000000088300000, 0x0000000088400000, 0x0000000088400000|100%| O|  |TAMS 0x0000000088400000, 0x0000000088300000| Untracked 
| 132|0x0000000088400000, 0x0000000088500000, 0x0000000088500000|100%| O|  |TAMS 0x0000000088500000, 0x0000000088400000| Untracked 
| 133|0x0000000088500000, 0x0000000088600000, 0x0000000088600000|100%| O|  |TAMS 0x0000000088600000, 0x0000000088500000| Untracked 
| 134|0x0000000088600000, 0x0000000088700000, 0x0000000088700000|100%| O|  |TAMS 0x0000000088700000, 0x0000000088600000| Untracked 
| 135|0x0000000088700000, 0x0000000088800000, 0x0000000088800000|100%| O|  |TAMS 0x0000000088800000, 0x0000000088700000| Untracked 
| 136|0x0000000088800000, 0x0000000088900000, 0x0000000088900000|100%| O|  |TAMS 0x0000000088900000, 0x0000000088800000| Untracked 
| 137|0x0000000088900000, 0x0000000088a00000, 0x0000000088a00000|100%| O|  |TAMS 0x0000000088a00000, 0x0000000088900000| Untracked 
| 138|0x0000000088a00000, 0x0000000088b00000, 0x0000000088b00000|100%| O|  |TAMS 0x0000000088b00000, 0x0000000088a00000| Untracked 
| 139|0x0000000088b00000, 0x0000000088c00000, 0x0000000088c00000|100%|HS|  |TAMS 0x0000000088b00000, 0x0000000088b00000| Complete 
| 140|0x0000000088c00000, 0x0000000088d00000, 0x0000000088d00000|100%| O|  |TAMS 0x0000000088d00000, 0x0000000088c00000| Untracked 
| 141|0x0000000088d00000, 0x0000000088e00000, 0x0000000088e00000|100%| O|  |TAMS 0x0000000088e00000, 0x0000000088d00000| Untracked 
| 142|0x0000000088e00000, 0x0000000088f00000, 0x0000000088f00000|100%| O|  |TAMS 0x0000000088f00000, 0x0000000088e00000| Untracked 
| 143|0x0000000088f00000, 0x0000000089000000, 0x0000000089000000|100%| O|  |TAMS 0x0000000089000000, 0x0000000088f00000| Untracked 
| 144|0x0000000089000000, 0x0000000089100000, 0x0000000089100000|100%| O|  |TAMS 0x0000000089100000, 0x0000000089000000| Untracked 
| 145|0x0000000089100000, 0x0000000089200000, 0x0000000089200000|100%| O|  |TAMS 0x0000000089200000, 0x0000000089100000| Untracked 
| 146|0x0000000089200000, 0x0000000089300000, 0x0000000089300000|100%| O|  |TAMS 0x0000000089300000, 0x0000000089200000| Untracked 
| 147|0x0000000089300000, 0x0000000089400000, 0x0000000089400000|100%|HS|  |TAMS 0x0000000089300000, 0x0000000089300000| Complete 
| 148|0x0000000089400000, 0x0000000089500000, 0x0000000089500000|100%| O|  |TAMS 0x0000000089500000, 0x0000000089400000| Untracked 
| 149|0x0000000089500000, 0x0000000089600000, 0x0000000089600000|100%| O|  |TAMS 0x0000000089600000, 0x0000000089500000| Untracked 
| 150|0x0000000089600000, 0x0000000089700000, 0x0000000089700000|100%| O|  |TAMS 0x0000000089700000, 0x0000000089600000| Untracked 
| 151|0x0000000089700000, 0x0000000089800000, 0x0000000089800000|100%| O|  |TAMS 0x0000000089800000, 0x0000000089700000| Untracked 
| 152|0x0000000089800000, 0x0000000089900000, 0x0000000089900000|100%| O|  |TAMS 0x0000000089900000, 0x0000000089800000| Untracked 
| 153|0x0000000089900000, 0x0000000089a00000, 0x0000000089a00000|100%| O|  |TAMS 0x0000000089900000, 0x0000000089900000| Untracked 
| 154|0x0000000089a00000, 0x0000000089b00000, 0x0000000089b00000|100%| O|  |TAMS 0x0000000089b00000, 0x0000000089a00000| Untracked 
| 155|0x0000000089b00000, 0x0000000089c00000, 0x0000000089c00000|100%|HS|  |TAMS 0x0000000089c00000, 0x0000000089b00000| Complete 
| 156|0x0000000089c00000, 0x0000000089d00000, 0x0000000089d00000|100%|HS|  |TAMS 0x0000000089d00000, 0x0000000089c00000| Complete 
| 157|0x0000000089d00000, 0x0000000089e00000, 0x0000000089e00000|100%|HS|  |TAMS 0x0000000089e00000, 0x0000000089d00000| Complete 
| 158|0x0000000089e00000, 0x0000000089f00000, 0x0000000089f00000|100%|HS|  |TAMS 0x0000000089f00000, 0x0000000089e00000| Complete 
| 159|0x0000000089f00000, 0x000000008a000000, 0x000000008a000000|100%|HS|  |TAMS 0x000000008a000000, 0x0000000089f00000| Complete 
| 160|0x000000008a000000, 0x000000008a100000, 0x000000008a100000|100%|HC|  |TAMS 0x000000008a100000, 0x000000008a000000| Complete 
| 161|0x000000008a100000, 0x000000008a200000, 0x000000008a200000|100%|HC|  |TAMS 0x000000008a200000, 0x000000008a100000| Complete 
| 162|0x000000008a200000, 0x000000008a300000, 0x000000008a300000|100%| O|  |TAMS 0x000000008a200000, 0x000000008a200000| Untracked 
| 163|0x000000008a300000, 0x000000008a400000, 0x000000008a400000|100%| O|  |TAMS 0x000000008a400000, 0x000000008a300000| Untracked 
| 164|0x000000008a400000, 0x000000008a500000, 0x000000008a500000|100%| O|  |TAMS 0x000000008a500000, 0x000000008a400000| Untracked 
| 165|0x000000008a500000, 0x000000008a600000, 0x000000008a600000|100%| O|  |TAMS 0x000000008a600000, 0x000000008a500000| Untracked 
| 166|0x000000008a600000, 0x000000008a700000, 0x000000008a700000|100%| O|  |TAMS 0x000000008a700000, 0x000000008a600000| Untracked 
| 167|0x000000008a700000, 0x000000008a800000, 0x000000008a800000|100%| O|  |TAMS 0x000000008a800000, 0x000000008a700000| Untracked 
| 168|0x000000008a800000, 0x000000008a900000, 0x000000008a900000|100%| O|  |TAMS 0x000000008a900000, 0x000000008a800000| Untracked 
| 169|0x000000008a900000, 0x000000008aa00000, 0x000000008aa00000|100%| O|  |TAMS 0x000000008aa00000, 0x000000008a900000| Untracked 
| 170|0x000000008aa00000, 0x000000008ab00000, 0x000000008ab00000|100%| O|  |TAMS 0x000000008ab00000, 0x000000008aa00000| Untracked 
| 171|0x000000008ab00000, 0x000000008ac00000, 0x000000008ac00000|100%| O|  |TAMS 0x000000008abc0600, 0x000000008ab00000| Untracked 
| 172|0x000000008ac00000, 0x000000008ad00000, 0x000000008ad00000|100%|HS|  |TAMS 0x000000008ad00000, 0x000000008ac00000| Complete 
| 173|0x000000008ad00000, 0x000000008ae00000, 0x000000008ae00000|100%|HC|  |TAMS 0x000000008ae00000, 0x000000008ad00000| Complete 
| 174|0x000000008ae00000, 0x000000008af00000, 0x000000008af00000|100%|HS|  |TAMS 0x000000008af00000, 0x000000008ae00000| Complete 
| 175|0x000000008af00000, 0x000000008b000000, 0x000000008b000000|100%|HC|  |TAMS 0x000000008b000000, 0x000000008af00000| Complete 
| 176|0x000000008b000000, 0x000000008b100000, 0x000000008b100000|100%|HC|  |TAMS 0x000000008b100000, 0x000000008b000000| Complete 
| 177|0x000000008b100000, 0x000000008b200000, 0x000000008b200000|100%|HC|  |TAMS 0x000000008b200000, 0x000000008b100000| Complete 
| 178|0x000000008b200000, 0x000000008b300000, 0x000000008b300000|100%| O|  |TAMS 0x000000008b200000, 0x000000008b200000| Untracked 
| 179|0x000000008b300000, 0x000000008b400000, 0x000000008b400000|100%| O|  |TAMS 0x000000008b300000, 0x000000008b300000| Untracked 
| 180|0x000000008b400000, 0x000000008b500000, 0x000000008b500000|100%| O|  |TAMS 0x000000008b400000, 0x000000008b400000| Untracked 
| 181|0x000000008b500000, 0x000000008b600000, 0x000000008b600000|100%| O|  |TAMS 0x000000008b500000, 0x000000008b500000| Untracked 
| 182|0x000000008b600000, 0x000000008b700000, 0x000000008b700000|100%| O|  |TAMS 0x000000008b600000, 0x000000008b600000| Untracked 
| 183|0x000000008b700000, 0x000000008b800000, 0x000000008b800000|100%| O|  |TAMS 0x000000008b700000, 0x000000008b700000| Untracked 
| 184|0x000000008b800000, 0x000000008b900000, 0x000000008b900000|100%| O|  |TAMS 0x000000008b800000, 0x000000008b800000| Untracked 
| 185|0x000000008b900000, 0x000000008ba00000, 0x000000008ba00000|100%| O|  |TAMS 0x000000008b900000, 0x000000008b900000| Untracked 
| 186|0x000000008ba00000, 0x000000008bb00000, 0x000000008bb00000|100%| O|  |TAMS 0x000000008ba00000, 0x000000008ba00000| Untracked 
| 187|0x000000008bb00000, 0x000000008bc00000, 0x000000008bc00000|100%| O|  |TAMS 0x000000008bb00000, 0x000000008bb00000| Untracked 
| 188|0x000000008bc00000, 0x000000008bd00000, 0x000000008bd00000|100%| O|  |TAMS 0x000000008bc00000, 0x000000008bc00000| Untracked 
| 189|0x000000008bd00000, 0x000000008be00000, 0x000000008be00000|100%| O|  |TAMS 0x000000008bd00000, 0x000000008bd00000| Untracked 
| 190|0x000000008be00000, 0x000000008bf00000, 0x000000008bf00000|100%| O|  |TAMS 0x000000008be00000, 0x000000008be00000| Untracked 
| 191|0x000000008bf00000, 0x000000008c000000, 0x000000008c000000|100%| O|  |TAMS 0x000000008bf00000, 0x000000008bf00000| Untracked 
| 192|0x000000008c000000, 0x000000008c100000, 0x000000008c100000|100%| O|  |TAMS 0x000000008c000000, 0x000000008c000000| Untracked 
| 193|0x000000008c100000, 0x000000008c200000, 0x000000008c200000|100%| O|  |TAMS 0x000000008c100000, 0x000000008c100000| Untracked 
| 194|0x000000008c200000, 0x000000008c300000, 0x000000008c300000|100%| O|  |TAMS 0x000000008c200000, 0x000000008c200000| Untracked 
| 195|0x000000008c300000, 0x000000008c400000, 0x000000008c400000|100%| O|  |TAMS 0x000000008c300000, 0x000000008c300000| Untracked 
| 196|0x000000008c400000, 0x000000008c500000, 0x000000008c500000|100%| O|  |TAMS 0x000000008c400000, 0x000000008c400000| Untracked 
| 197|0x000000008c500000, 0x000000008c600000, 0x000000008c600000|100%| O|  |TAMS 0x000000008c500000, 0x000000008c500000| Untracked 
| 198|0x000000008c600000, 0x000000008c700000, 0x000000008c700000|100%| O|  |TAMS 0x000000008c600000, 0x000000008c600000| Untracked 
| 199|0x000000008c700000, 0x000000008c800000, 0x000000008c800000|100%| O|  |TAMS 0x000000008c700000, 0x000000008c700000| Untracked 
| 200|0x000000008c800000, 0x000000008c900000, 0x000000008c900000|100%| O|  |TAMS 0x000000008c800000, 0x000000008c800000| Untracked 
| 201|0x000000008c900000, 0x000000008ca00000, 0x000000008ca00000|100%| O|  |TAMS 0x000000008c900000, 0x000000008c900000| Untracked 
| 202|0x000000008ca00000, 0x000000008cb00000, 0x000000008cb00000|100%| O|  |TAMS 0x000000008ca00000, 0x000000008ca00000| Untracked 
| 203|0x000000008cb00000, 0x000000008cc00000, 0x000000008cc00000|100%| O|  |TAMS 0x000000008cb00000, 0x000000008cb00000| Untracked 
| 204|0x000000008cc00000, 0x000000008cd00000, 0x000000008cd00000|100%| O|  |TAMS 0x000000008cc00000, 0x000000008cc00000| Untracked 
| 205|0x000000008cd00000, 0x000000008ce00000, 0x000000008ce00000|100%| O|  |TAMS 0x000000008cd00000, 0x000000008cd00000| Untracked 
| 206|0x000000008ce00000, 0x000000008cf00000, 0x000000008cf00000|100%| O|  |TAMS 0x000000008ce00000, 0x000000008ce00000| Untracked 
| 207|0x000000008cf00000, 0x000000008d000000, 0x000000008d000000|100%| O|  |TAMS 0x000000008cf00000, 0x000000008cf00000| Untracked 
| 208|0x000000008d000000, 0x000000008d100000, 0x000000008d100000|100%| O|  |TAMS 0x000000008d000000, 0x000000008d000000| Untracked 
| 209|0x000000008d100000, 0x000000008d200000, 0x000000008d200000|100%| O|  |TAMS 0x000000008d100000, 0x000000008d100000| Untracked 
| 210|0x000000008d200000, 0x000000008d300000, 0x000000008d300000|100%| O|  |TAMS 0x000000008d200000, 0x000000008d200000| Untracked 
| 211|0x000000008d300000, 0x000000008d400000, 0x000000008d400000|100%| O|  |TAMS 0x000000008d300000, 0x000000008d300000| Untracked 
| 212|0x000000008d400000, 0x000000008d500000, 0x000000008d500000|100%| O|  |TAMS 0x000000008d400000, 0x000000008d400000| Untracked 
| 213|0x000000008d500000, 0x000000008d600000, 0x000000008d600000|100%| O|  |TAMS 0x000000008d500000, 0x000000008d500000| Untracked 
| 214|0x000000008d600000, 0x000000008d700000, 0x000000008d700000|100%| O|  |TAMS 0x000000008d600000, 0x000000008d600000| Untracked 
| 215|0x000000008d700000, 0x000000008d800000, 0x000000008d800000|100%| O|  |TAMS 0x000000008d700000, 0x000000008d700000| Untracked 
| 216|0x000000008d800000, 0x000000008d900000, 0x000000008d900000|100%| O|  |TAMS 0x000000008d800000, 0x000000008d800000| Untracked 
| 217|0x000000008d900000, 0x000000008da00000, 0x000000008da00000|100%| O|  |TAMS 0x000000008d900000, 0x000000008d900000| Untracked 
| 218|0x000000008da00000, 0x000000008db00000, 0x000000008db00000|100%| O|  |TAMS 0x000000008da00000, 0x000000008da00000| Untracked 
| 219|0x000000008db00000, 0x000000008dc00000, 0x000000008dc00000|100%| O|  |TAMS 0x000000008db00000, 0x000000008db00000| Untracked 
| 220|0x000000008dc00000, 0x000000008dd00000, 0x000000008dd00000|100%| O|  |TAMS 0x000000008dc00000, 0x000000008dc00000| Untracked 
| 221|0x000000008dd00000, 0x000000008de00000, 0x000000008de00000|100%| O|  |TAMS 0x000000008dd00000, 0x000000008dd00000| Untracked 
| 222|0x000000008de00000, 0x000000008df00000, 0x000000008df00000|100%| O|  |TAMS 0x000000008de00000, 0x000000008de00000| Untracked 
| 223|0x000000008df00000, 0x000000008e000000, 0x000000008e000000|100%| O|  |TAMS 0x000000008df00000, 0x000000008df00000| Untracked 
| 224|0x000000008e000000, 0x000000008e100000, 0x000000008e100000|100%| O|  |TAMS 0x000000008e000000, 0x000000008e000000| Untracked 
| 225|0x000000008e100000, 0x000000008e200000, 0x000000008e200000|100%| O|  |TAMS 0x000000008e100000, 0x000000008e100000| Untracked 
| 226|0x000000008e200000, 0x000000008e300000, 0x000000008e300000|100%| O|  |TAMS 0x000000008e200000, 0x000000008e200000| Untracked 
| 227|0x000000008e300000, 0x000000008e400000, 0x000000008e400000|100%| O|  |TAMS 0x000000008e300000, 0x000000008e300000| Untracked 
| 228|0x000000008e400000, 0x000000008e500000, 0x000000008e500000|100%| O|  |TAMS 0x000000008e400000, 0x000000008e400000| Untracked 
| 229|0x000000008e500000, 0x000000008e600000, 0x000000008e600000|100%| O|  |TAMS 0x000000008e500000, 0x000000008e500000| Untracked 
| 230|0x000000008e600000, 0x000000008e700000, 0x000000008e700000|100%| O|  |TAMS 0x000000008e600000, 0x000000008e600000| Untracked 
| 231|0x000000008e700000, 0x000000008e800000, 0x000000008e800000|100%| O|  |TAMS 0x000000008e700000, 0x000000008e700000| Untracked 
| 232|0x000000008e800000, 0x000000008e900000, 0x000000008e900000|100%| O|  |TAMS 0x000000008e800000, 0x000000008e800000| Untracked 
| 233|0x000000008e900000, 0x000000008ea00000, 0x000000008ea00000|100%| O|  |TAMS 0x000000008e900000, 0x000000008e900000| Untracked 
| 234|0x000000008ea00000, 0x000000008eb00000, 0x000000008eb00000|100%| O|  |TAMS 0x000000008ea00000, 0x000000008ea00000| Untracked 
| 235|0x000000008eb00000, 0x000000008ec00000, 0x000000008ec00000|100%| O|  |TAMS 0x000000008eb00000, 0x000000008eb00000| Untracked 
| 236|0x000000008ec00000, 0x000000008ed00000, 0x000000008ed00000|100%| O|  |TAMS 0x000000008ec00000, 0x000000008ec00000| Untracked 
| 237|0x000000008ed00000, 0x000000008ee00000, 0x000000008ee00000|100%| O|  |TAMS 0x000000008ed00000, 0x000000008ed00000| Untracked 
| 238|0x000000008ee00000, 0x000000008ef00000, 0x000000008ef00000|100%| O|  |TAMS 0x000000008ee00000, 0x000000008ee00000| Untracked 
| 239|0x000000008ef00000, 0x000000008f000000, 0x000000008f000000|100%| O|  |TAMS 0x000000008ef00000, 0x000000008ef00000| Untracked 
| 240|0x000000008f000000, 0x000000008f100000, 0x000000008f100000|100%| O|  |TAMS 0x000000008f000000, 0x000000008f000000| Untracked 
| 241|0x000000008f100000, 0x000000008f200000, 0x000000008f200000|100%| O|  |TAMS 0x000000008f100000, 0x000000008f100000| Untracked 
| 242|0x000000008f200000, 0x000000008f300000, 0x000000008f300000|100%| O|  |TAMS 0x000000008f200000, 0x000000008f200000| Untracked 
| 243|0x000000008f300000, 0x000000008f400000, 0x000000008f400000|100%| O|  |TAMS 0x000000008f300000, 0x000000008f300000| Untracked 
| 244|0x000000008f400000, 0x000000008f500000, 0x000000008f500000|100%| O|  |TAMS 0x000000008f400000, 0x000000008f400000| Untracked 
| 245|0x000000008f500000, 0x000000008f600000, 0x000000008f600000|100%| O|  |TAMS 0x000000008f500000, 0x000000008f500000| Untracked 
| 246|0x000000008f600000, 0x000000008f700000, 0x000000008f700000|100%| O|  |TAMS 0x000000008f600000, 0x000000008f600000| Untracked 
| 247|0x000000008f700000, 0x000000008f800000, 0x000000008f800000|100%| O|  |TAMS 0x000000008f700000, 0x000000008f700000| Untracked 
| 248|0x000000008f800000, 0x000000008f900000, 0x000000008f900000|100%| O|  |TAMS 0x000000008f800000, 0x000000008f800000| Untracked 
| 249|0x000000008f900000, 0x000000008fa00000, 0x000000008fa00000|100%| O|  |TAMS 0x000000008f900000, 0x000000008f900000| Untracked 
| 250|0x000000008fa00000, 0x000000008fb00000, 0x000000008fb00000|100%| O|  |TAMS 0x000000008fa00000, 0x000000008fa00000| Untracked 
| 251|0x000000008fb00000, 0x000000008fc00000, 0x000000008fc00000|100%| O|  |TAMS 0x000000008fb00000, 0x000000008fb00000| Untracked 
| 252|0x000000008fc00000, 0x000000008fd00000, 0x000000008fd00000|100%| O|  |TAMS 0x000000008fc00000, 0x000000008fc00000| Untracked 
| 253|0x000000008fd00000, 0x000000008fe00000, 0x000000008fe00000|100%| O|  |TAMS 0x000000008fd00000, 0x000000008fd00000| Untracked 
| 254|0x000000008fe00000, 0x000000008ff00000, 0x000000008ff00000|100%| O|  |TAMS 0x000000008fe00000, 0x000000008fe00000| Untracked 
| 255|0x000000008ff00000, 0x0000000090000000, 0x0000000090000000|100%| O|  |TAMS 0x000000008ff00000, 0x000000008ff00000| Untracked 
| 256|0x0000000090000000, 0x0000000090100000, 0x0000000090100000|100%| O|  |TAMS 0x0000000090000000, 0x0000000090000000| Untracked 
| 257|0x0000000090100000, 0x0000000090200000, 0x0000000090200000|100%| O|  |TAMS 0x0000000090100000, 0x0000000090100000| Untracked 
| 258|0x0000000090200000, 0x0000000090300000, 0x0000000090300000|100%| O|  |TAMS 0x0000000090200000, 0x0000000090200000| Untracked 
| 259|0x0000000090300000, 0x0000000090400000, 0x0000000090400000|100%| O|  |TAMS 0x0000000090300000, 0x0000000090300000| Untracked 
| 260|0x0000000090400000, 0x0000000090500000, 0x0000000090500000|100%| O|  |TAMS 0x0000000090400000, 0x0000000090400000| Untracked 
| 261|0x0000000090500000, 0x0000000090600000, 0x0000000090600000|100%| O|  |TAMS 0x0000000090500000, 0x0000000090500000| Untracked 
| 262|0x0000000090600000, 0x0000000090700000, 0x0000000090700000|100%| O|  |TAMS 0x0000000090600000, 0x0000000090600000| Untracked 
| 263|0x0000000090700000, 0x0000000090800000, 0x0000000090800000|100%| O|  |TAMS 0x0000000090700000, 0x0000000090700000| Untracked 
| 264|0x0000000090800000, 0x0000000090900000, 0x0000000090900000|100%| O|  |TAMS 0x0000000090800000, 0x0000000090800000| Untracked 
| 265|0x0000000090900000, 0x0000000090a00000, 0x0000000090a00000|100%| O|  |TAMS 0x0000000090900000, 0x0000000090900000| Untracked 
| 266|0x0000000090a00000, 0x0000000090b00000, 0x0000000090b00000|100%| O|  |TAMS 0x0000000090a00000, 0x0000000090a00000| Untracked 
| 267|0x0000000090b00000, 0x0000000090c00000, 0x0000000090c00000|100%| O|  |TAMS 0x0000000090b00000, 0x0000000090b00000| Untracked 
| 268|0x0000000090c00000, 0x0000000090d00000, 0x0000000090d00000|100%| O|  |TAMS 0x0000000090c00000, 0x0000000090c00000| Untracked 
| 269|0x0000000090d00000, 0x0000000090e00000, 0x0000000090e00000|100%| O|  |TAMS 0x0000000090d00000, 0x0000000090d00000| Untracked 
| 270|0x0000000090e00000, 0x0000000090f00000, 0x0000000090f00000|100%| O|  |TAMS 0x0000000090e00000, 0x0000000090e00000| Untracked 
| 271|0x0000000090f00000, 0x0000000091000000, 0x0000000091000000|100%| O|  |TAMS 0x0000000090f00000, 0x0000000090f00000| Untracked 
| 272|0x0000000091000000, 0x0000000091100000, 0x0000000091100000|100%| O|  |TAMS 0x0000000091000000, 0x0000000091000000| Untracked 
| 273|0x0000000091100000, 0x0000000091200000, 0x0000000091200000|100%| O|  |TAMS 0x0000000091100000, 0x0000000091100000| Untracked 
| 274|0x0000000091200000, 0x0000000091300000, 0x0000000091300000|100%| O|  |TAMS 0x0000000091200000, 0x0000000091200000| Untracked 
| 275|0x0000000091300000, 0x0000000091400000, 0x0000000091400000|100%| O|  |TAMS 0x0000000091300000, 0x0000000091300000| Untracked 
| 276|0x0000000091400000, 0x0000000091500000, 0x0000000091500000|100%| O|  |TAMS 0x0000000091400000, 0x0000000091400000| Untracked 
| 277|0x0000000091500000, 0x0000000091600000, 0x0000000091600000|100%|HS|  |TAMS 0x0000000091500000, 0x0000000091500000| Complete 
| 278|0x0000000091600000, 0x0000000091700000, 0x0000000091700000|100%|HC|  |TAMS 0x0000000091600000, 0x0000000091600000| Complete 
| 279|0x0000000091700000, 0x0000000091800000, 0x0000000091800000|100%| O|  |TAMS 0x0000000091700000, 0x0000000091700000| Untracked 
| 280|0x0000000091800000, 0x0000000091900000, 0x0000000091900000|100%| O|  |TAMS 0x0000000091800000, 0x0000000091800000| Untracked 
| 281|0x0000000091900000, 0x0000000091a00000, 0x0000000091a00000|100%| O|  |TAMS 0x0000000091900000, 0x0000000091900000| Untracked 
| 282|0x0000000091a00000, 0x0000000091b00000, 0x0000000091b00000|100%| O|  |TAMS 0x0000000091a00000, 0x0000000091a00000| Untracked 
| 283|0x0000000091b00000, 0x0000000091c00000, 0x0000000091c00000|100%| O|  |TAMS 0x0000000091b00000, 0x0000000091b00000| Untracked 
| 284|0x0000000091c00000, 0x0000000091d00000, 0x0000000091d00000|100%| O|  |TAMS 0x0000000091c00000, 0x0000000091c00000| Untracked 
| 285|0x0000000091d00000, 0x0000000091e00000, 0x0000000091e00000|100%| O|  |TAMS 0x0000000091d00000, 0x0000000091d00000| Untracked 
| 286|0x0000000091e00000, 0x0000000091f00000, 0x0000000091f00000|100%| O|  |TAMS 0x0000000091e00000, 0x0000000091e00000| Untracked 
| 287|0x0000000091f00000, 0x0000000092000000, 0x0000000092000000|100%|HS|  |TAMS 0x0000000091f00000, 0x0000000091f00000| Complete 
| 288|0x0000000092000000, 0x0000000092100000, 0x0000000092100000|100%|HC|  |TAMS 0x0000000092000000, 0x0000000092000000| Complete 
| 289|0x0000000092100000, 0x0000000092200000, 0x0000000092200000|100%| O|  |TAMS 0x0000000092100000, 0x0000000092100000| Untracked 
| 290|0x0000000092200000, 0x0000000092300000, 0x0000000092300000|100%| O|  |TAMS 0x0000000092200000, 0x0000000092200000| Untracked 
| 291|0x0000000092300000, 0x0000000092400000, 0x0000000092400000|100%| O|  |TAMS 0x0000000092300000, 0x0000000092300000| Untracked 
| 292|0x0000000092400000, 0x0000000092500000, 0x0000000092500000|100%| O|  |TAMS 0x0000000092400000, 0x0000000092400000| Untracked 
| 293|0x0000000092500000, 0x0000000092600000, 0x0000000092600000|100%| O|  |TAMS 0x0000000092500000, 0x0000000092500000| Untracked 
| 294|0x0000000092600000, 0x0000000092700000, 0x0000000092700000|100%| O|  |TAMS 0x0000000092600000, 0x0000000092600000| Untracked 
| 295|0x0000000092700000, 0x00000000927f7e00, 0x0000000092800000| 96%| O|  |TAMS 0x0000000092700000, 0x0000000092700000| Untracked 
| 296|0x0000000092800000, 0x0000000092800000, 0x0000000092900000|  0%| F|  |TAMS 0x0000000092800000, 0x0000000092800000| Untracked 
| 297|0x0000000092900000, 0x0000000092900000, 0x0000000092a00000|  0%| F|  |TAMS 0x0000000092900000, 0x0000000092900000| Untracked 
| 298|0x0000000092a00000, 0x0000000092a00000, 0x0000000092b00000|  0%| F|  |TAMS 0x0000000092a00000, 0x0000000092a00000| Untracked 
| 299|0x0000000092b00000, 0x0000000092b00000, 0x0000000092c00000|  0%| F|  |TAMS 0x0000000092b00000, 0x0000000092b00000| Untracked 
| 300|0x0000000092c00000, 0x0000000092c00000, 0x0000000092d00000|  0%| F|  |TAMS 0x0000000092c00000, 0x0000000092c00000| Untracked 
| 301|0x0000000092d00000, 0x0000000092d00000, 0x0000000092e00000|  0%| F|  |TAMS 0x0000000092d00000, 0x0000000092d00000| Untracked 
| 302|0x0000000092e00000, 0x0000000092e00000, 0x0000000092f00000|  0%| F|  |TAMS 0x0000000092e00000, 0x0000000092e00000| Untracked 
| 303|0x0000000092f00000, 0x0000000092f00000, 0x0000000093000000|  0%| F|  |TAMS 0x0000000092f00000, 0x0000000092f00000| Untracked 
| 304|0x0000000093000000, 0x0000000093000000, 0x0000000093100000|  0%| F|  |TAMS 0x0000000093000000, 0x0000000093000000| Untracked 
| 305|0x0000000093100000, 0x0000000093100000, 0x0000000093200000|  0%| F|  |TAMS 0x0000000093100000, 0x0000000093100000| Untracked 
| 306|0x0000000093200000, 0x0000000093200000, 0x0000000093300000|  0%| F|  |TAMS 0x0000000093200000, 0x0000000093200000| Untracked 
| 307|0x0000000093300000, 0x0000000093300000, 0x0000000093400000|  0%| F|  |TAMS 0x0000000093300000, 0x0000000093300000| Untracked 
| 308|0x0000000093400000, 0x0000000093400000, 0x0000000093500000|  0%| F|  |TAMS 0x0000000093400000, 0x0000000093400000| Untracked 
| 309|0x0000000093500000, 0x0000000093500000, 0x0000000093600000|  0%| F|  |TAMS 0x0000000093500000, 0x0000000093500000| Untracked 
| 310|0x0000000093600000, 0x0000000093600000, 0x0000000093700000|  0%| F|  |TAMS 0x0000000093600000, 0x0000000093600000| Untracked 
| 311|0x0000000093700000, 0x0000000093700000, 0x0000000093800000|  0%| F|  |TAMS 0x0000000093700000, 0x0000000093700000| Untracked 
| 312|0x0000000093800000, 0x0000000093800000, 0x0000000093900000|  0%| F|  |TAMS 0x0000000093800000, 0x0000000093800000| Untracked 
| 313|0x0000000093900000, 0x0000000093900000, 0x0000000093a00000|  0%| F|  |TAMS 0x0000000093900000, 0x0000000093900000| Untracked 
| 314|0x0000000093a00000, 0x0000000093a00000, 0x0000000093b00000|  0%| F|  |TAMS 0x0000000093a00000, 0x0000000093a00000| Untracked 
| 315|0x0000000093b00000, 0x0000000093b00000, 0x0000000093c00000|  0%| F|  |TAMS 0x0000000093b00000, 0x0000000093b00000| Untracked 
| 316|0x0000000093c00000, 0x0000000093c00000, 0x0000000093d00000|  0%| F|  |TAMS 0x0000000093c00000, 0x0000000093c00000| Untracked 
| 317|0x0000000093d00000, 0x0000000093d00000, 0x0000000093e00000|  0%| F|  |TAMS 0x0000000093d00000, 0x0000000093d00000| Untracked 
| 318|0x0000000093e00000, 0x0000000093e00000, 0x0000000093f00000|  0%| F|  |TAMS 0x0000000093e00000, 0x0000000093e00000| Untracked 
| 319|0x0000000093f00000, 0x0000000093f00000, 0x0000000094000000|  0%| F|  |TAMS 0x0000000093f00000, 0x0000000093f00000| Untracked 
| 320|0x0000000094000000, 0x0000000094000000, 0x0000000094100000|  0%| F|  |TAMS 0x0000000094000000, 0x0000000094000000| Untracked 
| 321|0x0000000094100000, 0x0000000094100000, 0x0000000094200000|  0%| F|  |TAMS 0x0000000094100000, 0x0000000094100000| Untracked 
| 322|0x0000000094200000, 0x0000000094200000, 0x0000000094300000|  0%| F|  |TAMS 0x0000000094200000, 0x0000000094200000| Untracked 
| 323|0x0000000094300000, 0x0000000094300000, 0x0000000094400000|  0%| F|  |TAMS 0x0000000094300000, 0x0000000094300000| Untracked 
| 324|0x0000000094400000, 0x0000000094400000, 0x0000000094500000|  0%| F|  |TAMS 0x0000000094400000, 0x0000000094400000| Untracked 
| 325|0x0000000094500000, 0x0000000094500000, 0x0000000094600000|  0%| F|  |TAMS 0x0000000094500000, 0x0000000094500000| Untracked 
| 326|0x0000000094600000, 0x0000000094600000, 0x0000000094700000|  0%| F|  |TAMS 0x0000000094600000, 0x0000000094600000| Untracked 
| 327|0x0000000094700000, 0x0000000094700000, 0x0000000094800000|  0%| F|  |TAMS 0x0000000094700000, 0x0000000094700000| Untracked 
| 328|0x0000000094800000, 0x0000000094800000, 0x0000000094900000|  0%| F|  |TAMS 0x0000000094800000, 0x0000000094800000| Untracked 
| 329|0x0000000094900000, 0x0000000094900000, 0x0000000094a00000|  0%| F|  |TAMS 0x0000000094900000, 0x0000000094900000| Untracked 
| 330|0x0000000094a00000, 0x0000000094a00000, 0x0000000094b00000|  0%| F|  |TAMS 0x0000000094a00000, 0x0000000094a00000| Untracked 
| 331|0x0000000094b00000, 0x0000000094b00000, 0x0000000094c00000|  0%| F|  |TAMS 0x0000000094b00000, 0x0000000094b00000| Untracked 
| 332|0x0000000094c00000, 0x0000000094c00000, 0x0000000094d00000|  0%| F|  |TAMS 0x0000000094c00000, 0x0000000094c00000| Untracked 
| 333|0x0000000094d00000, 0x0000000094d00000, 0x0000000094e00000|  0%| F|  |TAMS 0x0000000094d00000, 0x0000000094d00000| Untracked 
| 334|0x0000000094e00000, 0x0000000094e00000, 0x0000000094f00000|  0%| F|  |TAMS 0x0000000094e00000, 0x0000000094e00000| Untracked 
| 335|0x0000000094f00000, 0x0000000094f00000, 0x0000000095000000|  0%| F|  |TAMS 0x0000000094f00000, 0x0000000094f00000| Untracked 
| 336|0x0000000095000000, 0x0000000095000000, 0x0000000095100000|  0%| F|  |TAMS 0x0000000095000000, 0x0000000095000000| Untracked 
| 337|0x0000000095100000, 0x0000000095100000, 0x0000000095200000|  0%| F|  |TAMS 0x0000000095100000, 0x0000000095100000| Untracked 
| 338|0x0000000095200000, 0x0000000095200000, 0x0000000095300000|  0%| F|  |TAMS 0x0000000095200000, 0x0000000095200000| Untracked 
| 339|0x0000000095300000, 0x0000000095300000, 0x0000000095400000|  0%| F|  |TAMS 0x0000000095300000, 0x0000000095300000| Untracked 
| 340|0x0000000095400000, 0x0000000095400000, 0x0000000095500000|  0%| F|  |TAMS 0x0000000095400000, 0x0000000095400000| Untracked 
| 341|0x0000000095500000, 0x0000000095500000, 0x0000000095600000|  0%| F|  |TAMS 0x0000000095500000, 0x0000000095500000| Untracked 
| 342|0x0000000095600000, 0x0000000095600000, 0x0000000095700000|  0%| F|  |TAMS 0x0000000095600000, 0x0000000095600000| Untracked 
| 343|0x0000000095700000, 0x0000000095700000, 0x0000000095800000|  0%| F|  |TAMS 0x0000000095700000, 0x0000000095700000| Untracked 
| 344|0x0000000095800000, 0x0000000095800000, 0x0000000095900000|  0%| F|  |TAMS 0x0000000095800000, 0x0000000095800000| Untracked 
| 345|0x0000000095900000, 0x0000000095900000, 0x0000000095a00000|  0%| F|  |TAMS 0x0000000095900000, 0x0000000095900000| Untracked 
| 346|0x0000000095a00000, 0x0000000095a00000, 0x0000000095b00000|  0%| F|  |TAMS 0x0000000095a00000, 0x0000000095a00000| Untracked 
| 347|0x0000000095b00000, 0x0000000095b00000, 0x0000000095c00000|  0%| F|  |TAMS 0x0000000095b00000, 0x0000000095b00000| Untracked 
| 348|0x0000000095c00000, 0x0000000095c00000, 0x0000000095d00000|  0%| F|  |TAMS 0x0000000095c00000, 0x0000000095c00000| Untracked 
| 349|0x0000000095d00000, 0x0000000095d00000, 0x0000000095e00000|  0%| F|  |TAMS 0x0000000095d00000, 0x0000000095d00000| Untracked 
| 350|0x0000000095e00000, 0x0000000095e00000, 0x0000000095f00000|  0%| F|  |TAMS 0x0000000095e00000, 0x0000000095e00000| Untracked 
| 351|0x0000000095f00000, 0x0000000095ffc7a0, 0x0000000096000000| 98%| S|CS|TAMS 0x0000000095f00000, 0x0000000095f00000| Complete 
| 352|0x0000000096000000, 0x0000000096100000, 0x0000000096100000|100%| S|CS|TAMS 0x0000000096000000, 0x0000000096000000| Complete 
| 353|0x0000000096100000, 0x0000000096200000, 0x0000000096200000|100%| S|CS|TAMS 0x0000000096100000, 0x0000000096100000| Complete 
| 354|0x0000000096200000, 0x0000000096300000, 0x0000000096300000|100%| S|CS|TAMS 0x0000000096200000, 0x0000000096200000| Complete 
| 355|0x0000000096300000, 0x0000000096400000, 0x0000000096400000|100%| S|CS|TAMS 0x0000000096300000, 0x0000000096300000| Complete 
| 356|0x0000000096400000, 0x0000000096500000, 0x0000000096500000|100%| S|CS|TAMS 0x0000000096400000, 0x0000000096400000| Complete 
| 357|0x0000000096500000, 0x0000000096600000, 0x0000000096600000|100%| S|CS|TAMS 0x0000000096500000, 0x0000000096500000| Complete 
| 358|0x0000000096600000, 0x0000000096600000, 0x0000000096700000|  0%| F|  |TAMS 0x0000000096600000, 0x0000000096600000| Untracked 
| 359|0x0000000096700000, 0x0000000096700000, 0x0000000096800000|  0%| F|  |TAMS 0x0000000096700000, 0x0000000096700000| Untracked 
| 360|0x0000000096800000, 0x0000000096800000, 0x0000000096900000|  0%| F|  |TAMS 0x0000000096800000, 0x0000000096800000| Untracked 
| 361|0x0000000096900000, 0x0000000096900000, 0x0000000096a00000|  0%| F|  |TAMS 0x0000000096900000, 0x0000000096900000| Untracked 
| 362|0x0000000096a00000, 0x0000000096a00000, 0x0000000096b00000|  0%| F|  |TAMS 0x0000000096a00000, 0x0000000096a00000| Untracked 
| 363|0x0000000096b00000, 0x0000000096b00000, 0x0000000096c00000|  0%| F|  |TAMS 0x0000000096b00000, 0x0000000096b00000| Untracked 
| 364|0x0000000096c00000, 0x0000000096c00000, 0x0000000096d00000|  0%| F|  |TAMS 0x0000000096c00000, 0x0000000096c00000| Untracked 
| 365|0x0000000096d00000, 0x0000000096d00000, 0x0000000096e00000|  0%| F|  |TAMS 0x0000000096d00000, 0x0000000096d00000| Untracked 
| 366|0x0000000096e00000, 0x0000000096e7cd98, 0x0000000096f00000| 48%| E|  |TAMS 0x0000000096e00000, 0x0000000096e00000| Complete 
| 367|0x0000000096f00000, 0x0000000097000000, 0x0000000097000000|100%| E|CS|TAMS 0x0000000096f00000, 0x0000000096f00000| Complete 
| 368|0x0000000097000000, 0x0000000097100000, 0x0000000097100000|100%| E|CS|TAMS 0x0000000097000000, 0x0000000097000000| Complete 
| 369|0x0000000097100000, 0x0000000097200000, 0x0000000097200000|100%| E|CS|TAMS 0x0000000097100000, 0x0000000097100000| Complete 
| 370|0x0000000097200000, 0x0000000097300000, 0x0000000097300000|100%| E|CS|TAMS 0x0000000097200000, 0x0000000097200000| Complete 
| 371|0x0000000097300000, 0x0000000097400000, 0x0000000097400000|100%| E|CS|TAMS 0x0000000097300000, 0x0000000097300000| Complete 
| 372|0x0000000097400000, 0x0000000097500000, 0x0000000097500000|100%| E|CS|TAMS 0x0000000097400000, 0x0000000097400000| Complete 
| 373|0x0000000097500000, 0x0000000097600000, 0x0000000097600000|100%| E|CS|TAMS 0x0000000097500000, 0x0000000097500000| Complete 
| 374|0x0000000097600000, 0x0000000097700000, 0x0000000097700000|100%| E|CS|TAMS 0x0000000097600000, 0x0000000097600000| Complete 
| 375|0x0000000097700000, 0x0000000097800000, 0x0000000097800000|100%| E|CS|TAMS 0x0000000097700000, 0x0000000097700000| Complete 
| 376|0x0000000097800000, 0x0000000097900000, 0x0000000097900000|100%| E|CS|TAMS 0x0000000097800000, 0x0000000097800000| Complete 
| 377|0x0000000097900000, 0x0000000097a00000, 0x0000000097a00000|100%| E|CS|TAMS 0x0000000097900000, 0x0000000097900000| Complete 
| 378|0x0000000097a00000, 0x0000000097b00000, 0x0000000097b00000|100%| E|CS|TAMS 0x0000000097a00000, 0x0000000097a00000| Complete 
| 379|0x0000000097b00000, 0x0000000097c00000, 0x0000000097c00000|100%| E|CS|TAMS 0x0000000097b00000, 0x0000000097b00000| Complete 
| 380|0x0000000097c00000, 0x0000000097d00000, 0x0000000097d00000|100%| E|CS|TAMS 0x0000000097c00000, 0x0000000097c00000| Complete 
| 381|0x0000000097d00000, 0x0000000097e00000, 0x0000000097e00000|100%| E|CS|TAMS 0x0000000097d00000, 0x0000000097d00000| Complete 
| 382|0x0000000097e00000, 0x0000000097f00000, 0x0000000097f00000|100%| E|CS|TAMS 0x0000000097e00000, 0x0000000097e00000| Complete 
| 383|0x0000000097f00000, 0x0000000098000000, 0x0000000098000000|100%| E|CS|TAMS 0x0000000097f00000, 0x0000000097f00000| Complete 
| 384|0x0000000098000000, 0x0000000098100000, 0x0000000098100000|100%| E|CS|TAMS 0x0000000098000000, 0x0000000098000000| Complete 
| 385|0x0000000098100000, 0x0000000098200000, 0x0000000098200000|100%| E|CS|TAMS 0x0000000098100000, 0x0000000098100000| Complete 
| 386|0x0000000098200000, 0x0000000098300000, 0x0000000098300000|100%| E|CS|TAMS 0x0000000098200000, 0x0000000098200000| Complete 
| 387|0x0000000098300000, 0x0000000098400000, 0x0000000098400000|100%| E|CS|TAMS 0x0000000098300000, 0x0000000098300000| Complete 
| 388|0x0000000098400000, 0x0000000098500000, 0x0000000098500000|100%| E|CS|TAMS 0x0000000098400000, 0x0000000098400000| Complete 
| 389|0x0000000098500000, 0x0000000098600000, 0x0000000098600000|100%| E|CS|TAMS 0x0000000098500000, 0x0000000098500000| Complete 
| 390|0x0000000098600000, 0x0000000098700000, 0x0000000098700000|100%| E|CS|TAMS 0x0000000098600000, 0x0000000098600000| Complete 
| 391|0x0000000098700000, 0x0000000098800000, 0x0000000098800000|100%| E|CS|TAMS 0x0000000098700000, 0x0000000098700000| Complete 
| 392|0x0000000098800000, 0x0000000098900000, 0x0000000098900000|100%| E|  |TAMS 0x0000000098800000, 0x0000000098800000| Complete 
| 393|0x0000000098900000, 0x0000000098a00000, 0x0000000098a00000|100%| E|CS|TAMS 0x0000000098900000, 0x0000000098900000| Complete 
| 394|0x0000000098a00000, 0x0000000098b00000, 0x0000000098b00000|100%| E|CS|TAMS 0x0000000098a00000, 0x0000000098a00000| Complete 
| 395|0x0000000098b00000, 0x0000000098c00000, 0x0000000098c00000|100%| E|CS|TAMS 0x0000000098b00000, 0x0000000098b00000| Complete 
| 396|0x0000000098c00000, 0x0000000098d00000, 0x0000000098d00000|100%| E|CS|TAMS 0x0000000098c00000, 0x0000000098c00000| Complete 
| 397|0x0000000098d00000, 0x0000000098e00000, 0x0000000098e00000|100%| E|CS|TAMS 0x0000000098d00000, 0x0000000098d00000| Complete 
| 398|0x0000000098e00000, 0x0000000098f00000, 0x0000000098f00000|100%| E|CS|TAMS 0x0000000098e00000, 0x0000000098e00000| Complete 
| 399|0x0000000098f00000, 0x0000000099000000, 0x0000000099000000|100%| E|CS|TAMS 0x0000000098f00000, 0x0000000098f00000| Complete 
| 400|0x0000000099000000, 0x0000000099100000, 0x0000000099100000|100%| E|CS|TAMS 0x0000000099000000, 0x0000000099000000| Complete 
| 401|0x0000000099100000, 0x0000000099200000, 0x0000000099200000|100%| E|CS|TAMS 0x0000000099100000, 0x0000000099100000| Complete 
| 402|0x0000000099200000, 0x0000000099300000, 0x0000000099300000|100%| E|CS|TAMS 0x0000000099200000, 0x0000000099200000| Complete 
| 403|0x0000000099300000, 0x0000000099400000, 0x0000000099400000|100%| E|CS|TAMS 0x0000000099300000, 0x0000000099300000| Complete 
| 404|0x0000000099400000, 0x0000000099500000, 0x0000000099500000|100%| E|CS|TAMS 0x0000000099400000, 0x0000000099400000| Complete 
| 405|0x0000000099500000, 0x0000000099600000, 0x0000000099600000|100%| E|CS|TAMS 0x0000000099500000, 0x0000000099500000| Complete 
| 406|0x0000000099600000, 0x0000000099700000, 0x0000000099700000|100%| E|CS|TAMS 0x0000000099600000, 0x0000000099600000| Complete 
| 407|0x0000000099700000, 0x0000000099800000, 0x0000000099800000|100%| E|CS|TAMS 0x0000000099700000, 0x0000000099700000| Complete 
| 408|0x0000000099800000, 0x0000000099900000, 0x0000000099900000|100%| E|CS|TAMS 0x0000000099800000, 0x0000000099800000| Complete 
| 409|0x0000000099900000, 0x0000000099a00000, 0x0000000099a00000|100%| E|CS|TAMS 0x0000000099900000, 0x0000000099900000| Complete 
| 410|0x0000000099a00000, 0x0000000099b00000, 0x0000000099b00000|100%| E|CS|TAMS 0x0000000099a00000, 0x0000000099a00000| Complete 
| 411|0x0000000099b00000, 0x0000000099c00000, 0x0000000099c00000|100%| E|CS|TAMS 0x0000000099b00000, 0x0000000099b00000| Complete 
| 412|0x0000000099c00000, 0x0000000099d00000, 0x0000000099d00000|100%| E|CS|TAMS 0x0000000099c00000, 0x0000000099c00000| Complete 
| 413|0x0000000099d00000, 0x0000000099e00000, 0x0000000099e00000|100%| E|CS|TAMS 0x0000000099d00000, 0x0000000099d00000| Complete 
| 414|0x0000000099e00000, 0x0000000099f00000, 0x0000000099f00000|100%| E|CS|TAMS 0x0000000099e00000, 0x0000000099e00000| Complete 
| 415|0x0000000099f00000, 0x000000009a000000, 0x000000009a000000|100%| E|CS|TAMS 0x0000000099f00000, 0x0000000099f00000| Complete 
| 416|0x000000009a000000, 0x000000009a100000, 0x000000009a100000|100%| E|CS|TAMS 0x000000009a000000, 0x000000009a000000| Complete 
| 417|0x000000009a100000, 0x000000009a200000, 0x000000009a200000|100%| E|CS|TAMS 0x000000009a100000, 0x000000009a100000| Complete 
| 418|0x000000009a200000, 0x000000009a300000, 0x000000009a300000|100%| E|CS|TAMS 0x000000009a200000, 0x000000009a200000| Complete 
| 419|0x000000009a300000, 0x000000009a400000, 0x000000009a400000|100%| E|CS|TAMS 0x000000009a300000, 0x000000009a300000| Complete 
| 420|0x000000009a400000, 0x000000009a500000, 0x000000009a500000|100%| E|CS|TAMS 0x000000009a400000, 0x000000009a400000| Complete 
| 421|0x000000009a500000, 0x000000009a600000, 0x000000009a600000|100%| E|CS|TAMS 0x000000009a500000, 0x000000009a500000| Complete 
| 422|0x000000009a600000, 0x000000009a700000, 0x000000009a700000|100%| E|CS|TAMS 0x000000009a600000, 0x000000009a600000| Complete 
| 423|0x000000009a700000, 0x000000009a800000, 0x000000009a800000|100%| E|CS|TAMS 0x000000009a700000, 0x000000009a700000| Complete 
| 424|0x000000009a800000, 0x000000009a900000, 0x000000009a900000|100%| E|CS|TAMS 0x000000009a800000, 0x000000009a800000| Complete 
| 425|0x000000009a900000, 0x000000009aa00000, 0x000000009aa00000|100%| E|CS|TAMS 0x000000009a900000, 0x000000009a900000| Complete 
| 426|0x000000009aa00000, 0x000000009ab00000, 0x000000009ab00000|100%| E|CS|TAMS 0x000000009aa00000, 0x000000009aa00000| Complete 

Card table byte_map: [0x0000017a79180000,0x0000017a79580000] _byte_map_base: 0x0000017a78d80000

Marking Bits (Prev, Next): (CMBitMap*) 0x0000017a624179c0, (CMBitMap*) 0x0000017a62417980
 Prev Bits: [0x0000017a7b980000, 0x0000017a7d980000)
 Next Bits: [0x0000017a79980000, 0x0000017a7b980000)

Polling page: 0x0000017a61b90000

Metaspace:

Usage:
  Non-class:     96.17 MB used.
      Class:     15.20 MB used.
       Both:    111.37 MB used.

Virtual space:
  Non-class space:      128.00 MB reserved,      97.12 MB ( 76%) committed,  2 nodes.
      Class space:      416.00 MB reserved,      16.06 MB (  4%) committed,  1 nodes.
             Both:      544.00 MB reserved,     113.19 MB ( 21%) committed. 

Chunk freelists:
   Non-Class:  14.82 MB
       Class:  15.96 MB
        Both:  30.78 MB

MaxMetaspaceSize: 512.00 MB
CompressedClassSpaceSize: 416.00 MB
Initial GC threshold: 21.00 MB
Current GC threshold: 157.94 MB
CDS: on
MetaspaceReclaimPolicy: balanced
 - commit_granule_bytes: 65536.
 - commit_granule_words: 8192.
 - virtual_space_node_default_size: 8388608.
 - enlarge_chunks_in_place: 1.
 - new_chunks_are_fully_committed: 0.
 - uncommit_free_chunks: 1.
 - use_allocation_guard: 0.
 - handle_deallocations: 1.


Internal statistics:

num_allocs_failed_limit: 6.
num_arena_births: 2588.
num_arena_deaths: 0.
num_vsnodes_births: 3.
num_vsnodes_deaths: 0.
num_space_committed: 1811.
num_space_uncommitted: 0.
num_chunks_returned_to_freelist: 6.
num_chunks_taken_from_freelist: 8043.
num_chunk_merges: 3.
num_chunk_splits: 4910.
num_chunks_enlarged: 2719.
num_inconsistent_stats: 0.

CodeHeap 'non-profiled nmethods': size=120000Kb used=10690Kb max_used=10690Kb free=109309Kb
 bounds [0x0000017a71740000, 0x0000017a721c0000, 0x0000017a78c70000]
CodeHeap 'profiled nmethods': size=120000Kb used=31534Kb max_used=31534Kb free=88465Kb
 bounds [0x0000017a69c70000, 0x0000017a6bb40000, 0x0000017a711a0000]
CodeHeap 'non-nmethods': size=5760Kb used=2446Kb max_used=2563Kb free=3313Kb
 bounds [0x0000017a711a0000, 0x0000017a71440000, 0x0000017a71740000]
 total_blobs=17585 nmethods=16599 adapters=897
 compilation: enabled
              stopped_count=0, restarted_count=0
 full_count=0

Compilation events (20 events):
Event: 34.750 Thread 0x0000017a00195990 nmethod 19832 0x0000017a6bb2d110 code [0x0000017a6bb2d340, 0x0000017a6bb2d9b8]
Event: 34.750 Thread 0x0000017a00195990 19834       3       com.android.zipflinger.EndOfCentralDirectory::write (217 bytes)
Event: 34.750 Thread 0x0000017a00195990 nmethod 19834 0x0000017a6bb2db90 code [0x0000017a6bb2df20, 0x0000017a6bb2f538]
Event: 34.750 Thread 0x0000017a00195990 19835   !   3       sun.nio.ch.FileChannelImpl::truncate (586 bytes)
Event: 34.752 Thread 0x0000017a0018cfc0 19838       4       java.nio.channels.spi.AbstractInterruptibleChannel::end (53 bytes)
Event: 34.752 Thread 0x0000017a00195990 nmethod 19835 0x0000017a6bb2fe10 code [0x0000017a6bb30260, 0x0000017a6bb32528]
Event: 34.752 Thread 0x0000017a00195990 19837       3       com.android.build.gradle.internal.tasks.CompressAssetsWorkParameters$Inject::getChangeType (34 bytes)
Event: 34.752 Thread 0x0000017a00195990 nmethod 19837 0x0000017a6bb33510 code [0x0000017a6bb336e0, 0x0000017a6bb33af8]
Event: 34.752 Thread 0x0000017a00195990 19839       3       com.android.build.gradle.internal.tasks.CompressAssetsWorkParameters$Inject::getOutput (32 bytes)
Event: 34.753 Thread 0x0000017a00195990 nmethod 19839 0x0000017a6bb33c90 code [0x0000017a6bb33e60, 0x0000017a6bb34258]
Event: 34.753 Thread 0x0000017a00195990 19840   !   3       org.gradle.workers.internal.DefaultWorkerServer::execute (167 bytes)
Event: 34.753 Thread 0x0000017a0018cfc0 nmethod 19838 0x0000017a721af310 code [0x0000017a721af4a0, 0x0000017a721af778]
Event: 34.753 Thread 0x0000017a00195990 nmethod 19840 0x0000017a6bb34390 code [0x0000017a6bb346a0, 0x0000017a6bb35b38]
Event: 34.753 Thread 0x0000017a23875fc0 nmethod 19836 0x0000017a721af910 code [0x0000017a721afae0, 0x0000017a721afdc8]
Event: 34.755 Thread 0x0000017a23875fc0 19841       4       com.android.zipflinger.ZipWriter::ensureOpen (73 bytes)
Event: 34.759 Thread 0x0000017a0018cfc0 19842       4       jdk.internal.reflect.Reflection::verifyMemberAccess (200 bytes)
Event: 34.759 Thread 0x0000017a23875fc0 nmethod 19841 0x0000017a721b0110 code [0x0000017a721b02c0, 0x0000017a721b0748]
Event: 34.762 Thread 0x0000017a23875fc0 19843   !   4       java.util.concurrent.ConcurrentHashMap::replaceNode (437 bytes)
Event: 34.767 Thread 0x0000017a00195990 19844       3       org.gradle.internal.snapshot.AbstractStorePathRelationshipHandler::handleSiblingOfChild (93 bytes)
Event: 34.768 Thread 0x0000017a00195990 nmethod 19844 0x0000017a6bb36410 code [0x0000017a6bb366a0, 0x0000017a6bb372f8]

GC Heap History (20 events):
Event: 26.018 GC heap before
{Heap before GC invocations=48 (full 0):
 garbage-first heap   total 347136K, used 214510K [0x0000000080000000, 0x0000000100000000)
  region size 1024K, 16 young (16384K), 3 survivors (3072K)
 Metaspace       used 97552K, committed 98880K, reserved 557056K
  class space    used 13514K, committed 14144K, reserved 425984K
}
Event: 26.023 GC heap after
{Heap after GC invocations=49 (full 0):
 garbage-first heap   total 347136K, used 202214K [0x0000000080000000, 0x0000000100000000)
  region size 1024K, 2 young (2048K), 2 survivors (2048K)
 Metaspace       used 97552K, committed 98880K, reserved 557056K
  class space    used 13514K, committed 14144K, reserved 425984K
}
Event: 26.836 GC heap before
{Heap before GC invocations=49 (full 0):
 garbage-first heap   total 347136K, used 283110K [0x0000000080000000, 0x0000000100000000)
  region size 1024K, 80 young (81920K), 2 survivors (2048K)
 Metaspace       used 101808K, committed 103104K, reserved 557056K
  class space    used 14098K, committed 14656K, reserved 425984K
}
Event: 26.850 GC heap after
{Heap after GC invocations=50 (full 0):
 garbage-first heap   total 437248K, used 220468K [0x0000000080000000, 0x0000000100000000)
  region size 1024K, 10 young (10240K), 10 survivors (10240K)
 Metaspace       used 101808K, committed 103104K, reserved 557056K
  class space    used 14098K, committed 14656K, reserved 425984K
}
Event: 27.953 GC heap before
{Heap before GC invocations=50 (full 0):
 garbage-first heap   total 437248K, used 348468K [0x0000000080000000, 0x0000000100000000)
  region size 1024K, 135 young (138240K), 10 survivors (10240K)
 Metaspace       used 103075K, committed 104576K, reserved 557056K
  class space    used 14227K, committed 14912K, reserved 425984K
}
Event: 27.976 GC heap after
{Heap after GC invocations=51 (full 0):
 garbage-first heap   total 437248K, used 247010K [0x0000000080000000, 0x0000000100000000)
  region size 1024K, 17 young (17408K), 17 survivors (17408K)
 Metaspace       used 103075K, committed 104576K, reserved 557056K
  class space    used 14227K, committed 14912K, reserved 425984K
}
Event: 28.882 GC heap before
{Heap before GC invocations=51 (full 0):
 garbage-first heap   total 437248K, used 346338K [0x0000000080000000, 0x0000000100000000)
  region size 1024K, 115 young (117760K), 17 survivors (17408K)
 Metaspace       used 106080K, committed 107776K, reserved 557056K
  class space    used 14598K, committed 15360K, reserved 425984K
}
Event: 28.902 GC heap after
{Heap after GC invocations=52 (full 0):
 garbage-first heap   total 437248K, used 262085K [0x0000000080000000, 0x0000000100000000)
  region size 1024K, 14 young (14336K), 14 survivors (14336K)
 Metaspace       used 106080K, committed 107776K, reserved 557056K
  class space    used 14598K, committed 15360K, reserved 425984K
}
Event: 29.610 GC heap before
{Heap before GC invocations=52 (full 0):
 garbage-first heap   total 437248K, used 353221K [0x0000000080000000, 0x0000000100000000)
  region size 1024K, 104 young (106496K), 14 survivors (14336K)
 Metaspace       used 106838K, committed 108608K, reserved 557056K
  class space    used 14683K, committed 15488K, reserved 425984K
}
Event: 29.624 GC heap after
{Heap after GC invocations=53 (full 0):
 garbage-first heap   total 437248K, used 270754K [0x0000000080000000, 0x0000000100000000)
  region size 1024K, 9 young (9216K), 9 survivors (9216K)
 Metaspace       used 106838K, committed 108608K, reserved 557056K
  class space    used 14683K, committed 15488K, reserved 425984K
}
Event: 30.138 GC heap before
{Heap before GC invocations=53 (full 0):
 garbage-first heap   total 437248K, used 365986K [0x0000000080000000, 0x0000000100000000)
  region size 1024K, 95 young (97280K), 9 survivors (9216K)
 Metaspace       used 107152K, committed 108864K, reserved 557056K
  class space    used 14705K, committed 15488K, reserved 425984K
}
Event: 30.150 GC heap after
{Heap after GC invocations=54 (full 0):
 garbage-first heap   total 437248K, used 281459K [0x0000000080000000, 0x0000000100000000)
  region size 1024K, 7 young (7168K), 7 survivors (7168K)
 Metaspace       used 107152K, committed 108864K, reserved 557056K
  class space    used 14705K, committed 15488K, reserved 425984K
}
Event: 30.556 GC heap before
{Heap before GC invocations=54 (full 0):
 garbage-first heap   total 437248K, used 375667K [0x0000000080000000, 0x0000000100000000)
  region size 1024K, 88 young (90112K), 7 survivors (7168K)
 Metaspace       used 107245K, committed 108928K, reserved 557056K
  class space    used 14713K, committed 15488K, reserved 425984K
}
Event: 30.570 GC heap after
{Heap after GC invocations=55 (full 0):
 garbage-first heap   total 437248K, used 284170K [0x0000000080000000, 0x0000000100000000)
  region size 1024K, 8 young (8192K), 8 survivors (8192K)
 Metaspace       used 107245K, committed 108928K, reserved 557056K
  class space    used 14713K, committed 15488K, reserved 425984K
}
Event: 31.052 GC heap before
{Heap before GC invocations=55 (full 0):
 garbage-first heap   total 437248K, used 368138K [0x0000000080000000, 0x0000000100000000)
  region size 1024K, 87 young (89088K), 8 survivors (8192K)
 Metaspace       used 107389K, committed 109120K, reserved 557056K
  class space    used 14732K, committed 15552K, reserved 425984K
}
Event: 31.064 GC heap after
{Heap after GC invocations=56 (full 0):
 garbage-first heap   total 437248K, used 290525K [0x0000000080000000, 0x0000000100000000)
  region size 1024K, 6 young (6144K), 6 survivors (6144K)
 Metaspace       used 107389K, committed 109120K, reserved 557056K
  class space    used 14732K, committed 15552K, reserved 425984K
}
Event: 31.792 GC heap before
{Heap before GC invocations=56 (full 0):
 garbage-first heap   total 437248K, used 368349K [0x0000000080000000, 0x0000000100000000)
  region size 1024K, 83 young (84992K), 6 survivors (6144K)
 Metaspace       used 110411K, committed 112192K, reserved 557056K
  class space    used 15144K, committed 15936K, reserved 425984K
}
Event: 31.804 GC heap after
{Heap after GC invocations=57 (full 0):
 garbage-first heap   total 437248K, used 299284K [0x0000000080000000, 0x0000000100000000)
  region size 1024K, 9 young (9216K), 9 survivors (9216K)
 Metaspace       used 110411K, committed 112192K, reserved 557056K
  class space    used 15144K, committed 15936K, reserved 425984K
}
Event: 32.460 GC heap before
{Heap before GC invocations=57 (full 0):
 garbage-first heap   total 437248K, used 373012K [0x0000000080000000, 0x0000000100000000)
  region size 1024K, 78 young (79872K), 9 survivors (9216K)
 Metaspace       used 112016K, committed 113856K, reserved 557056K
  class space    used 15356K, committed 16192K, reserved 425984K
}
Event: 32.472 GC heap after
{Heap after GC invocations=58 (full 0):
 garbage-first heap   total 437248K, used 306129K [0x0000000080000000, 0x0000000100000000)
  region size 1024K, 7 young (7168K), 7 survivors (7168K)
 Metaspace       used 112016K, committed 113856K, reserved 557056K
  class space    used 15356K, committed 16192K, reserved 425984K
}

Deoptimization events (20 events):
Event: 33.522 Thread 0x0000017a244cfa10 Uncommon trap: trap_request=0xffffff45 fr.pc=0x0000017a7210157c relative=0x000000000000007c
Event: 33.522 Thread 0x0000017a244cfa10 Uncommon trap: reason=unstable_if action=reinterpret pc=0x0000017a7210157c method=org.gradle.internal.fingerprint.impl.DefaultFileSystemLocationFingerprint.hashForType(Lorg/gradle/internal/file/FileType;Lorg/gradle/internal/hash/HashCode;)Lorg/gradle/inte
Event: 33.522 Thread 0x0000017a244cfa10 DEOPT PACKING pc=0x0000017a7210157c sp=0x0000002eb2cfc550
Event: 33.522 Thread 0x0000017a244cfa10 DEOPT UNPACKING pc=0x0000017a711f23a3 sp=0x0000002eb2cfc4e0 mode 2
Event: 33.789 Thread 0x0000017a244cb840 Uncommon trap: trap_request=0xffffff6e fr.pc=0x0000017a71d246b8 relative=0x0000000000000358
Event: 33.789 Thread 0x0000017a244cb840 Uncommon trap: reason=loop_limit_check action=maybe_recompile pc=0x0000017a71d246b8 method=org.gradle.api.internal.file.pattern.GreedyPathMatcher.matches([Ljava/lang/String;I)Z @ 34 c2
Event: 33.789 Thread 0x0000017a244cb840 DEOPT PACKING pc=0x0000017a71d246b8 sp=0x0000002eb29fb830
Event: 33.789 Thread 0x0000017a244cb840 DEOPT UNPACKING pc=0x0000017a711f23a3 sp=0x0000002eb29fb760 mode 2
Event: 33.789 Thread 0x0000017a244cb840 Uncommon trap: trap_request=0xffffff6e fr.pc=0x0000017a71dd396c relative=0x00000000000000cc
Event: 33.789 Thread 0x0000017a244cb840 Uncommon trap: reason=loop_limit_check action=maybe_recompile pc=0x0000017a71dd396c method=org.gradle.api.internal.file.pattern.GreedyPathMatcher.matches([Ljava/lang/String;I)Z @ 34 c2
Event: 33.789 Thread 0x0000017a244cb840 DEOPT PACKING pc=0x0000017a71dd396c sp=0x0000002eb29fb7a0
Event: 33.789 Thread 0x0000017a244cb840 DEOPT UNPACKING pc=0x0000017a711f23a3 sp=0x0000002eb29fb758 mode 2
Event: 33.825 Thread 0x0000017a244cb840 Uncommon trap: trap_request=0xffffff45 fr.pc=0x0000017a71c81324 relative=0x0000000000001224
Event: 33.825 Thread 0x0000017a244cb840 Uncommon trap: reason=unstable_if action=reinterpret pc=0x0000017a71c81324 method=org.gradle.internal.snapshot.PathUtil.equalChars(CCLorg/gradle/internal/snapshot/CaseSensitivity;)Z @ 40 c2
Event: 33.825 Thread 0x0000017a244cb840 DEOPT PACKING pc=0x0000017a71c81324 sp=0x0000002eb29fcac0
Event: 33.825 Thread 0x0000017a244cb840 DEOPT UNPACKING pc=0x0000017a711f23a3 sp=0x0000002eb29fc918 mode 2
Event: 33.846 Thread 0x0000017a244cb840 Uncommon trap: trap_request=0xffffffd6 fr.pc=0x0000017a7212b030 relative=0x0000000000001d30
Event: 33.846 Thread 0x0000017a244cb840 Uncommon trap: reason=array_check action=maybe_recompile pc=0x0000017a7212b030 method=java.util.TimSort.reverseRange([Ljava/lang/Object;II)V @ 27 c2
Event: 33.846 Thread 0x0000017a244cb840 DEOPT PACKING pc=0x0000017a7212b030 sp=0x0000002eb29fb410
Event: 33.846 Thread 0x0000017a244cb840 DEOPT UNPACKING pc=0x0000017a711f23a3 sp=0x0000002eb29fb270 mode 2

Classes unloaded (0 events):
No events

Classes redefined (0 events):
No events

Internal exceptions (20 events):
Event: 34.767 Thread 0x0000017a25bb97f0 Exception <a 'java/lang/OutOfMemoryError'{0x000000009770d698}> (0x000000009770d698) 
thrown [s\open\src\hotspot\share\prims\jni.cpp, line 535]
Event: 34.767 Thread 0x0000017a25bb6a60 Exception <a 'java/lang/OutOfMemoryError'{0x0000000097703dc8}> (0x0000000097703dc8) 
thrown [s\open\src\hotspot\share\prims\jni.cpp, line 535]
Event: 34.767 Thread 0x0000017a25bb6a60 Exception <a 'sun/nio/fs/WindowsException'{0x000000009771b820}> (0x000000009771b820) 
thrown [s\open\src\hotspot\share\prims\jni.cpp, line 516]
Event: 34.768 Thread 0x0000017a25bb6a60 Exception <a 'sun/nio/fs/WindowsException'{0x000000009771c140}> (0x000000009771c140) 
thrown [s\open\src\hotspot\share\prims\jni.cpp, line 516]
Event: 34.768 Thread 0x0000017a25bb6a60 Exception <a 'sun/nio/fs/WindowsException'{0x000000009771c660}> (0x000000009771c660) 
thrown [s\open\src\hotspot\share\prims\jni.cpp, line 516]
Event: 34.768 Thread 0x0000017a25bb97f0 Exception <a 'sun/nio/fs/WindowsException'{0x0000000097717db8}> (0x0000000097717db8) 
thrown [s\open\src\hotspot\share\prims\jni.cpp, line 516]
Event: 34.768 Thread 0x0000017a25bb6040 Exception <a 'sun/nio/fs/WindowsException'{0x0000000097713588}> (0x0000000097713588) 
thrown [s\open\src\hotspot\share\prims\jni.cpp, line 516]
Event: 34.768 Thread 0x0000017a25bb97f0 Exception <a 'sun/nio/fs/WindowsException'{0x00000000977186d8}> (0x00000000977186d8) 
thrown [s\open\src\hotspot\share\prims\jni.cpp, line 516]
Event: 34.768 Thread 0x0000017a25bb6040 Exception <a 'sun/nio/fs/WindowsException'{0x0000000097713ea8}> (0x0000000097713ea8) 
thrown [s\open\src\hotspot\share\prims\jni.cpp, line 516]
Event: 34.768 Thread 0x0000017a25bb97f0 Exception <a 'sun/nio/fs/WindowsException'{0x0000000097718bf8}> (0x0000000097718bf8) 
thrown [s\open\src\hotspot\share\prims\jni.cpp, line 516]
Event: 34.768 Thread 0x0000017a25bb6040 Exception <a 'sun/nio/fs/WindowsException'{0x00000000977143c8}> (0x00000000977143c8) 
thrown [s\open\src\hotspot\share\prims\jni.cpp, line 516]
Event: 34.769 Thread 0x0000017a25bb6a60 Exception <a 'sun/nio/fs/WindowsException'{0x0000000097745208}> (0x0000000097745208) 
thrown [s\open\src\hotspot\share\prims\jni.cpp, line 516]
Event: 34.770 Thread 0x0000017a25bb6a60 Exception <a 'sun/nio/fs/WindowsException'{0x0000000097745b28}> (0x0000000097745b28) 
thrown [s\open\src\hotspot\share\prims\jni.cpp, line 516]
Event: 34.770 Thread 0x0000017a25bb6a60 Exception <a 'sun/nio/fs/WindowsException'{0x0000000097746048}> (0x0000000097746048) 
thrown [s\open\src\hotspot\share\prims\jni.cpp, line 516]
Event: 34.770 Thread 0x0000017a25bb97f0 Exception <a 'sun/nio/fs/WindowsException'{0x000000009774a4a0}> (0x000000009774a4a0) 
thrown [s\open\src\hotspot\share\prims\jni.cpp, line 516]
Event: 34.770 Thread 0x0000017a25bb6040 Exception <a 'sun/nio/fs/WindowsException'{0x000000009774e9b0}> (0x000000009774e9b0) 
thrown [s\open\src\hotspot\share\prims\jni.cpp, line 516]
Event: 34.770 Thread 0x0000017a25bb97f0 Exception <a 'sun/nio/fs/WindowsException'{0x000000009774adc0}> (0x000000009774adc0) 
thrown [s\open\src\hotspot\share\prims\jni.cpp, line 516]
Event: 34.770 Thread 0x0000017a25bb6040 Exception <a 'sun/nio/fs/WindowsException'{0x000000009774f2d0}> (0x000000009774f2d0) 
thrown [s\open\src\hotspot\share\prims\jni.cpp, line 516]
Event: 34.770 Thread 0x0000017a25bb97f0 Exception <a 'sun/nio/fs/WindowsException'{0x000000009774b2e0}> (0x000000009774b2e0) 
thrown [s\open\src\hotspot\share\prims\jni.cpp, line 516]
Event: 34.770 Thread 0x0000017a25bb6040 Exception <a 'sun/nio/fs/WindowsException'{0x000000009774f7f0}> (0x000000009774f7f0) 
thrown [s\open\src\hotspot\share\prims\jni.cpp, line 516]

VM Operations (20 events):
Event: 31.630 Executing VM operation: HandshakeAllThreads
Event: 31.630 Executing VM operation: HandshakeAllThreads done
Event: 31.720 Executing VM operation: ICBufferFull
Event: 31.721 Executing VM operation: ICBufferFull done
Event: 31.792 Executing VM operation: G1CollectForAllocation
Event: 31.804 Executing VM operation: G1CollectForAllocation done
Event: 32.009 Executing VM operation: ICBufferFull
Event: 32.009 Executing VM operation: ICBufferFull done
Event: 32.389 Executing VM operation: ICBufferFull
Event: 32.403 Executing VM operation: ICBufferFull done
Event: 32.460 Executing VM operation: G1CollectForAllocation
Event: 32.474 Executing VM operation: G1CollectForAllocation done
Event: 32.617 Executing VM operation: HandshakeAllThreads
Event: 32.618 Executing VM operation: HandshakeAllThreads done
Event: 33.519 Executing VM operation: HandshakeAllThreads
Event: 33.519 Executing VM operation: HandshakeAllThreads done
Event: 33.519 Executing VM operation: Cleanup
Event: 33.519 Executing VM operation: Cleanup done
Event: 34.531 Executing VM operation: ICBufferFull
Event: 34.531 Executing VM operation: ICBufferFull done

Events (20 events):
Event: 32.777 loading class sun/rmi/transport/SequenceEntry
Event: 32.777 loading class sun/rmi/transport/SequenceEntry done
Event: 32.858 Thread 0x0000017a23e11a80 Thread exited: 0x0000017a23e11a80
Event: 32.934 Thread 0x0000017a2d924ba0 Thread exited: 0x0000017a2d924ba0
Event: 33.005 Thread 0x0000017a2d924ba0 Thread added: 0x0000017a2d924ba0
Event: 33.046 Thread 0x0000017a244d0430 Thread added: 0x0000017a244d0430
Event: 33.157 Thread 0x0000017a23025ed0 Thread added: 0x0000017a23025ed0
Event: 33.517 Thread 0x0000017a23875fc0 Thread added: 0x0000017a23875fc0
Event: 33.756 Thread 0x0000017a25bb6a60 Thread added: 0x0000017a25bb6a60
Event: 33.756 Thread 0x0000017a25bb97f0 Thread added: 0x0000017a25bb97f0
Event: 33.757 Thread 0x0000017a25bb6040 Thread added: 0x0000017a25bb6040
Event: 33.757 Thread 0x0000017a25bb8dd0 Thread added: 0x0000017a25bb8dd0
Event: 33.761 loading class java/nio/file/Path$1
Event: 33.761 loading class java/nio/file/Path$1 done
Event: 33.772 loading class java/util/zip/Deflater
Event: 33.790 loading class java/util/zip/Deflater done
Event: 33.791 loading class java/util/zip/Deflater$DeflaterZStreamRef
Event: 33.791 loading class java/util/zip/Deflater$DeflaterZStreamRef done
Event: 34.649 loading class jdk/internal/misc/ScopedMemoryAccess$Scope$Handle
Event: 34.649 loading class jdk/internal/misc/ScopedMemoryAccess$Scope$Handle done


Dynamic libraries:
0x00007ff656ae0000 - 0x00007ff656af0000 	C:\Program Files\Java\jdk-17\bin\java.exe
0x00007ffa0b0b0000 - 0x00007ffa0b2a8000 	C:\Windows\SYSTEM32\ntdll.dll
0x00007ffa098d0000 - 0x00007ffa09992000 	C:\Windows\System32\KERNEL32.DLL
0x00007ffa08810000 - 0x00007ffa08b0e000 	C:\Windows\System32\KERNELBASE.dll
0x00007ffa08f30000 - 0x00007ffa09030000 	C:\Windows\System32\ucrtbase.dll
0x00007ffa01fb0000 - 0x00007ffa01fcb000 	C:\Program Files\Java\jdk-17\bin\VCRUNTIME140.dll
0x00007ffa00760000 - 0x00007ffa00779000 	C:\Program Files\Java\jdk-17\bin\jli.dll
0x00007ffa0ace0000 - 0x00007ffa0ad91000 	C:\Windows\System32\ADVAPI32.dll
0x00007ffa09c80000 - 0x00007ffa09d1e000 	C:\Windows\System32\msvcrt.dll
0x00007ffa0aec0000 - 0x00007ffa0af5f000 	C:\Windows\System32\sechost.dll
0x00007ffa0a0e0000 - 0x00007ffa0a203000 	C:\Windows\System32\RPCRT4.dll
0x00007ffa08750000 - 0x00007ffa08777000 	C:\Windows\System32\bcrypt.dll
0x00007ffa09540000 - 0x00007ffa096dd000 	C:\Windows\System32\USER32.dll
0x00007ffa08d90000 - 0x00007ffa08db2000 	C:\Windows\System32\win32u.dll
0x00007ff9ef900000 - 0x00007ff9efb9a000 	C:\Windows\WinSxS\amd64_microsoft.windows.common-controls_6595b64144ccf1df_6.0.19041.4355_none_60b8b9eb71f62e16\COMCTL32.dll
0x00007ffa09bd0000 - 0x00007ffa09bfb000 	C:\Windows\System32\GDI32.dll
0x00007ffa08b10000 - 0x00007ffa08c27000 	C:\Windows\System32\gdi32full.dll
0x00007ffa09030000 - 0x00007ffa090cd000 	C:\Windows\System32\msvcp_win.dll
0x00007ffa04f20000 - 0x00007ffa04f2a000 	C:\Windows\SYSTEM32\VERSION.dll
0x00007ffa098a0000 - 0x00007ffa098cf000 	C:\Windows\System32\IMM32.DLL
0x00007ffa02830000 - 0x00007ffa0283c000 	C:\Program Files\Java\jdk-17\bin\vcruntime140_1.dll
0x00007ff9f0760000 - 0x00007ff9f07ee000 	C:\Program Files\Java\jdk-17\bin\msvcp140.dll
0x00007ff9da6f0000 - 0x00007ff9db2cf000 	C:\Program Files\Java\jdk-17\bin\server\jvm.dll
0x00007ffa09c60000 - 0x00007ffa09c68000 	C:\Windows\System32\PSAPI.DLL
0x00007ff9f6120000 - 0x00007ff9f6147000 	C:\Windows\SYSTEM32\WINMM.dll
0x00007ff9f9850000 - 0x00007ff9f9859000 	C:\Windows\SYSTEM32\WSOCK32.dll
0x00007ffa09ee0000 - 0x00007ffa09f4b000 	C:\Windows\System32\WS2_32.dll
0x00007ffa064d0000 - 0x00007ffa064e2000 	C:\Windows\SYSTEM32\kernel.appcore.dll
0x00007ffa02770000 - 0x00007ffa0277a000 	C:\Program Files\Java\jdk-17\bin\jimage.dll
0x00007ffa01810000 - 0x00007ffa019f4000 	C:\Windows\SYSTEM32\DBGHELP.DLL
0x00007ffa01490000 - 0x00007ffa014c4000 	C:\Windows\SYSTEM32\dbgcore.DLL
0x00007ffa08780000 - 0x00007ffa08802000 	C:\Windows\System32\bcryptPrimitives.dll
0x00007ff9fa810000 - 0x00007ff9fa835000 	C:\Program Files\Java\jdk-17\bin\java.dll
0x00007ff9e11d0000 - 0x00007ff9e12a7000 	C:\Program Files\Java\jdk-17\bin\jsvml.dll
0x00007ffa0a210000 - 0x00007ffa0a97d000 	C:\Windows\System32\SHELL32.dll
0x00007ffa067b0000 - 0x00007ffa06f54000 	C:\Windows\SYSTEM32\windows.storage.dll
0x00007ffa0a980000 - 0x00007ffa0acd3000 	C:\Windows\System32\combase.dll
0x00007ffa080b0000 - 0x00007ffa080de000 	C:\Windows\SYSTEM32\Wldp.dll
0x00007ffa09e10000 - 0x00007ffa09edd000 	C:\Windows\System32\OLEAUT32.dll
0x00007ffa0afc0000 - 0x00007ffa0b06d000 	C:\Windows\System32\SHCORE.dll
0x00007ffa09c00000 - 0x00007ffa09c55000 	C:\Windows\System32\shlwapi.dll
0x00007ffa08680000 - 0x00007ffa086a4000 	C:\Windows\SYSTEM32\profapi.dll
0x00007ff9fa7f0000 - 0x00007ff9fa809000 	C:\Program Files\Java\jdk-17\bin\net.dll
0x00007ffa028d0000 - 0x00007ffa029dd000 	C:\Windows\SYSTEM32\WINHTTP.dll
0x00007ffa07e10000 - 0x00007ffa07e7a000 	C:\Windows\system32\mswsock.dll
0x00007ff9f79b0000 - 0x00007ff9f79c6000 	C:\Program Files\Java\jdk-17\bin\nio.dll
0x00007ff9f7990000 - 0x00007ff9f79a8000 	C:\Program Files\Java\jdk-17\bin\zip.dll
0x00007ffa01fa0000 - 0x00007ffa01fb0000 	C:\Program Files\Java\jdk-17\bin\verify.dll
0x00007ff9e5bd0000 - 0x00007ff9e5bf7000 	C:\Users\Admin\.gradle\native\68d5fa5c4cc2d200863cafc0d521ce42e7d3e7ee720ec0a83991735586a16f82\windows-amd64\native-platform.dll
0x00007ff9b4820000 - 0x00007ff9b4964000 	C:\Users\Admin\.gradle\native\e376f236ea51e6404a007f0833ffe2c6e607c4080706a723a18a27aeea778392\windows-amd64\native-platform-file-events.dll
0x00007ffa00c70000 - 0x00007ffa00c7a000 	C:\Program Files\Java\jdk-17\bin\management.dll
0x00007ff9fd170000 - 0x00007ff9fd17b000 	C:\Program Files\Java\jdk-17\bin\management_ext.dll
0x00007ffa08000000 - 0x00007ffa08018000 	C:\Windows\SYSTEM32\CRYPTSP.dll
0x00007ffa07730000 - 0x00007ffa07764000 	C:\Windows\system32\rsaenh.dll
0x00007ffa08640000 - 0x00007ffa0866e000 	C:\Windows\SYSTEM32\USERENV.dll
0x00007ffa08020000 - 0x00007ffa0802c000 	C:\Windows\SYSTEM32\CRYPTBASE.dll
0x00007ffa07af0000 - 0x00007ffa07b2b000 	C:\Windows\SYSTEM32\IPHLPAPI.DLL
0x00007ffa09890000 - 0x00007ffa09898000 	C:\Windows\System32\NSI.dll
0x00007ffa035b0000 - 0x00007ffa035c7000 	C:\Windows\SYSTEM32\dhcpcsvc6.DLL
0x00007ffa03470000 - 0x00007ffa0348d000 	C:\Windows\SYSTEM32\dhcpcsvc.DLL
0x00007ffa07b30000 - 0x00007ffa07bfa000 	C:\Windows\SYSTEM32\DNSAPI.dll
0x00007ffa03980000 - 0x00007ffa0398e000 	C:\Program Files\Java\jdk-17\bin\sunmscapi.dll
0x00007ffa08c30000 - 0x00007ffa08d8c000 	C:\Windows\System32\CRYPT32.dll
0x00007ffa08120000 - 0x00007ffa08147000 	C:\Windows\SYSTEM32\ncrypt.dll
0x00007ffa080e0000 - 0x00007ffa0811b000 	C:\Windows\SYSTEM32\NTASN1.dll
0x00007ffa00750000 - 0x00007ffa00757000 	C:\Windows\system32\wshunix.dll
0x00007ff9ec2d0000 - 0x00007ff9ec2e7000 	C:\Windows\system32\napinsp.dll
0x00007ff9ec2b0000 - 0x00007ff9ec2cb000 	C:\Windows\system32\pnrpnsp.dll
0x00007ff9efc80000 - 0x00007ff9efc95000 	C:\Windows\system32\wshbth.dll
0x00007ffa038a0000 - 0x00007ffa038bd000 	C:\Windows\system32\NLAapi.dll
0x00007ff9ec290000 - 0x00007ff9ec2a2000 	C:\Windows\System32\winrnr.dll
0x00007ffa02720000 - 0x00007ffa0272a000 	C:\Windows\System32\rasadhlp.dll
0x00007ffa013f0000 - 0x00007ffa01470000 	C:\Windows\System32\fwpuclnt.dll
0x00007ff9fd580000 - 0x00007ff9fd59e000 	C:\Users\Admin\AppData\Local\Temp\native-platform6195446838030448232dir\native-platform.dll
0x00007ff9fecd0000 - 0x00007ff9fecee000 	C:\Users\Admin\AppData\Local\Temp\native-platform6212628560037636062dir\native-platform.dll
0x00007ff9f7b60000 - 0x00007ff9f7b67000 	C:\Program Files\Java\jdk-17\bin\rmi.dll

dbghelp: loaded successfully - version: 4.0.5 - missing functions: none
symbol engine: initialized successfully - sym options: 0x614 - pdb path: .;C:\Program Files\Java\jdk-17\bin;C:\Windows\SYSTEM32;C:\Windows\WinSxS\amd64_microsoft.windows.common-controls_6595b64144ccf1df_6.0.19041.4355_none_60b8b9eb71f62e16;C:\Program Files\Java\jdk-17\bin\server;C:\Users\Admin\.gradle\native\68d5fa5c4cc2d200863cafc0d521ce42e7d3e7ee720ec0a83991735586a16f82\windows-amd64;C:\Users\Admin\.gradle\native\e376f236ea51e6404a007f0833ffe2c6e607c4080706a723a18a27aeea778392\windows-amd64;C:\Users\Admin\AppData\Local\Temp\native-platform6195446838030448232dir;C:\Users\Admin\AppData\Local\Temp\native-platform6212628560037636062dir

VM Arguments:
jvm_args: -XX:MaxMetaspaceSize=512m --add-opens=java.base/java.util=ALL-UNNAMED --add-opens=java.base/java.lang=ALL-UNNAMED --add-opens=java.base/java.lang.invoke=ALL-UNNAMED --add-opens=java.prefs/java.util.prefs=ALL-UNNAMED --add-opens=java.base/java.nio.charset=ALL-UNNAMED --add-opens=java.base/java.net=ALL-UNNAMED --add-opens=java.base/java.util.concurrent.atomic=ALL-UNNAMED -Xmx2048m -Dfile.encoding=windows-1252 -Duser.country=US -Duser.language=en -Duser.variant 
java_command: org.gradle.launcher.daemon.bootstrap.GradleDaemon 8.0.1
java_class_path (initial): C:\Users\Admin\.gradle\wrapper\dists\gradle-8.0.1-all\aro4hu1c3oeioove7l0i4i14o\gradle-8.0.1\lib\gradle-launcher-8.0.1.jar
Launcher Type: SUN_STANDARD

[Global flags]
     intx CICompilerCount                          = 3                                         {product} {ergonomic}
   size_t CompressedClassSpaceSize                 = 436207616                                 {product} {ergonomic}
     uint ConcGCThreads                            = 2                                         {product} {ergonomic}
     uint G1ConcRefinementThreads                  = 6                                         {product} {ergonomic}
   size_t G1HeapRegionSize                         = 1048576                                   {product} {ergonomic}
    uintx GCDrainStackTargetSize                   = 64                                        {product} {ergonomic}
   size_t InitialHeapSize                          = 132120576                                 {product} {ergonomic}
   size_t MarkStackSize                            = 4194304                                   {product} {ergonomic}
   size_t MaxHeapSize                              = 2147483648                                {product} {command line}
   size_t MaxMetaspaceSize                         = 536870912                                 {product} {command line}
   size_t MaxNewSize                               = 1287651328                                {product} {ergonomic}
   size_t MinHeapDeltaBytes                        = 1048576                                   {product} {ergonomic}
   size_t MinHeapSize                              = 8388608                                   {product} {ergonomic}
    uintx NonNMethodCodeHeapSize                   = 5832780                                {pd product} {ergonomic}
    uintx NonProfiledCodeHeapSize                  = 122912730                              {pd product} {ergonomic}
    uintx ProfiledCodeHeapSize                     = 122912730                              {pd product} {ergonomic}
    uintx ReservedCodeCacheSize                    = 251658240                              {pd product} {ergonomic}
     bool SegmentedCodeCache                       = true                                      {product} {ergonomic}
   size_t SoftMaxHeapSize                          = 2147483648                             {manageable} {ergonomic}
     bool UseCompressedClassPointers               = true                           {product lp64_product} {ergonomic}
     bool UseCompressedOops                        = true                           {product lp64_product} {ergonomic}
     bool UseG1GC                                  = true                                      {product} {ergonomic}
     bool UseLargePagesIndividualAllocation        = false                                  {pd product} {ergonomic}

Logging:
Log output configuration:
 #0: stdout all=warning uptime,level,tags
 #1: stderr all=off uptime,level,tags

Environment Variables:
JAVA_HOME=C:\Program Files\Java\jdk-17
CLASSPATH=E:\React Native\All Parking\Parking_Dual\android\\gradle\wrapper\gradle-wrapper.jar
PATH=E:\React Native\All Parking\Parking_Dual\node_modules\.bin;E:\React Native\All Parking\node_modules\.bin;E:\React Native\node_modules\.bin;E:\node_modules\.bin;C:\Users\Admin\AppData\Roaming\nvm\v16.13.0\node_modules\npm\node_modules\@npmcli\run-script\lib\node-gyp-bin;E:\React Native\All Parking\Parking_Dual\node_modules\.bin;E:\React Native\All Parking\node_modules\.bin;E:\React Native\node_modules\.bin;E:\node_modules\.bin;C:\Users\Admin\AppData\Roaming\nvm\v16.13.0\node_modules\npm\node_modules\@npmcli\run-script\lib\node-gyp-bin;C:\Program Files\Common Files\Oracle\Java\javapath;C:\Python312\Scripts\;C:\Python312\;C:\Windows\system32;C:\Windows;C:\Windows\System32\Wbem;C:\Windows\System32\WindowsPowerShell\v1.0\;C:\Windows\System32\OpenSSH\;C:\ProgramData\chocolatey\bin;C:\Program Files\Git\cmd;C:\Program Files\Java\jdk-17\bin;C:\Users\Admin\AppData\Local\Android\Sdk\platform-tools;C:\Users\Admin\AppData\Local\Android\Sdk\build-tools\34.0.0;C:\Program Files\Amazon\AWSCLIV2\;C:\Users\Admin\AppData\Roaming\nvm;C:\Program Files\nodejs;F:\xampp\php;C:\composer;C:\Users\Admin\AppData\Local\Microsoft\WindowsApps;C:\Users\Admin\AppData\Local\Programs\Microsoft VS Code\bin;C:\Users\Admin\AppData\Roaming\npm;C:\Program Files\Java\jdk-17\bin;C:\Users\Admin\AppData\Local\Android\Sdk\platform-tools;C:\Users\Admin\AppData\Local\Android\Sdk\build-tools\34.0.0;C:\Users\Admin\AppData\Roaming\nvm;C:\Program Files\nodejs;C:\Users\Admin\composer;C:\Users\Admin\AppData\Roaming\Composer\vendor\bin
USERNAME=Admin
LANG=en_US.UTF-8
OS=Windows_NT
PROCESSOR_IDENTIFIER=Intel64 Family 6 Model 158 Stepping 10, GenuineIntel



---------------  S Y S T E M  ---------------

OS:
 Windows 10 , 64 bit Build 19041 (10.0.19041.5072)
OS uptime: 1 days 22:12 hours

CPU: total 6 (initial active 6) (6 cores per cpu, 1 threads per core) family 6 model 158 stepping 10 microcode 0xb4, cx8, cmov, fxsr, mmx, 3dnowpref, sse, sse2, sse3, ssse3, sse4.1, sse4.2, popcnt, lzcnt, tsc, tscinvbit, avx, avx2, aes, erms, clmul, bmi1, bmi2, adx, fma, vzeroupper, clflush, clflushopt

Memory: 4k page, system-wide physical 8054M (463M free)
TotalPageFile size 20342M (AvailPageFile size 0M)
current process WorkingSet (physical memory assigned to process): 874M, peak: 874M
current process commit charge ("private bytes"): 1004M, peak: 1004M

vm_info: Java HotSpot(TM) 64-Bit Server VM (17.0.10+11-LTS-240) for windows-amd64 JRE (17.0.10+11-LTS-240), built on Dec 19 2023 21:47:25 by "mach5one" with MS VC++ 17.1 (VS2022)

END.
