#
# There is insufficient memory for the Java Runtime Environment to continue.
# Native memory allocation (malloc) failed to allocate 32744 bytes for ChunkPool::allocate
# Possible reasons:
#   The system is out of physical RAM or swap space
#   The process is running with CompressedOops enabled, and the Java Heap may be blocking the growth of the native heap
# Possible solutions:
#   Reduce memory load on the system
#   Increase physical memory or swap space
#   Check if swap backing store is full
#   Decrease Java heap size (-Xmx/-Xms)
#   Decrease number of Java threads
#   Decrease Java thread stack sizes (-Xss)
#   Set larger code cache with -XX:ReservedCodeCacheSize=
#   JVM is running with Unscaled Compressed Oops mode in which the Java heap is
#     placed in the first 4GB address space. The Java Heap base address is the
#     maximum limit for the native heap growth. Please use -XX:HeapBaseMinAddress
#     to set the Java Heap base and to place the Java Heap above 4GB virtual address.
# This output file may be truncated or incomplete.
#
#  Out of Memory Error (arena.cpp:78), pid=10436, tid=4868
#
# JRE version: Java(TM) SE Runtime Environment (17.0.10+11) (build 17.0.10+11-LTS-240)
# Java VM: Java HotSpot(TM) 64-Bit Server VM (17.0.10+11-LTS-240, mixed mode, sharing, tiered, compressed oops, compressed class ptrs, g1 gc, windows-amd64)
# No core dump will be written. Minidumps are not enabled by default on client versions of Windows
#

---------------  S U M M A R Y ------------

Command Line: -XX:MaxMetaspaceSize=512m --add-opens=java.base/java.util=ALL-UNNAMED --add-opens=java.base/java.lang=ALL-UNNAMED --add-opens=java.base/java.lang.invoke=ALL-UNNAMED --add-opens=java.prefs/java.util.prefs=ALL-UNNAMED --add-opens=java.base/java.nio.charset=ALL-UNNAMED --add-opens=java.base/java.net=ALL-UNNAMED --add-opens=java.base/java.util.concurrent.atomic=ALL-UNNAMED -Xmx2048m -Dfile.encoding=windows-1252 -Duser.country=US -Duser.language=en -Duser.variant org.gradle.launcher.daemon.bootstrap.GradleDaemon 8.0.1

Host: Intel(R) Core(TM) i5-8400 CPU @ 2.80GHz, 6 cores, 7G,  Windows 10 , 64 bit Build 19041 (10.0.19041.5072)
Time: Fri Nov 22 13:44:52 2024 India Standard Time elapsed time: 58.945172 seconds (0d 0h 0m 58s)

---------------  T H R E A D  ---------------

Current thread (0x00000257768ec640):  JavaThread "C2 CompilerThread1" daemon [_thread_in_native, id=4868, stack(0x000000b9f4700000,0x000000b9f4800000)]


Current CompileTask:
C2:  58945 21676       4       org.gradle.cache.internal.DefaultMultiProcessSafePersistentIndexedCache::put (23 bytes)

Stack: [0x000000b9f4700000,0x000000b9f4800000]
Native frames: (J=compiled Java code, j=interpreted, Vv=VM code, C=native code)
V  [jvm.dll+0x677a5a]
V  [jvm.dll+0x7d8b2d]
V  [jvm.dll+0x7da48e]
V  [jvm.dll+0x7daaf3]
V  [jvm.dll+0x2455ff]
V  [jvm.dll+0xaad50]
V  [jvm.dll+0xab09c]
V  [jvm.dll+0x604f7e]
V  [jvm.dll+0x60a9bc]
V  [jvm.dll+0x60b8dc]
V  [jvm.dll+0x609db4]
V  [jvm.dll+0x2177ce]
V  [jvm.dll+0x216d81]
V  [jvm.dll+0x1a3410]
V  [jvm.dll+0x226aeb]
V  [jvm.dll+0x224cab]
V  [jvm.dll+0x78e45c]
V  [jvm.dll+0x78888a]
V  [jvm.dll+0x676935]
C  [ucrtbase.dll+0x21bb2]
C  [KERNEL32.DLL+0x17374]
C  [ntdll.dll+0x4cc91]


---------------  P R O C E S S  ---------------

Threads class SMR info:
_java_thread_list=0x000002577059aeb0, length=135, elements={
0x000002572b8cd430, 0x00000257497293f0, 0x000002574972a180, 0x000002574973bd30,
0x0000025749740a30, 0x0000025749741300, 0x00000257497450d0, 0x0000025749747d90,
0x0000025749750760, 0x0000025749765850, 0x0000025749986dd0, 0x000002574998cb10,
0x000002576aa65770, 0x0000025769e61040, 0x0000025769a1f2a0, 0x0000025769931d30,
0x0000025769932210, 0x000002576a225830, 0x0000025769ebc060, 0x0000025769ebd9b0,
0x0000025769ebb130, 0x0000025769ebdec0, 0x0000025769ebac20, 0x0000025769ebbb50,
0x0000025769ebcf90, 0x0000025769ebc570, 0x0000025769ebe3d0, 0x000002576afe7180,
0x000002576afe5d40, 0x000002576afe2aa0, 0x000002576afe2fb0, 0x000002576afe5830,
0x000002576afe7690, 0x000002576afe39d0, 0x000002576afe7ba0, 0x000002576afe43f0,
0x000002576afe80b0, 0x000002576afe2590, 0x000002576afe34c0, 0x000002576afe6760,
0x000002576afe6c70, 0x000002576afe85c0, 0x000002576afe8ad0, 0x000002576afe8fe0,
0x000002576afe94f0, 0x000002576afe2080, 0x000002576afe9a00, 0x0000025749ac69b0,
0x0000025749acbab0, 0x0000025749aca160, 0x0000025749ac8810, 0x0000025749ac5060,
0x0000025749ac64a0, 0x0000025749ac6ec0, 0x0000025749acc4d0, 0x0000025749acbfc0,
0x0000025749ac5570, 0x0000025749ac5a80, 0x0000025749acab80, 0x0000025749aca670,
0x0000025749acc9e0, 0x0000025749ac73d0, 0x0000025749ac5f90, 0x0000025749ac8d20,
0x0000025749acb090, 0x0000025749ac8300, 0x0000025749ac7df0, 0x0000025749ac9230,
0x0000025749ac9740, 0x0000025749ac9c50, 0x000002576d713ca0, 0x000002576d70fad0,
0x000002576d7141b0, 0x000002576d7150e0, 0x000002576d7155f0, 0x000002576d712350,
0x000002576d70f5c0, 0x000002576d713790, 0x000002576d711930, 0x000002576d715b00,
0x000002576d716010, 0x000002576d716520, 0x000002576d716a30, 0x000002576d716f40,
0x000002576d713280, 0x000002576d711420, 0x000002576d714bd0, 0x000002576d70ffe0,
0x000002576d7104f0, 0x000002576d710a00, 0x000002576d710f10, 0x000002576d712860,
0x000002576d712d70, 0x000002576bd7ed40, 0x000002576bd7e320, 0x000002576bd7d900,
0x000002576bd7c9d0, 0x000002576bd7de10, 0x000002576bd7e830, 0x000002576bd7a150,
0x000002576bd78d10, 0x000002576bd778d0, 0x000002576bd7a660, 0x000002576bd79220,
0x000002576bd79730, 0x000002576bd79c40, 0x000002576bd7ab70, 0x000002576bd7b080,
0x000002576bd7f250, 0x000002576ec7be30, 0x000002576ec7d270, 0x000002576ec82370,
0x000002576ec81950, 0x000002576ec82d90, 0x000002576ec7e1a0, 0x000002576ec7f0d0,
0x000002576ec7f5e0, 0x0000025769ebb640, 0x0000025749ac78e0, 0x000002576d711e40,
0x000002576bd78800, 0x000002576bb39de0, 0x000002576bb338a0, 0x000002576bb37a70,
0x000002576bb347d0, 0x000002576bb3a2f0, 0x000002576bb393c0, 0x000002576bb33390,
0x000002576bb342c0, 0x000002576bb351f0, 0x000002576bb35700, 0x000002576bb36120,
0x000002576bb37050, 0x000002576bb37560, 0x00000257768ec640
}

Java Threads: ( => current thread )
  0x000002572b8cd430 JavaThread "main" [_thread_blocked, id=23048, stack(0x000000b9f2000000,0x000000b9f2100000)]
  0x00000257497293f0 JavaThread "Reference Handler" daemon [_thread_blocked, id=12336, stack(0x000000b9f2700000,0x000000b9f2800000)]
  0x000002574972a180 JavaThread "Finalizer" daemon [_thread_blocked, id=3984, stack(0x000000b9f2800000,0x000000b9f2900000)]
  0x000002574973bd30 JavaThread "Signal Dispatcher" daemon [_thread_blocked, id=22800, stack(0x000000b9f2900000,0x000000b9f2a00000)]
  0x0000025749740a30 JavaThread "Attach Listener" daemon [_thread_blocked, id=1076, stack(0x000000b9f2a00000,0x000000b9f2b00000)]
  0x0000025749741300 JavaThread "Service Thread" daemon [_thread_blocked, id=2156, stack(0x000000b9f2b00000,0x000000b9f2c00000)]
  0x00000257497450d0 JavaThread "Monitor Deflation Thread" daemon [_thread_blocked, id=22344, stack(0x000000b9f2c00000,0x000000b9f2d00000)]
  0x0000025749747d90 JavaThread "C2 CompilerThread0" daemon [_thread_in_native, id=22876, stack(0x000000b9f2d00000,0x000000b9f2e00000)]
  0x0000025749750760 JavaThread "C1 CompilerThread0" daemon [_thread_blocked, id=12160, stack(0x000000b9f2e00000,0x000000b9f2f00000)]
  0x0000025749765850 JavaThread "Sweeper thread" daemon [_thread_blocked, id=11860, stack(0x000000b9f2f00000,0x000000b9f3000000)]
  0x0000025749986dd0 JavaThread "Common-Cleaner" daemon [_thread_blocked, id=1848, stack(0x000000b9f3000000,0x000000b9f3100000)]
  0x000002574998cb10 JavaThread "Notification Thread" daemon [_thread_blocked, id=21788, stack(0x000000b9f3100000,0x000000b9f3200000)]
  0x000002576aa65770 JavaThread "Daemon health stats" [_thread_blocked, id=22552, stack(0x000000b9f3800000,0x000000b9f3900000)]
  0x0000025769e61040 JavaThread "Incoming local TCP Connector on port 56782" [_thread_in_native, id=22436, stack(0x000000b9f3900000,0x000000b9f3a00000)]
  0x0000025769a1f2a0 JavaThread "Daemon periodic checks" [_thread_blocked, id=14400, stack(0x000000b9f3a00000,0x000000b9f3b00000)]
  0x0000025769931d30 JavaThread "Daemon" [_thread_blocked, id=22752, stack(0x000000b9f3b00000,0x000000b9f3c00000)]
  0x0000025769932210 JavaThread "Handler for socket connection from /127.0.0.1:56782 to /127.0.0.1:56783" [_thread_in_native, id=1288, stack(0x000000b9f3c00000,0x000000b9f3d00000)]
  0x000002576a225830 JavaThread "Cancel handler" [_thread_blocked, id=23004, stack(0x000000b9f3d00000,0x000000b9f3e00000)]
  0x0000025769ebc060 JavaThread "Daemon worker" [_thread_blocked, id=16264, stack(0x000000b9f3e00000,0x000000b9f3f00000)]
  0x0000025769ebd9b0 JavaThread "Asynchronous log dispatcher for DefaultDaemonConnection: socket connection from /127.0.0.1:56782 to /127.0.0.1:56783" [_thread_blocked, id=23204, stack(0x000000b9f3f00000,0x000000b9f4000000)]
  0x0000025769ebb130 JavaThread "Stdin handler" [_thread_blocked, id=23340, stack(0x000000b9f4000000,0x000000b9f4100000)]
  0x0000025769ebdec0 JavaThread "Daemon client event forwarder" [_thread_blocked, id=1068, stack(0x000000b9f4100000,0x000000b9f4200000)]
  0x0000025769ebac20 JavaThread "Cache worker for journal cache (C:\Users\Admin\.gradle\caches\journal-1)" [_thread_blocked, id=11692, stack(0x000000b9f4200000,0x000000b9f4300000)]
  0x0000025769ebbb50 JavaThread "File lock request listener" [_thread_in_native, id=18328, stack(0x000000b9f4300000,0x000000b9f4400000)]
  0x0000025769ebcf90 JavaThread "Cache worker for file hash cache (C:\Users\Admin\.gradle\caches\8.0.1\fileHashes)" [_thread_blocked, id=8876, stack(0x000000b9f4400000,0x000000b9f4500000)]
  0x0000025769ebc570 JavaThread "Cache worker for checksums cache (E:\React Native\All Parking\Parking_Dual\android\.gradle\8.0.1\checksums)" [_thread_blocked, id=16288, stack(0x000000b9f4800000,0x000000b9f4900000)]
  0x0000025769ebe3d0 JavaThread "Cache worker for cache directory md-rule (C:\Users\Admin\.gradle\caches\8.0.1\md-rule)" [_thread_blocked, id=13560, stack(0x000000b9f4900000,0x000000b9f4a00000)]
  0x000002576afe7180 JavaThread "Cache worker for file content cache (C:\Users\Admin\.gradle\caches\8.0.1\fileContent)" [_thread_blocked, id=11720, stack(0x000000b9f4a00000,0x000000b9f4b00000)]
  0x000002576afe5d40 JavaThread "Cache worker for file hash cache (E:\React Native\All Parking\Parking_Dual\android\.gradle\8.0.1\fileHashes)" [_thread_blocked, id=19388, stack(0x000000b9f4b00000,0x000000b9f4c00000)]
  0x000002576afe2aa0 JavaThread "Cache worker for cache directory md-supplier (C:\Users\Admin\.gradle\caches\8.0.1\md-supplier)" [_thread_blocked, id=16460, stack(0x000000b9f4c00000,0x000000b9f4d00000)]
  0x000002576afe2fb0 JavaThread "Cache worker for execution history cache (C:\Users\Admin\.gradle\caches\8.0.1\executionHistory)" [_thread_blocked, id=8348, stack(0x000000b9f4f00000,0x000000b9f5000000)]
  0x000002576afe5830 JavaThread "jar transforms" [_thread_blocked, id=6036, stack(0x000000b9f5000000,0x000000b9f5100000)]
  0x000002576afe7690 JavaThread "jar transforms Thread 2" [_thread_blocked, id=22996, stack(0x000000b9f5100000,0x000000b9f5200000)]
  0x000002576afe39d0 JavaThread "jar transforms Thread 3" [_thread_blocked, id=1264, stack(0x000000b9f5200000,0x000000b9f5300000)]
  0x000002576afe7ba0 JavaThread "jar transforms Thread 4" [_thread_blocked, id=23196, stack(0x000000b9f5300000,0x000000b9f5400000)]
  0x000002576afe43f0 JavaThread "Cache worker for kotlin-dsl (C:\Users\Admin\.gradle\caches\8.0.1\kotlin-dsl)" [_thread_blocked, id=21456, stack(0x000000b9f5400000,0x000000b9f5500000)]
  0x000002576afe80b0 JavaThread "jar transforms Thread 5" [_thread_blocked, id=484, stack(0x000000b9f5500000,0x000000b9f5600000)]
  0x000002576afe2590 JavaThread "jar transforms Thread 6" [_thread_blocked, id=23512, stack(0x000000b9f5600000,0x000000b9f5700000)]
  0x000002576afe34c0 JavaThread "Cache worker for dependencies-accessors (E:\React Native\All Parking\Parking_Dual\android\.gradle\8.0.1\dependencies-accessors)" [_thread_blocked, id=17308, stack(0x000000b9f5700000,0x000000b9f5800000)]
  0x000002576afe6760 JavaThread "Cache worker for Build Output Cleanup Cache (E:\React Native\All Parking\Parking_Dual\node_modules\@react-native\gradle-plugin\.gradle\buildOutputCleanup)" [_thread_blocked, id=592, stack(0x000000b9f5800000,0x000000b9f5900000)]
  0x000002576afe6c70 JavaThread "Unconstrained build operations" [_thread_blocked, id=20340, stack(0x000000b9f5900000,0x000000b9f5a00000)]
  0x000002576afe85c0 JavaThread "Unconstrained build operations Thread 2" [_thread_blocked, id=22612, stack(0x000000b9f5a00000,0x000000b9f5b00000)]
  0x000002576afe8ad0 JavaThread "Unconstrained build operations Thread 3" [_thread_blocked, id=23480, stack(0x000000b9f5b00000,0x000000b9f5c00000)]
  0x000002576afe8fe0 JavaThread "Unconstrained build operations Thread 4" [_thread_blocked, id=19520, stack(0x000000b9f5c00000,0x000000b9f5d00000)]
  0x000002576afe94f0 JavaThread "Unconstrained build operations Thread 5" [_thread_blocked, id=21696, stack(0x000000b9f5d00000,0x000000b9f5e00000)]
  0x000002576afe2080 JavaThread "Unconstrained build operations Thread 6" [_thread_blocked, id=18952, stack(0x000000b9f5e00000,0x000000b9f5f00000)]
  0x000002576afe9a00 JavaThread "Unconstrained build operations Thread 7" [_thread_blocked, id=17828, stack(0x000000b9f5f00000,0x000000b9f6000000)]
  0x0000025749ac69b0 JavaThread "Unconstrained build operations Thread 8" [_thread_blocked, id=12276, stack(0x000000b9f6000000,0x000000b9f6100000)]
  0x0000025749acbab0 JavaThread "Unconstrained build operations Thread 9" [_thread_blocked, id=8856, stack(0x000000b9f6100000,0x000000b9f6200000)]
  0x0000025749aca160 JavaThread "Unconstrained build operations Thread 10" [_thread_blocked, id=12168, stack(0x000000b9f6200000,0x000000b9f6300000)]
  0x0000025749ac8810 JavaThread "Unconstrained build operations Thread 11" [_thread_blocked, id=10208, stack(0x000000b9f6300000,0x000000b9f6400000)]
  0x0000025749ac5060 JavaThread "Unconstrained build operations Thread 12" [_thread_blocked, id=23308, stack(0x000000b9f6400000,0x000000b9f6500000)]
  0x0000025749ac64a0 JavaThread "Unconstrained build operations Thread 13" [_thread_blocked, id=22156, stack(0x000000b9f6500000,0x000000b9f6600000)]
  0x0000025749ac6ec0 JavaThread "Unconstrained build operations Thread 14" [_thread_blocked, id=13684, stack(0x000000b9f6600000,0x000000b9f6700000)]
  0x0000025749acc4d0 JavaThread "Unconstrained build operations Thread 15" [_thread_blocked, id=12760, stack(0x000000b9f6700000,0x000000b9f6800000)]
  0x0000025749acbfc0 JavaThread "Unconstrained build operations Thread 16" [_thread_blocked, id=7764, stack(0x000000b9f6800000,0x000000b9f6900000)]
  0x0000025749ac5570 JavaThread "Unconstrained build operations Thread 17" [_thread_blocked, id=17512, stack(0x000000b9f6900000,0x000000b9f6a00000)]
  0x0000025749ac5a80 JavaThread "Unconstrained build operations Thread 18" [_thread_blocked, id=3044, stack(0x000000b9f6a00000,0x000000b9f6b00000)]
  0x0000025749acab80 JavaThread "Unconstrained build operations Thread 19" [_thread_blocked, id=21332, stack(0x000000b9f6b00000,0x000000b9f6c00000)]
  0x0000025749aca670 JavaThread "Unconstrained build operations Thread 20" [_thread_blocked, id=8048, stack(0x000000b9f6c00000,0x000000b9f6d00000)]
  0x0000025749acc9e0 JavaThread "Unconstrained build operations Thread 21" [_thread_blocked, id=19012, stack(0x000000b9f6d00000,0x000000b9f6e00000)]
  0x0000025749ac73d0 JavaThread "Unconstrained build operations Thread 22" [_thread_blocked, id=22760, stack(0x000000b9f6e00000,0x000000b9f6f00000)]
  0x0000025749ac5f90 JavaThread "Unconstrained build operations Thread 23" [_thread_blocked, id=10976, stack(0x000000b9f6f00000,0x000000b9f7000000)]
  0x0000025749ac8d20 JavaThread "Unconstrained build operations Thread 24" [_thread_blocked, id=15288, stack(0x000000b9f7000000,0x000000b9f7100000)]
  0x0000025749acb090 JavaThread "Unconstrained build operations Thread 25" [_thread_blocked, id=19848, stack(0x000000b9f7100000,0x000000b9f7200000)]
  0x0000025749ac8300 JavaThread "Unconstrained build operations Thread 26" [_thread_blocked, id=23116, stack(0x000000b9f7200000,0x000000b9f7300000)]
  0x0000025749ac7df0 JavaThread "Memory manager" [_thread_blocked, id=16660, stack(0x000000b9f7300000,0x000000b9f7400000)]
  0x0000025749ac9230 JavaThread "Cache worker for Build Output Cleanup Cache (E:\React Native\All Parking\Parking_Dual\android\.gradle\buildOutputCleanup)" [_thread_blocked, id=6104, stack(0x000000b9f7400000,0x000000b9f7500000)]
  0x0000025749ac9740 JavaThread "included builds" [_thread_blocked, id=2300, stack(0x000000b9f7500000,0x000000b9f7600000)]
  0x0000025749ac9c50 JavaThread "Execution worker" [_thread_blocked, id=23268, stack(0x000000b9f7600000,0x000000b9f7700000)]
  0x000002576d713ca0 JavaThread "Execution worker Thread 2" [_thread_blocked, id=3488, stack(0x000000b9f7700000,0x000000b9f7800000)]
  0x000002576d70fad0 JavaThread "Execution worker Thread 3" [_thread_blocked, id=13172, stack(0x000000b9f7800000,0x000000b9f7900000)]
  0x000002576d7141b0 JavaThread "Execution worker Thread 4" [_thread_blocked, id=22688, stack(0x000000b9f7900000,0x000000b9f7a00000)]
  0x000002576d7150e0 JavaThread "Execution worker Thread 5" [_thread_blocked, id=10984, stack(0x000000b9f7a00000,0x000000b9f7b00000)]
  0x000002576d7155f0 JavaThread "Cache worker for execution history cache (E:\React Native\All Parking\Parking_Dual\node_modules\@react-native\gradle-plugin\.gradle\8.0.1\executionHistory)" [_thread_blocked, id=16260, stack(0x000000b9f7b00000,0x000000b9f7c00000)]
  0x000002576d712350 JavaThread "Unconstrained build operations Thread 27" [_thread_blocked, id=22768, stack(0x000000b9f7c00000,0x000000b9f7d00000)]
  0x000002576d70f5c0 JavaThread "Unconstrained build operations Thread 28" [_thread_blocked, id=4460, stack(0x000000b9f7d00000,0x000000b9f7e00000)]
  0x000002576d713790 JavaThread "Unconstrained build operations Thread 29" [_thread_blocked, id=7344, stack(0x000000b9f7e00000,0x000000b9f7f00000)]
  0x000002576d711930 JavaThread "Unconstrained build operations Thread 30" [_thread_blocked, id=7300, stack(0x000000b9f7f00000,0x000000b9f8000000)]
  0x000002576d715b00 JavaThread "Unconstrained build operations Thread 31" [_thread_blocked, id=10524, stack(0x000000b9f8000000,0x000000b9f8100000)]
  0x000002576d716010 JavaThread "Unconstrained build operations Thread 32" [_thread_blocked, id=4200, stack(0x000000b9f8100000,0x000000b9f8200000)]
  0x000002576d716520 JavaThread "Unconstrained build operations Thread 33" [_thread_blocked, id=22016, stack(0x000000b9f8200000,0x000000b9f8300000)]
  0x000002576d716a30 JavaThread "Unconstrained build operations Thread 34" [_thread_blocked, id=22784, stack(0x000000b9f8300000,0x000000b9f8400000)]
  0x000002576d716f40 JavaThread "Unconstrained build operations Thread 35" [_thread_blocked, id=1156, stack(0x000000b9f8400000,0x000000b9f8500000)]
  0x000002576d713280 JavaThread "Unconstrained build operations Thread 36" [_thread_blocked, id=22472, stack(0x000000b9f8500000,0x000000b9f8600000)]
  0x000002576d711420 JavaThread "Unconstrained build operations Thread 37" [_thread_blocked, id=2976, stack(0x000000b9f8600000,0x000000b9f8700000)]
  0x000002576d714bd0 JavaThread "Unconstrained build operations Thread 38" [_thread_blocked, id=1972, stack(0x000000b9f8700000,0x000000b9f8800000)]
  0x000002576d70ffe0 JavaThread "Unconstrained build operations Thread 39" [_thread_blocked, id=6616, stack(0x000000b9f8800000,0x000000b9f8900000)]
  0x000002576d7104f0 JavaThread "Unconstrained build operations Thread 40" [_thread_blocked, id=14440, stack(0x000000b9f8900000,0x000000b9f8a00000)]
  0x000002576d710a00 JavaThread "Unconstrained build operations Thread 41" [_thread_blocked, id=7748, stack(0x000000b9f8a00000,0x000000b9f8b00000)]
  0x000002576d710f10 JavaThread "Unconstrained build operations Thread 42" [_thread_blocked, id=23132, stack(0x000000b9f8b00000,0x000000b9f8c00000)]
  0x000002576d712860 JavaThread "Unconstrained build operations Thread 43" [_thread_blocked, id=21232, stack(0x000000b9f8c00000,0x000000b9f8d00000)]
  0x000002576d712d70 JavaThread "Unconstrained build operations Thread 44" [_thread_blocked, id=23248, stack(0x000000b9f8d00000,0x000000b9f8e00000)]
  0x000002576bd7ed40 JavaThread "Unconstrained build operations Thread 45" [_thread_blocked, id=13720, stack(0x000000b9f8e00000,0x000000b9f8f00000)]
  0x000002576bd7e320 JavaThread "Unconstrained build operations Thread 46" [_thread_blocked, id=14760, stack(0x000000b9f8f00000,0x000000b9f9000000)]
  0x000002576bd7d900 JavaThread "Unconstrained build operations Thread 47" [_thread_blocked, id=952, stack(0x000000b9f9000000,0x000000b9f9100000)]
  0x000002576bd7c9d0 JavaThread "Unconstrained build operations Thread 48" [_thread_blocked, id=17776, stack(0x000000b9f9100000,0x000000b9f9200000)]
  0x000002576bd7de10 JavaThread "Unconstrained build operations Thread 49" [_thread_blocked, id=11488, stack(0x000000b9f9200000,0x000000b9f9300000)]
  0x000002576bd7e830 JavaThread "Unconstrained build operations Thread 50" [_thread_blocked, id=5508, stack(0x000000b9f9300000,0x000000b9f9400000)]
  0x000002576bd7a150 JavaThread "Unconstrained build operations Thread 51" [_thread_blocked, id=22276, stack(0x000000b9f9400000,0x000000b9f9500000)]
  0x000002576bd78d10 JavaThread "Unconstrained build operations Thread 52" [_thread_blocked, id=924, stack(0x000000b9f9500000,0x000000b9f9600000)]
  0x000002576bd778d0 JavaThread "Unconstrained build operations Thread 53" [_thread_blocked, id=19820, stack(0x000000b9f9600000,0x000000b9f9700000)]
  0x000002576bd7a660 JavaThread "Unconstrained build operations Thread 54" [_thread_blocked, id=13164, stack(0x000000b9f9700000,0x000000b9f9800000)]
  0x000002576bd79220 JavaThread "Unconstrained build operations Thread 55" [_thread_blocked, id=6372, stack(0x000000b9f9800000,0x000000b9f9900000)]
  0x000002576bd79730 JavaThread "Unconstrained build operations Thread 56" [_thread_blocked, id=12612, stack(0x000000b9f9900000,0x000000b9f9a00000)]
  0x000002576bd79c40 JavaThread "Unconstrained build operations Thread 57" [_thread_blocked, id=4356, stack(0x000000b9f9a00000,0x000000b9f9b00000)]
  0x000002576bd7ab70 JavaThread "Unconstrained build operations Thread 58" [_thread_blocked, id=12048, stack(0x000000b9f9b00000,0x000000b9f9c00000)]
  0x000002576bd7b080 JavaThread "Unconstrained build operations Thread 59" [_thread_blocked, id=8060, stack(0x000000b9f9c00000,0x000000b9f9d00000)]
  0x000002576bd7f250 JavaThread "Unconstrained build operations Thread 60" [_thread_blocked, id=12356, stack(0x000000b9f9d00000,0x000000b9f9e00000)]
  0x000002576ec7be30 JavaThread "Cache worker for execution history cache (E:\React Native\All Parking\Parking_Dual\android\.gradle\8.0.1\executionHistory)" [_thread_blocked, id=18692, stack(0x000000b9f9f00000,0x000000b9fa000000)]
  0x000002576ec7d270 JavaThread "WorkerExecutor Queue" [_thread_in_native, id=13640, stack(0x000000b9fa000000,0x000000b9fa100000)]
  0x000002576ec82370 JavaThread "Cache worker for Java compile cache (C:\Users\Admin\.gradle\caches\8.0.1\javaCompile)" [_thread_blocked, id=4856, stack(0x000000b9fa200000,0x000000b9fa300000)]
  0x000002576ec81950 JavaThread "RMI Scheduler(0)" daemon [_thread_blocked, id=22576, stack(0x000000b9f3300000,0x000000b9f3400000)]
  0x000002576ec82d90 JavaThread "RMI RenewClean-[127.0.0.1:17375,org.jetbrains.kotlin.daemon.common.LoopbackNetworkInterface$ClientLoopbackSocketFactory@4a893464]" daemon [_thread_blocked, id=21732, stack(0x000000b9fa100000,0x000000b9fa200000)]
  0x000002576ec7e1a0 JavaThread "RMI GC Daemon" daemon [_thread_blocked, id=13224, stack(0x000000b9fa300000,0x000000b9fa400000)]
  0x000002576ec7f0d0 JavaThread "RMI TCP Accept-0" daemon [_thread_in_native, id=19240, stack(0x000000b9fa400000,0x000000b9fa500000)]
  0x000002576ec7f5e0 JavaThread "RMI Reaper" [_thread_blocked, id=12588, stack(0x000000b9fa500000,0x000000b9fa600000)]
  0x0000025769ebb640 JavaThread "RMI TCP Connection(idle)" daemon [_thread_blocked, id=1856, stack(0x000000b9fa600000,0x000000b9fa700000)]
  0x0000025749ac78e0 JavaThread "Build operations" [_thread_blocked, id=6496, stack(0x000000b9fa800000,0x000000b9fa900000)]
  0x000002576d711e40 JavaThread "Build operations Thread 2" [_thread_blocked, id=23012, stack(0x000000b9fa900000,0x000000b9faa00000)]
  0x000002576bd78800 JavaThread "Build operations Thread 3" [_thread_blocked, id=8420, stack(0x000000b9faa00000,0x000000b9fab00000)]
  0x000002576bb39de0 JavaThread "Build operations Thread 4" [_thread_blocked, id=11628, stack(0x000000b9fab00000,0x000000b9fac00000)]
  0x000002576bb338a0 JavaThread "Build operations Thread 5" [_thread_blocked, id=9324, stack(0x000000b9fac00000,0x000000b9fad00000)]
  0x000002576bb37a70 JavaThread "Build operations Thread 6" [_thread_blocked, id=10444, stack(0x000000b9fad00000,0x000000b9fae00000)]
  0x000002576bb347d0 JavaThread "WorkerExecutor Queue Thread 2" [_thread_in_native, id=20752, stack(0x000000b9fae00000,0x000000b9faf00000)]
  0x000002576bb3a2f0 JavaThread "WorkerExecutor Queue Thread 3" [_thread_blocked, id=22580, stack(0x000000b9faf00000,0x000000b9fb000000)]
  0x000002576bb393c0 JavaThread "WorkerExecutor Queue Thread 4" [_thread_blocked, id=12296, stack(0x000000b9fb000000,0x000000b9fb100000)]
  0x000002576bb33390 JavaThread "WorkerExecutor Queue Thread 5" [_thread_blocked, id=6300, stack(0x000000b9fb100000,0x000000b9fb200000)]
  0x000002576bb342c0 JavaThread "WorkerExecutor Queue Thread 6" [_thread_blocked, id=6332, stack(0x000000b9fb200000,0x000000b9fb300000)]
  0x000002576bb351f0 JavaThread "RMI RenewClean-[127.0.0.1:17617,org.jetbrains.kotlin.daemon.common.LoopbackNetworkInterface$ClientLoopbackSocketFactory@50489a32]" daemon [_thread_blocked, id=9476, stack(0x000000b9fb300000,0x000000b9fb400000)]
  0x000002576bb35700 JavaThread "RMI TCP Accept-0" daemon [_thread_in_native, id=14484, stack(0x000000b9fb500000,0x000000b9fb600000)]
  0x000002576bb36120 JavaThread "RMI TCP Connection(idle)" daemon [_thread_blocked, id=23484, stack(0x000000b9fb600000,0x000000b9fb700000)]
  0x000002576bb37050 JavaThread "Thread-113" [_thread_in_native, id=10148, stack(0x000000b9f4600000,0x000000b9f4700000)]
  0x000002576bb37560 JavaThread "Thread-114" [_thread_in_native, id=6608, stack(0x000000b9fa700000,0x000000b9fa800000)]
=>0x00000257768ec640 JavaThread "C2 CompilerThread1" daemon [_thread_in_native, id=4868, stack(0x000000b9f4700000,0x000000b9f4800000)]

Other Threads:
  0x0000025749724010 VMThread "VM Thread" [stack: 0x000000b9f2600000,0x000000b9f2700000] [id=22908]
  0x000002574998f610 WatcherThread [stack: 0x000000b9f3200000,0x000000b9f3300000] [id=11068]
  0x000002572b928380 GCTaskThread "GC Thread#0" [stack: 0x000000b9f2100000,0x000000b9f2200000] [id=12660]
  0x000002576937d910 GCTaskThread "GC Thread#1" [stack: 0x000000b9f3400000,0x000000b9f3500000] [id=15604]
  0x00000257690f9a90 GCTaskThread "GC Thread#2" [stack: 0x000000b9f3500000,0x000000b9f3600000] [id=20580]
  0x0000025769b973e0 GCTaskThread "GC Thread#3" [stack: 0x000000b9f3600000,0x000000b9f3700000] [id=7200]
  0x0000025769a1b7c0 GCTaskThread "GC Thread#4" [stack: 0x000000b9f3700000,0x000000b9f3800000] [id=15640]
  0x000002576c9beb80 GCTaskThread "GC Thread#5" [stack: 0x000000b9f4500000,0x000000b9f4600000] [id=18204]
  0x000002572b9391e0 ConcurrentGCThread "G1 Main Marker" [stack: 0x000000b9f2200000,0x000000b9f2300000] [id=12996]
  0x000002572b93a2a0 ConcurrentGCThread "G1 Conc#0" [stack: 0x000000b9f2300000,0x000000b9f2400000] [id=20004]
  0x000002576be2ffc0 ConcurrentGCThread "G1 Conc#1" [stack: 0x000000b9f4d00000,0x000000b9f4e00000] [id=20056]
  0x000002572b997af0 ConcurrentGCThread "G1 Refine#0" [stack: 0x000000b9f2400000,0x000000b9f2500000] [id=7564]
  0x00000257693d5380 ConcurrentGCThread "G1 Refine#1" [stack: 0x000000b9f4e00000,0x000000b9f4f00000] [id=19088]
  0x00000257495a05f0 ConcurrentGCThread "G1 Service" [stack: 0x000000b9f2500000,0x000000b9f2600000] [id=14032]

Threads with active compile tasks:
C2 CompilerThread0    58978 21675       4       org.gradle.cache.internal.DefaultCacheAccess$UnitOfWorkFileAccess::writeFile (14 bytes)
C2 CompilerThread1    58978 21676       4       org.gradle.cache.internal.DefaultMultiProcessSafePersistentIndexedCache::put (23 bytes)

VM state: not at safepoint (normal execution)

VM Mutex/Monitor currently owned by a thread: None

OutOfMemory and StackOverflow Exception counts:
OutOfMemoryError java_heap_errors=19
LinkageErrors=192

Heap address: 0x0000000080000000, size: 2048 MB, Compressed Oops mode: 32-bit

CDS archive(s) mapped at: [0x000002574a000000-0x000002574abd0000-0x000002574abd0000), size 12386304, SharedBaseAddress: 0x000002574a000000, ArchiveRelocationMode: 1.
Compressed class space mapped at: 0x000002574b000000-0x0000025765000000, reserved size: 436207616
Narrow klass base: 0x000002574a000000, Narrow klass shift: 0, Narrow klass range: 0x100000000

GC Precious Log:
 CPUs: 6 total, 6 available
 Memory: 8054M
 Large Page Support: Disabled
 NUMA Support: Disabled
 Compressed Oops: Enabled (32-bit)
 Heap Region Size: 1M
 Heap Min Capacity: 8M
 Heap Initial Capacity: 126M
 Heap Max Capacity: 2G
 Pre-touch: Disabled
 Parallel Workers: 6
 Concurrent Workers: 2
 Concurrent Refinement Workers: 6
 Periodic GC: Disabled

Heap:
 garbage-first heap   total 389120K, used 339399K [0x0000000080000000, 0x0000000100000000)
  region size 1024K, 22 young (22528K), 1 survivors (1024K)
 Metaspace       used 125853K, committed 127872K, reserved 557056K
  class space    used 17039K, committed 17984K, reserved 425984K

Heap Regions: E=young(eden), S=young(survivor), O=old, HS=humongous(starts), HC=humongous(continues), CS=collection set, F=free, OA=open archive, CA=closed archive, TAMS=top-at-mark-start (previous, next)
|   0|0x0000000080000000, 0x0000000080100000, 0x0000000080100000|100%|HS|  |TAMS 0x0000000080100000, 0x0000000080000000| Complete 
|   1|0x0000000080100000, 0x0000000080200000, 0x0000000080200000|100%|HC|  |TAMS 0x0000000080200000, 0x0000000080100000| Complete 
|   2|0x0000000080200000, 0x0000000080300000, 0x0000000080300000|100%|HC|  |TAMS 0x0000000080300000, 0x0000000080200000| Complete 
|   3|0x0000000080300000, 0x0000000080400000, 0x0000000080400000|100%|HC|  |TAMS 0x0000000080400000, 0x0000000080300000| Complete 
|   4|0x0000000080400000, 0x0000000080500000, 0x0000000080500000|100%| O|  |TAMS 0x0000000080500000, 0x0000000080400000| Untracked 
|   5|0x0000000080500000, 0x0000000080600000, 0x0000000080600000|100%| O|  |TAMS 0x0000000080600000, 0x0000000080500000| Untracked 
|   6|0x0000000080600000, 0x0000000080700000, 0x0000000080700000|100%| O|  |TAMS 0x0000000080700000, 0x0000000080600000| Untracked 
|   7|0x0000000080700000, 0x0000000080800000, 0x0000000080800000|100%| O|  |TAMS 0x0000000080800000, 0x0000000080700000| Untracked 
|   8|0x0000000080800000, 0x0000000080900000, 0x0000000080900000|100%| O|  |TAMS 0x0000000080900000, 0x0000000080800000| Untracked 
|   9|0x0000000080900000, 0x0000000080a00000, 0x0000000080a00000|100%| O|  |TAMS 0x0000000080a00000, 0x0000000080900000| Untracked 
|  10|0x0000000080a00000, 0x0000000080b00000, 0x0000000080b00000|100%| O|  |TAMS 0x0000000080b00000, 0x0000000080a00000| Untracked 
|  11|0x0000000080b00000, 0x0000000080c00000, 0x0000000080c00000|100%| O|  |TAMS 0x0000000080c00000, 0x0000000080b00000| Untracked 
|  12|0x0000000080c00000, 0x0000000080d00000, 0x0000000080d00000|100%| O|  |TAMS 0x0000000080d00000, 0x0000000080c00000| Untracked 
|  13|0x0000000080d00000, 0x0000000080e00000, 0x0000000080e00000|100%| O|  |TAMS 0x0000000080e00000, 0x0000000080d00000| Untracked 
|  14|0x0000000080e00000, 0x0000000080f00000, 0x0000000080f00000|100%| O|  |TAMS 0x0000000080f00000, 0x0000000080e00000| Untracked 
|  15|0x0000000080f00000, 0x0000000081000000, 0x0000000081000000|100%| O|  |TAMS 0x0000000081000000, 0x0000000080f00000| Untracked 
|  16|0x0000000081000000, 0x0000000081100000, 0x0000000081100000|100%| O|  |TAMS 0x0000000081100000, 0x0000000081000000| Untracked 
|  17|0x0000000081100000, 0x0000000081200000, 0x0000000081200000|100%| O|  |TAMS 0x0000000081200000, 0x0000000081100000| Untracked 
|  18|0x0000000081200000, 0x0000000081300000, 0x0000000081300000|100%| O|  |TAMS 0x0000000081300000, 0x0000000081200000| Untracked 
|  19|0x0000000081300000, 0x0000000081400000, 0x0000000081400000|100%| O|  |TAMS 0x0000000081400000, 0x0000000081300000| Untracked 
|  20|0x0000000081400000, 0x0000000081500000, 0x0000000081500000|100%| O|  |TAMS 0x0000000081500000, 0x0000000081400000| Untracked 
|  21|0x0000000081500000, 0x0000000081600000, 0x0000000081600000|100%| O|  |TAMS 0x0000000081600000, 0x0000000081500000| Untracked 
|  22|0x0000000081600000, 0x0000000081700000, 0x0000000081700000|100%| O|  |TAMS 0x0000000081700000, 0x0000000081600000| Untracked 
|  23|0x0000000081700000, 0x0000000081800000, 0x0000000081800000|100%| O|  |TAMS 0x0000000081800000, 0x0000000081700000| Untracked 
|  24|0x0000000081800000, 0x0000000081900000, 0x0000000081900000|100%| O|  |TAMS 0x0000000081800000, 0x0000000081800000| Untracked 
|  25|0x0000000081900000, 0x0000000081a00000, 0x0000000081a00000|100%| O|  |TAMS 0x0000000081a00000, 0x0000000081900000| Untracked 
|  26|0x0000000081a00000, 0x0000000081b00000, 0x0000000081b00000|100%| O|  |TAMS 0x0000000081b00000, 0x0000000081a00000| Untracked 
|  27|0x0000000081b00000, 0x0000000081c00000, 0x0000000081c00000|100%| O|  |TAMS 0x0000000081c00000, 0x0000000081b00000| Untracked 
|  28|0x0000000081c00000, 0x0000000081d00000, 0x0000000081d00000|100%| O|  |TAMS 0x0000000081d00000, 0x0000000081c00000| Untracked 
|  29|0x0000000081d00000, 0x0000000081e00000, 0x0000000081e00000|100%|HS|  |TAMS 0x0000000081e00000, 0x0000000081d00000| Complete 
|  30|0x0000000081e00000, 0x0000000081f00000, 0x0000000081f00000|100%|HC|  |TAMS 0x0000000081f00000, 0x0000000081e00000| Complete 
|  31|0x0000000081f00000, 0x0000000082000000, 0x0000000082000000|100%| O|  |TAMS 0x0000000082000000, 0x0000000081f00000| Untracked 
|  32|0x0000000082000000, 0x0000000082100000, 0x0000000082100000|100%| O|  |TAMS 0x0000000082100000, 0x0000000082000000| Untracked 
|  33|0x0000000082100000, 0x0000000082200000, 0x0000000082200000|100%| O|  |TAMS 0x0000000082200000, 0x0000000082100000| Untracked 
|  34|0x0000000082200000, 0x0000000082300000, 0x0000000082300000|100%| O|  |TAMS 0x0000000082300000, 0x0000000082200000| Untracked 
|  35|0x0000000082300000, 0x0000000082400000, 0x0000000082400000|100%| O|  |TAMS 0x0000000082400000, 0x0000000082300000| Untracked 
|  36|0x0000000082400000, 0x0000000082500000, 0x0000000082500000|100%| O|  |TAMS 0x0000000082500000, 0x0000000082400000| Untracked 
|  37|0x0000000082500000, 0x0000000082600000, 0x0000000082600000|100%| O|  |TAMS 0x0000000082600000, 0x0000000082500000| Untracked 
|  38|0x0000000082600000, 0x0000000082700000, 0x0000000082700000|100%|HS|  |TAMS 0x0000000082700000, 0x0000000082600000| Complete 
|  39|0x0000000082700000, 0x0000000082800000, 0x0000000082800000|100%|HC|  |TAMS 0x0000000082800000, 0x0000000082700000| Complete 
|  40|0x0000000082800000, 0x0000000082900000, 0x0000000082900000|100%|HC|  |TAMS 0x0000000082900000, 0x0000000082800000| Complete 
|  41|0x0000000082900000, 0x0000000082a00000, 0x0000000082a00000|100%|HC|  |TAMS 0x0000000082a00000, 0x0000000082900000| Complete 
|  42|0x0000000082a00000, 0x0000000082b00000, 0x0000000082b00000|100%| O|  |TAMS 0x0000000082b00000, 0x0000000082a00000| Untracked 
|  43|0x0000000082b00000, 0x0000000082c00000, 0x0000000082c00000|100%| O|  |TAMS 0x0000000082c00000, 0x0000000082b00000| Untracked 
|  44|0x0000000082c00000, 0x0000000082d00000, 0x0000000082d00000|100%| O|  |TAMS 0x0000000082d00000, 0x0000000082c00000| Untracked 
|  45|0x0000000082d00000, 0x0000000082e00000, 0x0000000082e00000|100%| O|  |TAMS 0x0000000082e00000, 0x0000000082d00000| Untracked 
|  46|0x0000000082e00000, 0x0000000082f00000, 0x0000000082f00000|100%| O|  |TAMS 0x0000000082e00000, 0x0000000082e00000| Untracked 
|  47|0x0000000082f00000, 0x0000000083000000, 0x0000000083000000|100%| O|  |TAMS 0x0000000083000000, 0x0000000082f00000| Untracked 
|  48|0x0000000083000000, 0x0000000083100000, 0x0000000083100000|100%| O|  |TAMS 0x0000000083100000, 0x0000000083000000| Untracked 
|  49|0x0000000083100000, 0x0000000083200000, 0x0000000083200000|100%| O|  |TAMS 0x0000000083200000, 0x0000000083100000| Untracked 
|  50|0x0000000083200000, 0x0000000083300000, 0x0000000083300000|100%| O|  |TAMS 0x0000000083300000, 0x0000000083200000| Untracked 
|  51|0x0000000083300000, 0x0000000083400000, 0x0000000083400000|100%| O|  |TAMS 0x0000000083400000, 0x0000000083300000| Untracked 
|  52|0x0000000083400000, 0x0000000083500000, 0x0000000083500000|100%| O|  |TAMS 0x0000000083500000, 0x0000000083400000| Untracked 
|  53|0x0000000083500000, 0x0000000083600000, 0x0000000083600000|100%| O|  |TAMS 0x0000000083600000, 0x0000000083500000| Untracked 
|  54|0x0000000083600000, 0x0000000083700000, 0x0000000083700000|100%| O|  |TAMS 0x0000000083700000, 0x0000000083600000| Untracked 
|  55|0x0000000083700000, 0x0000000083800000, 0x0000000083800000|100%| O|  |TAMS 0x0000000083800000, 0x0000000083700000| Untracked 
|  56|0x0000000083800000, 0x0000000083900000, 0x0000000083900000|100%| O|  |TAMS 0x0000000083900000, 0x0000000083800000| Untracked 
|  57|0x0000000083900000, 0x0000000083a00000, 0x0000000083a00000|100%| O|  |TAMS 0x0000000083a00000, 0x0000000083900000| Untracked 
|  58|0x0000000083a00000, 0x0000000083b00000, 0x0000000083b00000|100%| O|  |TAMS 0x0000000083b00000, 0x0000000083a00000| Untracked 
|  59|0x0000000083b00000, 0x0000000083c00000, 0x0000000083c00000|100%| O|  |TAMS 0x0000000083c00000, 0x0000000083b00000| Untracked 
|  60|0x0000000083c00000, 0x0000000083d00000, 0x0000000083d00000|100%| O|  |TAMS 0x0000000083d00000, 0x0000000083c00000| Untracked 
|  61|0x0000000083d00000, 0x0000000083e00000, 0x0000000083e00000|100%| O|  |TAMS 0x0000000083e00000, 0x0000000083d00000| Untracked 
|  62|0x0000000083e00000, 0x0000000083f00000, 0x0000000083f00000|100%|HS|  |TAMS 0x0000000083f00000, 0x0000000083e00000| Complete 
|  63|0x0000000083f00000, 0x0000000084000000, 0x0000000084000000|100%|HS|  |TAMS 0x0000000084000000, 0x0000000083f00000| Complete 
|  64|0x0000000084000000, 0x0000000084100000, 0x0000000084100000|100%| O|  |TAMS 0x0000000084100000, 0x0000000084000000| Untracked 
|  65|0x0000000084100000, 0x0000000084200000, 0x0000000084200000|100%| O|  |TAMS 0x0000000084200000, 0x0000000084100000| Untracked 
|  66|0x0000000084200000, 0x0000000084300000, 0x0000000084300000|100%| O|  |TAMS 0x0000000084300000, 0x0000000084200000| Untracked 
|  67|0x0000000084300000, 0x0000000084400000, 0x0000000084400000|100%| O|  |TAMS 0x0000000084400000, 0x0000000084300000| Untracked 
|  68|0x0000000084400000, 0x0000000084500000, 0x0000000084500000|100%| O|  |TAMS 0x0000000084500000, 0x0000000084400000| Untracked 
|  69|0x0000000084500000, 0x0000000084600000, 0x0000000084600000|100%| O|  |TAMS 0x0000000084600000, 0x0000000084500000| Untracked 
|  70|0x0000000084600000, 0x0000000084700000, 0x0000000084700000|100%| O|  |TAMS 0x0000000084700000, 0x0000000084600000| Untracked 
|  71|0x0000000084700000, 0x0000000084800000, 0x0000000084800000|100%| O|  |TAMS 0x0000000084800000, 0x0000000084700000| Untracked 
|  72|0x0000000084800000, 0x0000000084900000, 0x0000000084900000|100%| O|  |TAMS 0x0000000084900000, 0x0000000084800000| Untracked 
|  73|0x0000000084900000, 0x0000000084a00000, 0x0000000084a00000|100%| O|  |TAMS 0x0000000084a00000, 0x0000000084900000| Untracked 
|  74|0x0000000084a00000, 0x0000000084b00000, 0x0000000084b00000|100%| O|  |TAMS 0x0000000084b00000, 0x0000000084a00000| Untracked 
|  75|0x0000000084b00000, 0x0000000084c00000, 0x0000000084c00000|100%| O|  |TAMS 0x0000000084c00000, 0x0000000084b00000| Untracked 
|  76|0x0000000084c00000, 0x0000000084d00000, 0x0000000084d00000|100%| O|  |TAMS 0x0000000084d00000, 0x0000000084c00000| Untracked 
|  77|0x0000000084d00000, 0x0000000084e00000, 0x0000000084e00000|100%| O|  |TAMS 0x0000000084e00000, 0x0000000084d00000| Untracked 
|  78|0x0000000084e00000, 0x0000000084f00000, 0x0000000084f00000|100%| O|  |TAMS 0x0000000084f00000, 0x0000000084e00000| Untracked 
|  79|0x0000000084f00000, 0x0000000085000000, 0x0000000085000000|100%| O|  |TAMS 0x0000000085000000, 0x0000000084f00000| Untracked 
|  80|0x0000000085000000, 0x0000000085100000, 0x0000000085100000|100%| O|  |TAMS 0x0000000085100000, 0x0000000085000000| Untracked 
|  81|0x0000000085100000, 0x0000000085200000, 0x0000000085200000|100%| O|  |TAMS 0x0000000085200000, 0x0000000085100000| Untracked 
|  82|0x0000000085200000, 0x0000000085300000, 0x0000000085300000|100%| O|  |TAMS 0x0000000085300000, 0x0000000085200000| Untracked 
|  83|0x0000000085300000, 0x0000000085400000, 0x0000000085400000|100%| O|  |TAMS 0x0000000085400000, 0x0000000085300000| Untracked 
|  84|0x0000000085400000, 0x0000000085500000, 0x0000000085500000|100%| O|  |TAMS 0x0000000085500000, 0x0000000085400000| Untracked 
|  85|0x0000000085500000, 0x0000000085600000, 0x0000000085600000|100%| O|  |TAMS 0x0000000085600000, 0x0000000085500000| Untracked 
|  86|0x0000000085600000, 0x0000000085700000, 0x0000000085700000|100%| O|  |TAMS 0x0000000085600000, 0x0000000085600000| Untracked 
|  87|0x0000000085700000, 0x0000000085800000, 0x0000000085800000|100%|HS|  |TAMS 0x0000000085800000, 0x0000000085700000| Complete 
|  88|0x0000000085800000, 0x0000000085900000, 0x0000000085900000|100%|HS|  |TAMS 0x0000000085900000, 0x0000000085800000| Complete 
|  89|0x0000000085900000, 0x0000000085a00000, 0x0000000085a00000|100%|HS|  |TAMS 0x0000000085a00000, 0x0000000085900000| Complete 
|  90|0x0000000085a00000, 0x0000000085b00000, 0x0000000085b00000|100%|HS|  |TAMS 0x0000000085b00000, 0x0000000085a00000| Complete 
|  91|0x0000000085b00000, 0x0000000085c00000, 0x0000000085c00000|100%|HC|  |TAMS 0x0000000085c00000, 0x0000000085b00000| Complete 
|  92|0x0000000085c00000, 0x0000000085d00000, 0x0000000085d00000|100%|HC|  |TAMS 0x0000000085d00000, 0x0000000085c00000| Complete 
|  93|0x0000000085d00000, 0x0000000085e00000, 0x0000000085e00000|100%|HS|  |TAMS 0x0000000085e00000, 0x0000000085d00000| Complete 
|  94|0x0000000085e00000, 0x0000000085f00000, 0x0000000085f00000|100%|HC|  |TAMS 0x0000000085f00000, 0x0000000085e00000| Complete 
|  95|0x0000000085f00000, 0x0000000086000000, 0x0000000086000000|100%| O|  |TAMS 0x0000000086000000, 0x0000000085f00000| Untracked 
|  96|0x0000000086000000, 0x0000000086100000, 0x0000000086100000|100%| O|  |TAMS 0x0000000086100000, 0x0000000086000000| Untracked 
|  97|0x0000000086100000, 0x0000000086200000, 0x0000000086200000|100%| O|  |TAMS 0x0000000086200000, 0x0000000086100000| Untracked 
|  98|0x0000000086200000, 0x0000000086300000, 0x0000000086300000|100%| O|  |TAMS 0x0000000086300000, 0x0000000086200000| Untracked 
|  99|0x0000000086300000, 0x0000000086400000, 0x0000000086400000|100%| O|  |TAMS 0x0000000086400000, 0x0000000086300000| Untracked 
| 100|0x0000000086400000, 0x0000000086500000, 0x0000000086500000|100%| O|  |TAMS 0x0000000086500000, 0x0000000086400000| Untracked 
| 101|0x0000000086500000, 0x0000000086600000, 0x0000000086600000|100%| O|  |TAMS 0x0000000086600000, 0x0000000086500000| Untracked 
| 102|0x0000000086600000, 0x0000000086700000, 0x0000000086700000|100%| O|  |TAMS 0x0000000086700000, 0x0000000086600000| Untracked 
| 103|0x0000000086700000, 0x0000000086800000, 0x0000000086800000|100%| O|  |TAMS 0x0000000086800000, 0x0000000086700000| Untracked 
| 104|0x0000000086800000, 0x0000000086900000, 0x0000000086900000|100%| O|  |TAMS 0x0000000086900000, 0x0000000086800000| Untracked 
| 105|0x0000000086900000, 0x0000000086a00000, 0x0000000086a00000|100%| O|  |TAMS 0x0000000086a00000, 0x0000000086900000| Untracked 
| 106|0x0000000086a00000, 0x0000000086b00000, 0x0000000086b00000|100%| O|  |TAMS 0x0000000086b00000, 0x0000000086a00000| Untracked 
| 107|0x0000000086b00000, 0x0000000086c00000, 0x0000000086c00000|100%| O|  |TAMS 0x0000000086c00000, 0x0000000086b00000| Untracked 
| 108|0x0000000086c00000, 0x0000000086d00000, 0x0000000086d00000|100%| O|  |TAMS 0x0000000086d00000, 0x0000000086c00000| Untracked 
| 109|0x0000000086d00000, 0x0000000086e00000, 0x0000000086e00000|100%|HS|  |TAMS 0x0000000086e00000, 0x0000000086d00000| Complete 
| 110|0x0000000086e00000, 0x0000000086f00000, 0x0000000086f00000|100%|HC|  |TAMS 0x0000000086f00000, 0x0000000086e00000| Complete 
| 111|0x0000000086f00000, 0x0000000087000000, 0x0000000087000000|100%|HC|  |TAMS 0x0000000087000000, 0x0000000086f00000| Complete 
| 112|0x0000000087000000, 0x0000000087100000, 0x0000000087100000|100%|HS|  |TAMS 0x0000000087100000, 0x0000000087000000| Complete 
| 113|0x0000000087100000, 0x0000000087200000, 0x0000000087200000|100%|HC|  |TAMS 0x0000000087200000, 0x0000000087100000| Complete 
| 114|0x0000000087200000, 0x0000000087300000, 0x0000000087300000|100%| O|  |TAMS 0x0000000087300000, 0x0000000087200000| Untracked 
| 115|0x0000000087300000, 0x0000000087400000, 0x0000000087400000|100%| O|  |TAMS 0x0000000087400000, 0x0000000087300000| Untracked 
| 116|0x0000000087400000, 0x0000000087500000, 0x0000000087500000|100%| O|  |TAMS 0x0000000087500000, 0x0000000087400000| Untracked 
| 117|0x0000000087500000, 0x0000000087600000, 0x0000000087600000|100%| O|  |TAMS 0x0000000087600000, 0x0000000087500000| Untracked 
| 118|0x0000000087600000, 0x0000000087700000, 0x0000000087700000|100%| O|  |TAMS 0x0000000087700000, 0x0000000087600000| Untracked 
| 119|0x0000000087700000, 0x0000000087800000, 0x0000000087800000|100%| O|  |TAMS 0x0000000087800000, 0x0000000087700000| Untracked 
| 120|0x0000000087800000, 0x0000000087900000, 0x0000000087900000|100%| O|  |TAMS 0x0000000087900000, 0x0000000087800000| Untracked 
| 121|0x0000000087900000, 0x0000000087a00000, 0x0000000087a00000|100%| O|  |TAMS 0x0000000087a00000, 0x0000000087900000| Untracked 
| 122|0x0000000087a00000, 0x0000000087b00000, 0x0000000087b00000|100%| O|  |TAMS 0x0000000087b00000, 0x0000000087a00000| Untracked 
| 123|0x0000000087b00000, 0x0000000087c00000, 0x0000000087c00000|100%| O|  |TAMS 0x0000000087c00000, 0x0000000087b00000| Untracked 
| 124|0x0000000087c00000, 0x0000000087d00000, 0x0000000087d00000|100%| O|  |TAMS 0x0000000087d00000, 0x0000000087c00000| Untracked 
| 125|0x0000000087d00000, 0x0000000087e00000, 0x0000000087e00000|100%| O|  |TAMS 0x0000000087e00000, 0x0000000087d00000| Untracked 
| 126|0x0000000087e00000, 0x0000000087f00000, 0x0000000087f00000|100%| O|  |TAMS 0x0000000087f00000, 0x0000000087e00000| Untracked 
| 127|0x0000000087f00000, 0x0000000088000000, 0x0000000088000000|100%| O|  |TAMS 0x0000000087f00000, 0x0000000087f00000| Untracked 
| 128|0x0000000088000000, 0x0000000088100000, 0x0000000088100000|100%| O|  |TAMS 0x000000008804c800, 0x0000000088000000| Untracked 
| 129|0x0000000088100000, 0x0000000088200000, 0x0000000088200000|100%| O|  |TAMS 0x0000000088100000, 0x0000000088100000| Untracked 
| 130|0x0000000088200000, 0x0000000088300000, 0x0000000088300000|100%| O|  |TAMS 0x0000000088200000, 0x0000000088200000| Untracked 
| 131|0x0000000088300000, 0x0000000088400000, 0x0000000088400000|100%|HS|  |TAMS 0x0000000088300000, 0x0000000088300000| Complete 
| 132|0x0000000088400000, 0x0000000088500000, 0x0000000088500000|100%| O|  |TAMS 0x0000000088400000, 0x0000000088400000| Untracked 
| 133|0x0000000088500000, 0x0000000088600000, 0x0000000088600000|100%| O|  |TAMS 0x0000000088500000, 0x0000000088500000| Untracked 
| 134|0x0000000088600000, 0x0000000088700000, 0x0000000088700000|100%| O|  |TAMS 0x0000000088600000, 0x0000000088600000| Untracked 
| 135|0x0000000088700000, 0x0000000088800000, 0x0000000088800000|100%| O|  |TAMS 0x0000000088700000, 0x0000000088700000| Untracked 
| 136|0x0000000088800000, 0x0000000088900000, 0x0000000088900000|100%| O|  |TAMS 0x0000000088800000, 0x0000000088800000| Untracked 
| 137|0x0000000088900000, 0x0000000088a00000, 0x0000000088a00000|100%| O|  |TAMS 0x0000000088900000, 0x0000000088900000| Untracked 
| 138|0x0000000088a00000, 0x0000000088b00000, 0x0000000088b00000|100%| O|  |TAMS 0x0000000088a00000, 0x0000000088a00000| Untracked 
| 139|0x0000000088b00000, 0x0000000088c00000, 0x0000000088c00000|100%| O|  |TAMS 0x0000000088b00000, 0x0000000088b00000| Untracked 
| 140|0x0000000088c00000, 0x0000000088d00000, 0x0000000088d00000|100%| O|  |TAMS 0x0000000088c00000, 0x0000000088c00000| Untracked 
| 141|0x0000000088d00000, 0x0000000088e00000, 0x0000000088e00000|100%| O|  |TAMS 0x0000000088d00000, 0x0000000088d00000| Untracked 
| 142|0x0000000088e00000, 0x0000000088f00000, 0x0000000088f00000|100%| O|  |TAMS 0x0000000088e00000, 0x0000000088e00000| Untracked 
| 143|0x0000000088f00000, 0x0000000089000000, 0x0000000089000000|100%| O|  |TAMS 0x0000000088f00000, 0x0000000088f00000| Untracked 
| 144|0x0000000089000000, 0x0000000089100000, 0x0000000089100000|100%| O|  |TAMS 0x0000000089000000, 0x0000000089000000| Untracked 
| 145|0x0000000089100000, 0x0000000089200000, 0x0000000089200000|100%| O|  |TAMS 0x0000000089100000, 0x0000000089100000| Untracked 
| 146|0x0000000089200000, 0x0000000089300000, 0x0000000089300000|100%| O|  |TAMS 0x0000000089200000, 0x0000000089200000| Untracked 
| 147|0x0000000089300000, 0x0000000089400000, 0x0000000089400000|100%| O|  |TAMS 0x0000000089300000, 0x0000000089300000| Untracked 
| 148|0x0000000089400000, 0x0000000089500000, 0x0000000089500000|100%| O|  |TAMS 0x0000000089400000, 0x0000000089400000| Untracked 
| 149|0x0000000089500000, 0x0000000089600000, 0x0000000089600000|100%| O|  |TAMS 0x0000000089500000, 0x0000000089500000| Untracked 
| 150|0x0000000089600000, 0x0000000089700000, 0x0000000089700000|100%| O|  |TAMS 0x0000000089600000, 0x0000000089600000| Untracked 
| 151|0x0000000089700000, 0x0000000089800000, 0x0000000089800000|100%| O|  |TAMS 0x0000000089700000, 0x0000000089700000| Untracked 
| 152|0x0000000089800000, 0x0000000089900000, 0x0000000089900000|100%| O|  |TAMS 0x0000000089800000, 0x0000000089800000| Untracked 
| 153|0x0000000089900000, 0x0000000089a00000, 0x0000000089a00000|100%| O|  |TAMS 0x0000000089900000, 0x0000000089900000| Untracked 
| 154|0x0000000089a00000, 0x0000000089b00000, 0x0000000089b00000|100%| O|  |TAMS 0x0000000089a00000, 0x0000000089a00000| Untracked 
| 155|0x0000000089b00000, 0x0000000089c00000, 0x0000000089c00000|100%|HS|  |TAMS 0x0000000089b00000, 0x0000000089b00000| Complete 
| 156|0x0000000089c00000, 0x0000000089d00000, 0x0000000089d00000|100%|HS|  |TAMS 0x0000000089c00000, 0x0000000089c00000| Complete 
| 157|0x0000000089d00000, 0x0000000089e00000, 0x0000000089e00000|100%| O|  |TAMS 0x0000000089d00000, 0x0000000089d00000| Untracked 
| 158|0x0000000089e00000, 0x0000000089f00000, 0x0000000089f00000|100%| O|  |TAMS 0x0000000089e00000, 0x0000000089e00000| Untracked 
| 159|0x0000000089f00000, 0x000000008a000000, 0x000000008a000000|100%| O|  |TAMS 0x0000000089f00000, 0x0000000089f00000| Untracked 
| 160|0x000000008a000000, 0x000000008a100000, 0x000000008a100000|100%| O|  |TAMS 0x000000008a000000, 0x000000008a000000| Untracked 
| 161|0x000000008a100000, 0x000000008a200000, 0x000000008a200000|100%| O|  |TAMS 0x000000008a100000, 0x000000008a100000| Untracked 
| 162|0x000000008a200000, 0x000000008a300000, 0x000000008a300000|100%| O|  |TAMS 0x000000008a200000, 0x000000008a200000| Untracked 
| 163|0x000000008a300000, 0x000000008a400000, 0x000000008a400000|100%|HS|  |TAMS 0x000000008a300000, 0x000000008a300000| Complete 
| 164|0x000000008a400000, 0x000000008a500000, 0x000000008a500000|100%|HS|  |TAMS 0x000000008a400000, 0x000000008a400000| Complete 
| 165|0x000000008a500000, 0x000000008a600000, 0x000000008a600000|100%|HC|  |TAMS 0x000000008a500000, 0x000000008a500000| Complete 
| 166|0x000000008a600000, 0x000000008a700000, 0x000000008a700000|100%|HC|  |TAMS 0x000000008a600000, 0x000000008a600000| Complete 
| 167|0x000000008a700000, 0x000000008a800000, 0x000000008a800000|100%| O|  |TAMS 0x000000008a700000, 0x000000008a700000| Untracked 
| 168|0x000000008a800000, 0x000000008a900000, 0x000000008a900000|100%| O|  |TAMS 0x000000008a800000, 0x000000008a800000| Untracked 
| 169|0x000000008a900000, 0x000000008aa00000, 0x000000008aa00000|100%| O|  |TAMS 0x000000008a900000, 0x000000008a900000| Untracked 
| 170|0x000000008aa00000, 0x000000008ab00000, 0x000000008ab00000|100%| O|  |TAMS 0x000000008aa00000, 0x000000008aa00000| Untracked 
| 171|0x000000008ab00000, 0x000000008ac00000, 0x000000008ac00000|100%| O|  |TAMS 0x000000008ab00000, 0x000000008ab00000| Untracked 
| 172|0x000000008ac00000, 0x000000008ad00000, 0x000000008ad00000|100%| O|  |TAMS 0x000000008ac00000, 0x000000008ac00000| Untracked 
| 173|0x000000008ad00000, 0x000000008ae00000, 0x000000008ae00000|100%| O|  |TAMS 0x000000008ad00000, 0x000000008ad00000| Untracked 
| 174|0x000000008ae00000, 0x000000008af00000, 0x000000008af00000|100%| O|  |TAMS 0x000000008ae00000, 0x000000008ae00000| Untracked 
| 175|0x000000008af00000, 0x000000008b000000, 0x000000008b000000|100%| O|  |TAMS 0x000000008af00000, 0x000000008af00000| Untracked 
| 176|0x000000008b000000, 0x000000008b100000, 0x000000008b100000|100%| O|  |TAMS 0x000000008b000000, 0x000000008b000000| Untracked 
| 177|0x000000008b100000, 0x000000008b200000, 0x000000008b200000|100%| O|  |TAMS 0x000000008b100000, 0x000000008b100000| Untracked 
| 178|0x000000008b200000, 0x000000008b300000, 0x000000008b300000|100%|HS|  |TAMS 0x000000008b200000, 0x000000008b200000| Complete 
| 179|0x000000008b300000, 0x000000008b400000, 0x000000008b400000|100%|HC|  |TAMS 0x000000008b300000, 0x000000008b300000| Complete 
| 180|0x000000008b400000, 0x000000008b500000, 0x000000008b500000|100%|HS|  |TAMS 0x000000008b400000, 0x000000008b400000| Complete 
| 181|0x000000008b500000, 0x000000008b600000, 0x000000008b600000|100%|HS|  |TAMS 0x000000008b500000, 0x000000008b500000| Complete 
| 182|0x000000008b600000, 0x000000008b700000, 0x000000008b700000|100%|HC|  |TAMS 0x000000008b600000, 0x000000008b600000| Complete 
| 183|0x000000008b700000, 0x000000008b800000, 0x000000008b800000|100%|HC|  |TAMS 0x000000008b700000, 0x000000008b700000| Complete 
| 184|0x000000008b800000, 0x000000008b900000, 0x000000008b900000|100%|HC|  |TAMS 0x000000008b800000, 0x000000008b800000| Complete 
| 185|0x000000008b900000, 0x000000008ba00000, 0x000000008ba00000|100%| O|  |TAMS 0x000000008b900000, 0x000000008b900000| Untracked 
| 186|0x000000008ba00000, 0x000000008bb00000, 0x000000008bb00000|100%| O|  |TAMS 0x000000008ba00000, 0x000000008ba00000| Untracked 
| 187|0x000000008bb00000, 0x000000008bc00000, 0x000000008bc00000|100%| O|  |TAMS 0x000000008bb00000, 0x000000008bb00000| Untracked 
| 188|0x000000008bc00000, 0x000000008bd00000, 0x000000008bd00000|100%| O|  |TAMS 0x000000008bc00000, 0x000000008bc00000| Untracked 
| 189|0x000000008bd00000, 0x000000008be00000, 0x000000008be00000|100%| O|  |TAMS 0x000000008bd00000, 0x000000008bd00000| Untracked 
| 190|0x000000008be00000, 0x000000008bf00000, 0x000000008bf00000|100%| O|  |TAMS 0x000000008be00000, 0x000000008be00000| Untracked 
| 191|0x000000008bf00000, 0x000000008c000000, 0x000000008c000000|100%| O|  |TAMS 0x000000008bf00000, 0x000000008bf00000| Untracked 
| 192|0x000000008c000000, 0x000000008c100000, 0x000000008c100000|100%| O|  |TAMS 0x000000008c000000, 0x000000008c000000| Untracked 
| 193|0x000000008c100000, 0x000000008c200000, 0x000000008c200000|100%| O|  |TAMS 0x000000008c100000, 0x000000008c100000| Untracked 
| 194|0x000000008c200000, 0x000000008c300000, 0x000000008c300000|100%| O|  |TAMS 0x000000008c200000, 0x000000008c200000| Untracked 
| 195|0x000000008c300000, 0x000000008c400000, 0x000000008c400000|100%|HS|  |TAMS 0x000000008c300000, 0x000000008c300000| Complete 
| 196|0x000000008c400000, 0x000000008c500000, 0x000000008c500000|100%|HS|  |TAMS 0x000000008c400000, 0x000000008c400000| Complete 
| 197|0x000000008c500000, 0x000000008c600000, 0x000000008c600000|100%| O|  |TAMS 0x000000008c500000, 0x000000008c500000| Untracked 
| 198|0x000000008c600000, 0x000000008c700000, 0x000000008c700000|100%| O|  |TAMS 0x000000008c600000, 0x000000008c600000| Untracked 
| 199|0x000000008c700000, 0x000000008c800000, 0x000000008c800000|100%| O|  |TAMS 0x000000008c700000, 0x000000008c700000| Untracked 
| 200|0x000000008c800000, 0x000000008c900000, 0x000000008c900000|100%| O|  |TAMS 0x000000008c800000, 0x000000008c800000| Untracked 
| 201|0x000000008c900000, 0x000000008ca00000, 0x000000008ca00000|100%| O|  |TAMS 0x000000008c900000, 0x000000008c900000| Untracked 
| 202|0x000000008ca00000, 0x000000008cb00000, 0x000000008cb00000|100%| O|  |TAMS 0x000000008ca00000, 0x000000008ca00000| Untracked 
| 203|0x000000008cb00000, 0x000000008cc00000, 0x000000008cc00000|100%| O|  |TAMS 0x000000008cb00000, 0x000000008cb00000| Untracked 
| 204|0x000000008cc00000, 0x000000008cd00000, 0x000000008cd00000|100%| O|  |TAMS 0x000000008cc00000, 0x000000008cc00000| Untracked 
| 205|0x000000008cd00000, 0x000000008ce00000, 0x000000008ce00000|100%| O|  |TAMS 0x000000008cd00000, 0x000000008cd00000| Untracked 
| 206|0x000000008ce00000, 0x000000008cf00000, 0x000000008cf00000|100%| O|  |TAMS 0x000000008ce00000, 0x000000008ce00000| Untracked 
| 207|0x000000008cf00000, 0x000000008d000000, 0x000000008d000000|100%| O|  |TAMS 0x000000008cf00000, 0x000000008cf00000| Untracked 
| 208|0x000000008d000000, 0x000000008d100000, 0x000000008d100000|100%| O|  |TAMS 0x000000008d000000, 0x000000008d000000| Untracked 
| 209|0x000000008d100000, 0x000000008d200000, 0x000000008d200000|100%| O|  |TAMS 0x000000008d100000, 0x000000008d100000| Untracked 
| 210|0x000000008d200000, 0x000000008d300000, 0x000000008d300000|100%| O|  |TAMS 0x000000008d200000, 0x000000008d200000| Untracked 
| 211|0x000000008d300000, 0x000000008d400000, 0x000000008d400000|100%| O|  |TAMS 0x000000008d300000, 0x000000008d300000| Untracked 
| 212|0x000000008d400000, 0x000000008d500000, 0x000000008d500000|100%| O|  |TAMS 0x000000008d400000, 0x000000008d400000| Untracked 
| 213|0x000000008d500000, 0x000000008d600000, 0x000000008d600000|100%| O|  |TAMS 0x000000008d500000, 0x000000008d500000| Untracked 
| 214|0x000000008d600000, 0x000000008d700000, 0x000000008d700000|100%| O|  |TAMS 0x000000008d600000, 0x000000008d600000| Untracked 
| 215|0x000000008d700000, 0x000000008d800000, 0x000000008d800000|100%| O|  |TAMS 0x000000008d700000, 0x000000008d700000| Untracked 
| 216|0x000000008d800000, 0x000000008d900000, 0x000000008d900000|100%| O|  |TAMS 0x000000008d800000, 0x000000008d800000| Untracked 
| 217|0x000000008d900000, 0x000000008da00000, 0x000000008da00000|100%| O|  |TAMS 0x000000008d900000, 0x000000008d900000| Untracked 
| 218|0x000000008da00000, 0x000000008db00000, 0x000000008db00000|100%| O|  |TAMS 0x000000008da00000, 0x000000008da00000| Untracked 
| 219|0x000000008db00000, 0x000000008dc00000, 0x000000008dc00000|100%| O|  |TAMS 0x000000008db00000, 0x000000008db00000| Untracked 
| 220|0x000000008dc00000, 0x000000008dd00000, 0x000000008dd00000|100%| O|  |TAMS 0x000000008dc00000, 0x000000008dc00000| Untracked 
| 221|0x000000008dd00000, 0x000000008de00000, 0x000000008de00000|100%| O|  |TAMS 0x000000008dd00000, 0x000000008dd00000| Untracked 
| 222|0x000000008de00000, 0x000000008df00000, 0x000000008df00000|100%| O|  |TAMS 0x000000008de00000, 0x000000008de00000| Untracked 
| 223|0x000000008df00000, 0x000000008e000000, 0x000000008e000000|100%| O|  |TAMS 0x000000008df00000, 0x000000008df00000| Untracked 
| 224|0x000000008e000000, 0x000000008e100000, 0x000000008e100000|100%| O|  |TAMS 0x000000008e000000, 0x000000008e000000| Untracked 
| 225|0x000000008e100000, 0x000000008e200000, 0x000000008e200000|100%| O|  |TAMS 0x000000008e100000, 0x000000008e100000| Untracked 
| 226|0x000000008e200000, 0x000000008e300000, 0x000000008e300000|100%| O|  |TAMS 0x000000008e200000, 0x000000008e200000| Untracked 
| 227|0x000000008e300000, 0x000000008e400000, 0x000000008e400000|100%| O|  |TAMS 0x000000008e300000, 0x000000008e300000| Untracked 
| 228|0x000000008e400000, 0x000000008e500000, 0x000000008e500000|100%| O|  |TAMS 0x000000008e400000, 0x000000008e400000| Untracked 
| 229|0x000000008e500000, 0x000000008e600000, 0x000000008e600000|100%| O|  |TAMS 0x000000008e500000, 0x000000008e500000| Untracked 
| 230|0x000000008e600000, 0x000000008e700000, 0x000000008e700000|100%| O|  |TAMS 0x000000008e600000, 0x000000008e600000| Untracked 
| 231|0x000000008e700000, 0x000000008e800000, 0x000000008e800000|100%| O|  |TAMS 0x000000008e700000, 0x000000008e700000| Untracked 
| 232|0x000000008e800000, 0x000000008e900000, 0x000000008e900000|100%| O|  |TAMS 0x000000008e800000, 0x000000008e800000| Untracked 
| 233|0x000000008e900000, 0x000000008ea00000, 0x000000008ea00000|100%| O|  |TAMS 0x000000008e900000, 0x000000008e900000| Untracked 
| 234|0x000000008ea00000, 0x000000008eb00000, 0x000000008eb00000|100%| O|  |TAMS 0x000000008ea00000, 0x000000008ea00000| Untracked 
| 235|0x000000008eb00000, 0x000000008ec00000, 0x000000008ec00000|100%| O|  |TAMS 0x000000008eb00000, 0x000000008eb00000| Untracked 
| 236|0x000000008ec00000, 0x000000008ed00000, 0x000000008ed00000|100%| O|  |TAMS 0x000000008ec00000, 0x000000008ec00000| Untracked 
| 237|0x000000008ed00000, 0x000000008ee00000, 0x000000008ee00000|100%| O|  |TAMS 0x000000008ed00000, 0x000000008ed00000| Untracked 
| 238|0x000000008ee00000, 0x000000008ef00000, 0x000000008ef00000|100%| O|  |TAMS 0x000000008ee00000, 0x000000008ee00000| Untracked 
| 239|0x000000008ef00000, 0x000000008f000000, 0x000000008f000000|100%| O|  |TAMS 0x000000008ef00000, 0x000000008ef00000| Untracked 
| 240|0x000000008f000000, 0x000000008f100000, 0x000000008f100000|100%| O|  |TAMS 0x000000008f000000, 0x000000008f000000| Untracked 
| 241|0x000000008f100000, 0x000000008f200000, 0x000000008f200000|100%| O|  |TAMS 0x000000008f100000, 0x000000008f100000| Untracked 
| 242|0x000000008f200000, 0x000000008f300000, 0x000000008f300000|100%| O|  |TAMS 0x000000008f200000, 0x000000008f200000| Untracked 
| 243|0x000000008f300000, 0x000000008f400000, 0x000000008f400000|100%| O|  |TAMS 0x000000008f300000, 0x000000008f300000| Untracked 
| 244|0x000000008f400000, 0x000000008f500000, 0x000000008f500000|100%| O|  |TAMS 0x000000008f400000, 0x000000008f400000| Untracked 
| 245|0x000000008f500000, 0x000000008f600000, 0x000000008f600000|100%| O|  |TAMS 0x000000008f500000, 0x000000008f500000| Untracked 
| 246|0x000000008f600000, 0x000000008f700000, 0x000000008f700000|100%| O|  |TAMS 0x000000008f600000, 0x000000008f600000| Untracked 
| 247|0x000000008f700000, 0x000000008f800000, 0x000000008f800000|100%| O|  |TAMS 0x000000008f700000, 0x000000008f700000| Untracked 
| 248|0x000000008f800000, 0x000000008f900000, 0x000000008f900000|100%| O|  |TAMS 0x000000008f800000, 0x000000008f800000| Untracked 
| 249|0x000000008f900000, 0x000000008fa00000, 0x000000008fa00000|100%| O|  |TAMS 0x000000008f900000, 0x000000008f900000| Untracked 
| 250|0x000000008fa00000, 0x000000008fb00000, 0x000000008fb00000|100%| O|  |TAMS 0x000000008fa00000, 0x000000008fa00000| Untracked 
| 251|0x000000008fb00000, 0x000000008fc00000, 0x000000008fc00000|100%| O|  |TAMS 0x000000008fb00000, 0x000000008fb00000| Untracked 
| 252|0x000000008fc00000, 0x000000008fd00000, 0x000000008fd00000|100%| O|  |TAMS 0x000000008fc00000, 0x000000008fc00000| Untracked 
| 253|0x000000008fd00000, 0x000000008fe00000, 0x000000008fe00000|100%| O|  |TAMS 0x000000008fd00000, 0x000000008fd00000| Untracked 
| 254|0x000000008fe00000, 0x000000008ff00000, 0x000000008ff00000|100%| O|  |TAMS 0x000000008fe00000, 0x000000008fe00000| Untracked 
| 255|0x000000008ff00000, 0x0000000090000000, 0x0000000090000000|100%| O|  |TAMS 0x000000008ff00000, 0x000000008ff00000| Untracked 
| 256|0x0000000090000000, 0x0000000090100000, 0x0000000090100000|100%| O|  |TAMS 0x0000000090000000, 0x0000000090000000| Untracked 
| 257|0x0000000090100000, 0x0000000090200000, 0x0000000090200000|100%| O|  |TAMS 0x0000000090100000, 0x0000000090100000| Untracked 
| 258|0x0000000090200000, 0x0000000090300000, 0x0000000090300000|100%| O|  |TAMS 0x0000000090200000, 0x0000000090200000| Untracked 
| 259|0x0000000090300000, 0x0000000090400000, 0x0000000090400000|100%| O|  |TAMS 0x0000000090300000, 0x0000000090300000| Untracked 
| 260|0x0000000090400000, 0x0000000090500000, 0x0000000090500000|100%| O|  |TAMS 0x0000000090400000, 0x0000000090400000| Untracked 
| 261|0x0000000090500000, 0x0000000090600000, 0x0000000090600000|100%| O|  |TAMS 0x0000000090500000, 0x0000000090500000| Untracked 
| 262|0x0000000090600000, 0x0000000090700000, 0x0000000090700000|100%| O|  |TAMS 0x0000000090600000, 0x0000000090600000| Untracked 
| 263|0x0000000090700000, 0x0000000090800000, 0x0000000090800000|100%| O|  |TAMS 0x0000000090700000, 0x0000000090700000| Untracked 
| 264|0x0000000090800000, 0x0000000090900000, 0x0000000090900000|100%| O|  |TAMS 0x0000000090800000, 0x0000000090800000| Untracked 
| 265|0x0000000090900000, 0x0000000090a00000, 0x0000000090a00000|100%| O|  |TAMS 0x0000000090900000, 0x0000000090900000| Untracked 
| 266|0x0000000090a00000, 0x0000000090b00000, 0x0000000090b00000|100%| O|  |TAMS 0x0000000090a00000, 0x0000000090a00000| Untracked 
| 267|0x0000000090b00000, 0x0000000090c00000, 0x0000000090c00000|100%| O|  |TAMS 0x0000000090b00000, 0x0000000090b00000| Untracked 
| 268|0x0000000090c00000, 0x0000000090d00000, 0x0000000090d00000|100%| O|  |TAMS 0x0000000090c00000, 0x0000000090c00000| Untracked 
| 269|0x0000000090d00000, 0x0000000090e00000, 0x0000000090e00000|100%| O|  |TAMS 0x0000000090d00000, 0x0000000090d00000| Untracked 
| 270|0x0000000090e00000, 0x0000000090f00000, 0x0000000090f00000|100%| O|  |TAMS 0x0000000090e00000, 0x0000000090e00000| Untracked 
| 271|0x0000000090f00000, 0x0000000091000000, 0x0000000091000000|100%| O|  |TAMS 0x0000000090f00000, 0x0000000090f00000| Untracked 
| 272|0x0000000091000000, 0x0000000091100000, 0x0000000091100000|100%| O|  |TAMS 0x0000000091000000, 0x0000000091000000| Untracked 
| 273|0x0000000091100000, 0x0000000091200000, 0x0000000091200000|100%| O|  |TAMS 0x0000000091100000, 0x0000000091100000| Untracked 
| 274|0x0000000091200000, 0x0000000091300000, 0x0000000091300000|100%| O|  |TAMS 0x0000000091200000, 0x0000000091200000| Untracked 
| 275|0x0000000091300000, 0x0000000091400000, 0x0000000091400000|100%| O|  |TAMS 0x0000000091300000, 0x0000000091300000| Untracked 
| 276|0x0000000091400000, 0x0000000091500000, 0x0000000091500000|100%| O|  |TAMS 0x0000000091400000, 0x0000000091400000| Untracked 
| 277|0x0000000091500000, 0x0000000091600000, 0x0000000091600000|100%| O|  |TAMS 0x0000000091500000, 0x0000000091500000| Untracked 
| 278|0x0000000091600000, 0x0000000091700000, 0x0000000091700000|100%| O|  |TAMS 0x0000000091600000, 0x0000000091600000| Untracked 
| 279|0x0000000091700000, 0x0000000091800000, 0x0000000091800000|100%| O|  |TAMS 0x0000000091700000, 0x0000000091700000| Untracked 
| 280|0x0000000091800000, 0x0000000091900000, 0x0000000091900000|100%| O|  |TAMS 0x0000000091800000, 0x0000000091800000| Untracked 
| 281|0x0000000091900000, 0x0000000091a00000, 0x0000000091a00000|100%| O|  |TAMS 0x0000000091900000, 0x0000000091900000| Untracked 
| 282|0x0000000091a00000, 0x0000000091b00000, 0x0000000091b00000|100%| O|  |TAMS 0x0000000091a00000, 0x0000000091a00000| Untracked 
| 283|0x0000000091b00000, 0x0000000091c00000, 0x0000000091c00000|100%| O|  |TAMS 0x0000000091b00000, 0x0000000091b00000| Untracked 
| 284|0x0000000091c00000, 0x0000000091d00000, 0x0000000091d00000|100%| O|  |TAMS 0x0000000091c00000, 0x0000000091c00000| Untracked 
| 285|0x0000000091d00000, 0x0000000091e00000, 0x0000000091e00000|100%| O|  |TAMS 0x0000000091d00000, 0x0000000091d00000| Untracked 
| 286|0x0000000091e00000, 0x0000000091f00000, 0x0000000091f00000|100%| O|  |TAMS 0x0000000091e00000, 0x0000000091e00000| Untracked 
| 287|0x0000000091f00000, 0x0000000092000000, 0x0000000092000000|100%| O|  |TAMS 0x0000000091f00000, 0x0000000091f00000| Untracked 
| 288|0x0000000092000000, 0x0000000092100000, 0x0000000092100000|100%| O|  |TAMS 0x0000000092000000, 0x0000000092000000| Untracked 
| 289|0x0000000092100000, 0x0000000092200000, 0x0000000092200000|100%| O|  |TAMS 0x0000000092100000, 0x0000000092100000| Untracked 
| 290|0x0000000092200000, 0x0000000092300000, 0x0000000092300000|100%| O|  |TAMS 0x0000000092200000, 0x0000000092200000| Untracked 
| 291|0x0000000092300000, 0x0000000092400000, 0x0000000092400000|100%| O|  |TAMS 0x0000000092300000, 0x0000000092300000| Untracked 
| 292|0x0000000092400000, 0x0000000092500000, 0x0000000092500000|100%| O|  |TAMS 0x0000000092400000, 0x0000000092400000| Untracked 
| 293|0x0000000092500000, 0x0000000092600000, 0x0000000092600000|100%| O|  |TAMS 0x0000000092500000, 0x0000000092500000| Untracked 
| 294|0x0000000092600000, 0x0000000092700000, 0x0000000092700000|100%| O|  |TAMS 0x0000000092600000, 0x0000000092600000| Untracked 
| 295|0x0000000092700000, 0x0000000092800000, 0x0000000092800000|100%| O|  |TAMS 0x0000000092700000, 0x0000000092700000| Untracked 
| 296|0x0000000092800000, 0x0000000092900000, 0x0000000092900000|100%| O|  |TAMS 0x0000000092800000, 0x0000000092800000| Untracked 
| 297|0x0000000092900000, 0x0000000092a00000, 0x0000000092a00000|100%| O|  |TAMS 0x0000000092900000, 0x0000000092900000| Untracked 
| 298|0x0000000092a00000, 0x0000000092b00000, 0x0000000092b00000|100%| O|  |TAMS 0x0000000092a00000, 0x0000000092a00000| Untracked 
| 299|0x0000000092b00000, 0x0000000092c00000, 0x0000000092c00000|100%| O|  |TAMS 0x0000000092b00000, 0x0000000092b00000| Untracked 
| 300|0x0000000092c00000, 0x0000000092d00000, 0x0000000092d00000|100%| O|  |TAMS 0x0000000092c00000, 0x0000000092c00000| Untracked 
| 301|0x0000000092d00000, 0x0000000092e00000, 0x0000000092e00000|100%| O|  |TAMS 0x0000000092d00000, 0x0000000092d00000| Untracked 
| 302|0x0000000092e00000, 0x0000000092f00000, 0x0000000092f00000|100%| O|  |TAMS 0x0000000092e00000, 0x0000000092e00000| Untracked 
| 303|0x0000000092f00000, 0x0000000093000000, 0x0000000093000000|100%| O|  |TAMS 0x0000000092f00000, 0x0000000092f00000| Untracked 
| 304|0x0000000093000000, 0x0000000093100000, 0x0000000093100000|100%| O|  |TAMS 0x0000000093000000, 0x0000000093000000| Untracked 
| 305|0x0000000093100000, 0x0000000093200000, 0x0000000093200000|100%| O|  |TAMS 0x0000000093100000, 0x0000000093100000| Untracked 
| 306|0x0000000093200000, 0x0000000093300000, 0x0000000093300000|100%| O|  |TAMS 0x0000000093200000, 0x0000000093200000| Untracked 
| 307|0x0000000093300000, 0x0000000093400000, 0x0000000093400000|100%| O|  |TAMS 0x0000000093300000, 0x0000000093300000| Untracked 
| 308|0x0000000093400000, 0x0000000093500000, 0x0000000093500000|100%| O|  |TAMS 0x0000000093400000, 0x0000000093400000| Untracked 
| 309|0x0000000093500000, 0x0000000093600000, 0x0000000093600000|100%| O|  |TAMS 0x0000000093500000, 0x0000000093500000| Untracked 
| 310|0x0000000093600000, 0x0000000093600000, 0x0000000093700000|  0%| F|  |TAMS 0x0000000093600000, 0x0000000093600000| Untracked 
| 311|0x0000000093700000, 0x0000000093700000, 0x0000000093800000|  0%| F|  |TAMS 0x0000000093700000, 0x0000000093700000| Untracked 
| 312|0x0000000093800000, 0x0000000093800000, 0x0000000093900000|  0%| F|  |TAMS 0x0000000093800000, 0x0000000093800000| Untracked 
| 313|0x0000000093900000, 0x0000000093900000, 0x0000000093a00000|  0%| F|  |TAMS 0x0000000093900000, 0x0000000093900000| Untracked 
| 314|0x0000000093a00000, 0x0000000093b00000, 0x0000000093b00000|100%| O|  |TAMS 0x0000000093a00000, 0x0000000093a00000| Untracked 
| 315|0x0000000093b00000, 0x0000000093b9d800, 0x0000000093c00000| 61%| O|  |TAMS 0x0000000093b00000, 0x0000000093b00000| Untracked 
| 316|0x0000000093c00000, 0x0000000093c00000, 0x0000000093d00000|  0%| F|  |TAMS 0x0000000093c00000, 0x0000000093c00000| Untracked 
| 317|0x0000000093d00000, 0x0000000093d00000, 0x0000000093e00000|  0%| F|  |TAMS 0x0000000093d00000, 0x0000000093d00000| Untracked 
| 318|0x0000000093e00000, 0x0000000093e00000, 0x0000000093f00000|  0%| F|  |TAMS 0x0000000093e00000, 0x0000000093e00000| Untracked 
| 319|0x0000000093f00000, 0x0000000093f00000, 0x0000000094000000|  0%| F|  |TAMS 0x0000000093f00000, 0x0000000093f00000| Untracked 
| 320|0x0000000094000000, 0x0000000094000000, 0x0000000094100000|  0%| F|  |TAMS 0x0000000094000000, 0x0000000094000000| Untracked 
| 321|0x0000000094100000, 0x0000000094100000, 0x0000000094200000|  0%| F|  |TAMS 0x0000000094100000, 0x0000000094100000| Untracked 
| 322|0x0000000094200000, 0x0000000094200000, 0x0000000094300000|  0%| F|  |TAMS 0x0000000094200000, 0x0000000094200000| Untracked 
| 323|0x0000000094300000, 0x0000000094300000, 0x0000000094400000|  0%| F|  |TAMS 0x0000000094300000, 0x0000000094300000| Untracked 
| 324|0x0000000094400000, 0x0000000094400000, 0x0000000094500000|  0%| F|  |TAMS 0x0000000094400000, 0x0000000094400000| Untracked 
| 325|0x0000000094500000, 0x0000000094500000, 0x0000000094600000|  0%| F|  |TAMS 0x0000000094500000, 0x0000000094500000| Untracked 
| 326|0x0000000094600000, 0x0000000094600000, 0x0000000094700000|  0%| F|  |TAMS 0x0000000094600000, 0x0000000094600000| Untracked 
| 327|0x0000000094700000, 0x0000000094700000, 0x0000000094800000|  0%| F|  |TAMS 0x0000000094700000, 0x0000000094700000| Untracked 
| 328|0x0000000094800000, 0x0000000094800000, 0x0000000094900000|  0%| F|  |TAMS 0x0000000094800000, 0x0000000094800000| Untracked 
| 329|0x0000000094900000, 0x0000000094900000, 0x0000000094a00000|  0%| F|  |TAMS 0x0000000094900000, 0x0000000094900000| Untracked 
| 330|0x0000000094a00000, 0x0000000094a00000, 0x0000000094b00000|  0%| F|  |TAMS 0x0000000094a00000, 0x0000000094a00000| Untracked 
| 331|0x0000000094b00000, 0x0000000094b00000, 0x0000000094c00000|  0%| F|  |TAMS 0x0000000094b00000, 0x0000000094b00000| Untracked 
| 332|0x0000000094c00000, 0x0000000094c00000, 0x0000000094d00000|  0%| F|  |TAMS 0x0000000094c00000, 0x0000000094c00000| Untracked 
| 333|0x0000000094d00000, 0x0000000094d00000, 0x0000000094e00000|  0%| F|  |TAMS 0x0000000094d00000, 0x0000000094d00000| Untracked 
| 334|0x0000000094e00000, 0x0000000094e00000, 0x0000000094f00000|  0%| F|  |TAMS 0x0000000094e00000, 0x0000000094e00000| Untracked 
| 335|0x0000000094f00000, 0x0000000094f00000, 0x0000000095000000|  0%| F|  |TAMS 0x0000000094f00000, 0x0000000094f00000| Untracked 
| 336|0x0000000095000000, 0x0000000095000000, 0x0000000095100000|  0%| F|  |TAMS 0x0000000095000000, 0x0000000095000000| Untracked 
| 337|0x0000000095100000, 0x0000000095100000, 0x0000000095200000|  0%| F|  |TAMS 0x0000000095100000, 0x0000000095100000| Untracked 
| 338|0x0000000095200000, 0x0000000095200000, 0x0000000095300000|  0%| F|  |TAMS 0x0000000095200000, 0x0000000095200000| Untracked 
| 339|0x0000000095300000, 0x0000000095300000, 0x0000000095400000|  0%| F|  |TAMS 0x0000000095300000, 0x0000000095300000| Untracked 
| 340|0x0000000095400000, 0x0000000095400000, 0x0000000095500000|  0%| F|  |TAMS 0x0000000095400000, 0x0000000095400000| Untracked 
| 341|0x0000000095500000, 0x0000000095500000, 0x0000000095600000|  0%| F|  |TAMS 0x0000000095500000, 0x0000000095500000| Untracked 
| 342|0x0000000095600000, 0x0000000095600000, 0x0000000095700000|  0%| F|  |TAMS 0x0000000095600000, 0x0000000095600000| Untracked 
| 343|0x0000000095700000, 0x0000000095700000, 0x0000000095800000|  0%| F|  |TAMS 0x0000000095700000, 0x0000000095700000| Untracked 
| 344|0x0000000095800000, 0x0000000095800000, 0x0000000095900000|  0%| F|  |TAMS 0x0000000095800000, 0x0000000095800000| Untracked 
| 345|0x0000000095900000, 0x0000000095900000, 0x0000000095a00000|  0%| F|  |TAMS 0x0000000095900000, 0x0000000095900000| Untracked 
| 346|0x0000000095a00000, 0x0000000095a00000, 0x0000000095b00000|  0%| F|  |TAMS 0x0000000095a00000, 0x0000000095a00000| Untracked 
| 347|0x0000000095b00000, 0x0000000095b00000, 0x0000000095c00000|  0%| F|  |TAMS 0x0000000095b00000, 0x0000000095b00000| Untracked 
| 348|0x0000000095c00000, 0x0000000095c00000, 0x0000000095d00000|  0%| F|  |TAMS 0x0000000095c00000, 0x0000000095c00000| Untracked 
| 349|0x0000000095d00000, 0x0000000095d00000, 0x0000000095e00000|  0%| F|  |TAMS 0x0000000095d00000, 0x0000000095d00000| Untracked 
| 350|0x0000000095e00000, 0x0000000095e00000, 0x0000000095f00000|  0%| F|  |TAMS 0x0000000095e00000, 0x0000000095e00000| Untracked 
| 351|0x0000000095f00000, 0x0000000095f00000, 0x0000000096000000|  0%| F|  |TAMS 0x0000000095f00000, 0x0000000095f00000| Untracked 
| 352|0x0000000096000000, 0x0000000096000000, 0x0000000096100000|  0%| F|  |TAMS 0x0000000096000000, 0x0000000096000000| Untracked 
| 353|0x0000000096100000, 0x0000000096100000, 0x0000000096200000|  0%| F|  |TAMS 0x0000000096100000, 0x0000000096100000| Untracked 
| 354|0x0000000096200000, 0x0000000096200000, 0x0000000096300000|  0%| F|  |TAMS 0x0000000096200000, 0x0000000096200000| Untracked 
| 355|0x0000000096300000, 0x0000000096300000, 0x0000000096400000|  0%| F|  |TAMS 0x0000000096300000, 0x0000000096300000| Untracked 
| 356|0x0000000096400000, 0x0000000096400000, 0x0000000096500000|  0%| F|  |TAMS 0x0000000096400000, 0x0000000096400000| Untracked 
| 357|0x0000000096500000, 0x0000000096500000, 0x0000000096600000|  0%| F|  |TAMS 0x0000000096500000, 0x0000000096500000| Untracked 
| 358|0x0000000096600000, 0x00000000966d4538, 0x0000000096700000| 82%| S|CS|TAMS 0x0000000096600000, 0x0000000096600000| Complete 
| 359|0x0000000096700000, 0x0000000096714b68, 0x0000000096800000|  8%| E|  |TAMS 0x0000000096700000, 0x0000000096700000| Complete 
| 360|0x0000000096800000, 0x0000000096900000, 0x0000000096900000|100%| E|CS|TAMS 0x0000000096800000, 0x0000000096800000| Complete 
| 361|0x0000000096900000, 0x0000000096a00000, 0x0000000096a00000|100%| E|CS|TAMS 0x0000000096900000, 0x0000000096900000| Complete 
| 362|0x0000000096a00000, 0x0000000096b00000, 0x0000000096b00000|100%| E|CS|TAMS 0x0000000096a00000, 0x0000000096a00000| Complete 
| 363|0x0000000096b00000, 0x0000000096c00000, 0x0000000096c00000|100%| E|CS|TAMS 0x0000000096b00000, 0x0000000096b00000| Complete 
| 364|0x0000000096c00000, 0x0000000096d00000, 0x0000000096d00000|100%| E|CS|TAMS 0x0000000096c00000, 0x0000000096c00000| Complete 
| 365|0x0000000096d00000, 0x0000000096e00000, 0x0000000096e00000|100%| E|  |TAMS 0x0000000096d00000, 0x0000000096d00000| Complete 
| 366|0x0000000096e00000, 0x0000000096f00000, 0x0000000096f00000|100%| E|CS|TAMS 0x0000000096e00000, 0x0000000096e00000| Complete 
| 367|0x0000000096f00000, 0x0000000097000000, 0x0000000097000000|100%| E|CS|TAMS 0x0000000096f00000, 0x0000000096f00000| Complete 
| 368|0x0000000097000000, 0x0000000097100000, 0x0000000097100000|100%| E|CS|TAMS 0x0000000097000000, 0x0000000097000000| Complete 
| 369|0x0000000097100000, 0x0000000097200000, 0x0000000097200000|100%| E|CS|TAMS 0x0000000097100000, 0x0000000097100000| Complete 
| 370|0x0000000097200000, 0x0000000097300000, 0x0000000097300000|100%| E|CS|TAMS 0x0000000097200000, 0x0000000097200000| Complete 
| 371|0x0000000097300000, 0x0000000097400000, 0x0000000097400000|100%| E|CS|TAMS 0x0000000097300000, 0x0000000097300000| Complete 
| 372|0x0000000097400000, 0x0000000097500000, 0x0000000097500000|100%| E|CS|TAMS 0x0000000097400000, 0x0000000097400000| Complete 
| 373|0x0000000097500000, 0x0000000097600000, 0x0000000097600000|100%| E|CS|TAMS 0x0000000097500000, 0x0000000097500000| Complete 
| 374|0x0000000097600000, 0x0000000097700000, 0x0000000097700000|100%| E|CS|TAMS 0x0000000097600000, 0x0000000097600000| Complete 
| 375|0x0000000097700000, 0x0000000097800000, 0x0000000097800000|100%| E|CS|TAMS 0x0000000097700000, 0x0000000097700000| Complete 
| 376|0x0000000097800000, 0x0000000097900000, 0x0000000097900000|100%| E|CS|TAMS 0x0000000097800000, 0x0000000097800000| Complete 
| 377|0x0000000097900000, 0x0000000097a00000, 0x0000000097a00000|100%| E|CS|TAMS 0x0000000097900000, 0x0000000097900000| Complete 
| 378|0x0000000097a00000, 0x0000000097b00000, 0x0000000097b00000|100%| E|CS|TAMS 0x0000000097a00000, 0x0000000097a00000| Complete 
| 379|0x0000000097b00000, 0x0000000097c00000, 0x0000000097c00000|100%| E|CS|TAMS 0x0000000097b00000, 0x0000000097b00000| Complete 

Card table byte_map: [0x0000025742690000,0x0000025742a90000] _byte_map_base: 0x0000025742290000

Marking Bits (Prev, Next): (CMBitMap*) 0x000002572b9288f0, (CMBitMap*) 0x000002572b9288b0
 Prev Bits: [0x0000025744e90000, 0x0000025746e90000)
 Next Bits: [0x0000025742e90000, 0x0000025744e90000)

Polling page: 0x000002572b0a0000

Metaspace:

Usage:
  Non-class:    106.26 MB used.
      Class:     16.64 MB used.
       Both:    122.90 MB used.

Virtual space:
  Non-class space:      128.00 MB reserved,     107.31 MB ( 84%) committed,  2 nodes.
      Class space:      416.00 MB reserved,      17.56 MB (  4%) committed,  1 nodes.
             Both:      544.00 MB reserved,     124.88 MB ( 23%) committed. 

Chunk freelists:
   Non-Class:  4.53 MB
       Class:  14.48 MB
        Both:  19.01 MB

MaxMetaspaceSize: 512.00 MB
CompressedClassSpaceSize: 416.00 MB
Initial GC threshold: 21.00 MB
Current GC threshold: 140.88 MB
CDS: on
MetaspaceReclaimPolicy: balanced
 - commit_granule_bytes: 65536.
 - commit_granule_words: 8192.
 - virtual_space_node_default_size: 8388608.
 - enlarge_chunks_in_place: 1.
 - new_chunks_are_fully_committed: 0.
 - uncommit_free_chunks: 1.
 - use_allocation_guard: 0.
 - handle_deallocations: 1.


Internal statistics:

num_allocs_failed_limit: 6.
num_arena_births: 2712.
num_arena_deaths: 0.
num_vsnodes_births: 3.
num_vsnodes_deaths: 0.
num_space_committed: 1998.
num_space_uncommitted: 0.
num_chunks_returned_to_freelist: 6.
num_chunks_taken_from_freelist: 8698.
num_chunk_merges: 6.
num_chunk_splits: 5365.
num_chunks_enlarged: 3021.
num_inconsistent_stats: 0.

CodeHeap 'non-profiled nmethods': size=120000Kb used=12454Kb max_used=12712Kb free=107545Kb
 bounds [0x000002573ac50000, 0x000002573b8c0000, 0x0000025742180000]
CodeHeap 'profiled nmethods': size=120000Kb used=34079Kb max_used=34717Kb free=85920Kb
 bounds [0x0000025733180000, 0x0000025735380000, 0x000002573a6b0000]
CodeHeap 'non-nmethods': size=5760Kb used=2451Kb max_used=2541Kb free=3309Kb
 bounds [0x000002573a6b0000, 0x000002573a950000, 0x000002573ac50000]
 total_blobs=18738 nmethods=17739 adapters=910
 compilation: enabled
              stopped_count=0, restarted_count=0
 full_count=0

Compilation events (20 events):
Event: 58.534 Thread 0x0000025749747d90 nmethod 21661 0x000002573b65af90 code [0x000002573b65b320, 0x000002573b65d570]
Event: 58.535 Thread 0x0000025749747d90 21667       4       org.gradle.cache.internal.btree.CachingBlockStore::attach (11 bytes)
Event: 58.538 Thread 0x0000025749747d90 nmethod 21667 0x000002573b03d490 code [0x000002573b03d620, 0x000002573b03d9d8]
Event: 58.538 Thread 0x0000025749747d90 21668       4       org.gradle.cache.internal.btree.FreeListBlockStore$FreeListBlock::alloc (240 bytes)
Event: 58.539 Thread 0x0000025749747d90 nmethod 21668 0x000002573b03cf10 code [0x000002573b03d0a0, 0x000002573b03d278]
Event: 58.612 Thread 0x00000257768ec640 nmethod 21666 0x000002573b23ed10 code [0x000002573b23efe0, 0x000002573b241b10]
Event: 58.627 Thread 0x00000257768ec640 21669       4       java.io.FileInputStream::read (9 bytes)
Event: 58.627 Thread 0x00000257768ec640 nmethod 21669 0x000002573b65ac90 code [0x000002573b65ae20, 0x000002573b65aec8]
Event: 58.679 Thread 0x00000257768ec640 21670       4       org.gradle.internal.io.StreamByteBuffer$StreamByteBufferOutputStream::write (115 bytes)
Event: 58.684 Thread 0x0000025749747d90 21671       4       org.gradle.internal.io.StreamByteBuffer$StreamByteBufferChunk::write (25 bytes)
Event: 58.685 Thread 0x0000025749747d90 nmethod 21671 0x000002573b03cb10 code [0x000002573b03cc80, 0x000002573b03cdd8]
Event: 58.686 Thread 0x00000257768ec640 nmethod 21670 0x000002573b23e090 code [0x000002573b23e240, 0x000002573b23e8e8]
Event: 58.688 Thread 0x0000025749747d90 21672       4       org.gradle.cache.internal.filelock.DefaultLockStateSerializer$SequenceNumberLockState::completeUpdate (33 bytes)
Event: 58.688 Thread 0x0000025749747d90 nmethod 21672 0x000002573b03c790 code [0x000002573b03c920, 0x000002573b03ca38]
Event: 58.725 Thread 0x0000025749747d90 21673       4       org.gradle.cache.internal.filelock.DefaultLockStateSerializer$SequenceNumberLockState::beforeUpdate (17 bytes)
Event: 58.726 Thread 0x0000025749747d90 nmethod 21673 0x000002573b03c390 code [0x000002573b03c520, 0x000002573b03c618]
Event: 58.738 Thread 0x0000025749750760 21674   !   3       org.gradle.cache.internal.CacheAccessWorker$2::run (153 bytes)
Event: 58.739 Thread 0x0000025749750760 nmethod 21674 0x0000025734ad8a10 code [0x0000025734ad8ca0, 0x0000025734ad99c8]
Event: 58.756 Thread 0x0000025749747d90 21675       4       org.gradle.cache.internal.DefaultCacheAccess$UnitOfWorkFileAccess::writeFile (14 bytes)
Event: 58.760 Thread 0x00000257768ec640 21676       4       org.gradle.cache.internal.DefaultMultiProcessSafePersistentIndexedCache::put (23 bytes)

GC Heap History (20 events):
Event: 40.078 GC heap before
{Heap before GC invocations=67 (full 0):
 garbage-first heap   total 389120K, used 337056K [0x0000000080000000, 0x0000000100000000)
  region size 1024K, 50 young (51200K), 7 survivors (7168K)
 Metaspace       used 109799K, committed 111552K, reserved 557056K
  class space    used 15055K, committed 15872K, reserved 425984K
}
Event: 40.086 GC heap after
{Heap after GC invocations=68 (full 0):
 garbage-first heap   total 389120K, used 298481K [0x0000000080000000, 0x0000000100000000)
  region size 1024K, 5 young (5120K), 5 survivors (5120K)
 Metaspace       used 109799K, committed 111552K, reserved 557056K
  class space    used 15055K, committed 15872K, reserved 425984K
}
Event: 42.654 GC heap before
{Heap before GC invocations=68 (full 0):
 garbage-first heap   total 389120K, used 341489K [0x0000000080000000, 0x0000000100000000)
  region size 1024K, 44 young (45056K), 5 survivors (5120K)
 Metaspace       used 117755K, committed 119552K, reserved 557056K
  class space    used 16067K, committed 16896K, reserved 425984K
}
Event: 42.662 GC heap after
{Heap after GC invocations=69 (full 0):
 garbage-first heap   total 389120K, used 306544K [0x0000000080000000, 0x0000000100000000)
  region size 1024K, 6 young (6144K), 6 survivors (6144K)
 Metaspace       used 117755K, committed 119552K, reserved 557056K
  class space    used 16067K, committed 16896K, reserved 425984K
}
Event: 45.578 GC heap before
{Heap before GC invocations=69 (full 0):
 garbage-first heap   total 389120K, used 339312K [0x0000000080000000, 0x0000000100000000)
  region size 1024K, 37 young (37888K), 6 survivors (6144K)
 Metaspace       used 120800K, committed 122688K, reserved 557056K
  class space    used 16433K, committed 17280K, reserved 425984K
}
Event: 45.587 GC heap after
{Heap after GC invocations=70 (full 0):
 garbage-first heap   total 389120K, used 308496K [0x0000000080000000, 0x0000000100000000)
  region size 1024K, 4 young (4096K), 4 survivors (4096K)
 Metaspace       used 120800K, committed 122688K, reserved 557056K
  class space    used 16433K, committed 17280K, reserved 425984K
}
Event: 45.970 GC heap before
{Heap before GC invocations=70 (full 0):
 garbage-first heap   total 389120K, used 338192K [0x0000000080000000, 0x0000000100000000)
  region size 1024K, 34 young (34816K), 4 survivors (4096K)
 Metaspace       used 121415K, committed 123264K, reserved 557056K
  class space    used 16520K, committed 17344K, reserved 425984K
}
Event: 45.977 GC heap after
{Heap after GC invocations=71 (full 0):
 garbage-first heap   total 389120K, used 309027K [0x0000000080000000, 0x0000000100000000)
  region size 1024K, 5 young (5120K), 5 survivors (5120K)
 Metaspace       used 121415K, committed 123264K, reserved 557056K
  class space    used 16520K, committed 17344K, reserved 425984K
}
Event: 46.952 GC heap before
{Heap before GC invocations=71 (full 0):
 garbage-first heap   total 389120K, used 337699K [0x0000000080000000, 0x0000000100000000)
  region size 1024K, 33 young (33792K), 5 survivors (5120K)
 Metaspace       used 123179K, committed 125120K, reserved 557056K
  class space    used 16745K, committed 17600K, reserved 425984K
}
Event: 46.960 GC heap after
{Heap after GC invocations=72 (full 0):
 garbage-first heap   total 389120K, used 312402K [0x0000000080000000, 0x0000000100000000)
  region size 1024K, 4 young (4096K), 4 survivors (4096K)
 Metaspace       used 123179K, committed 125120K, reserved 557056K
  class space    used 16745K, committed 17600K, reserved 425984K
}
Event: 48.635 GC heap before
{Heap before GC invocations=72 (full 0):
 garbage-first heap   total 389120K, used 338002K [0x0000000080000000, 0x0000000100000000)
  region size 1024K, 30 young (30720K), 4 survivors (4096K)
 Metaspace       used 124772K, committed 126720K, reserved 557056K
  class space    used 16929K, committed 17792K, reserved 425984K
}
Event: 48.640 GC heap after
{Heap after GC invocations=73 (full 0):
 garbage-first heap   total 389120K, used 314354K [0x0000000080000000, 0x0000000100000000)
  region size 1024K, 2 young (2048K), 2 survivors (2048K)
 Metaspace       used 124772K, committed 126720K, reserved 557056K
  class space    used 16929K, committed 17792K, reserved 425984K
}
Event: 50.291 GC heap before
{Heap before GC invocations=73 (full 0):
 garbage-first heap   total 389120K, used 344050K [0x0000000080000000, 0x0000000100000000)
  region size 1024K, 28 young (28672K), 2 survivors (2048K)
 Metaspace       used 125074K, committed 126976K, reserved 557056K
  class space    used 16976K, committed 17856K, reserved 425984K
}
Event: 50.298 GC heap after
{Heap after GC invocations=74 (full 0):
 garbage-first heap   total 389120K, used 316416K [0x0000000080000000, 0x0000000100000000)
  region size 1024K, 4 young (4096K), 4 survivors (4096K)
 Metaspace       used 125074K, committed 126976K, reserved 557056K
  class space    used 16976K, committed 17856K, reserved 425984K
}
Event: 54.237 GC heap before
{Heap before GC invocations=74 (full 0):
 garbage-first heap   total 389120K, used 342016K [0x0000000080000000, 0x0000000100000000)
  region size 1024K, 29 young (29696K), 4 survivors (4096K)
 Metaspace       used 125279K, committed 127296K, reserved 557056K
  class space    used 16983K, committed 17920K, reserved 425984K
}
Event: 54.240 GC heap after
{Heap after GC invocations=75 (full 0):
 garbage-first heap   total 389120K, used 316168K [0x0000000080000000, 0x0000000100000000)
  region size 1024K, 1 young (1024K), 1 survivors (1024K)
 Metaspace       used 125279K, committed 127296K, reserved 557056K
  class space    used 16983K, committed 17920K, reserved 425984K
}
Event: 55.209 GC heap before
{Heap before GC invocations=75 (full 0):
 garbage-first heap   total 389120K, used 340744K [0x0000000080000000, 0x0000000100000000)
  region size 1024K, 26 young (26624K), 1 survivors (1024K)
 Metaspace       used 125436K, committed 127424K, reserved 557056K
  class space    used 16997K, committed 17920K, reserved 425984K
}
Event: 55.214 GC heap after
{Heap after GC invocations=76 (full 0):
 garbage-first heap   total 389120K, used 319838K [0x0000000080000000, 0x0000000100000000)
  region size 1024K, 4 young (4096K), 4 survivors (4096K)
 Metaspace       used 125436K, committed 127424K, reserved 557056K
  class space    used 16997K, committed 17920K, reserved 425984K
}
Event: 57.854 GC heap before
{Heap before GC invocations=76 (full 0):
 garbage-first heap   total 389120K, used 344414K [0x0000000080000000, 0x0000000100000000)
  region size 1024K, 25 young (25600K), 4 survivors (4096K)
 Metaspace       used 125816K, committed 127808K, reserved 557056K
  class space    used 17036K, committed 17984K, reserved 425984K
}
Event: 57.857 GC heap after
{Heap after GC invocations=77 (full 0):
 garbage-first heap   total 389120K, used 319943K [0x0000000080000000, 0x0000000100000000)
  region size 1024K, 1 young (1024K), 1 survivors (1024K)
 Metaspace       used 125816K, committed 127808K, reserved 557056K
  class space    used 17036K, committed 17984K, reserved 425984K
}

Deoptimization events (20 events):
Event: 58.438 Thread 0x000002576d713ca0 Uncommon trap: trap_request=0xffffffde fr.pc=0x000002573b84fc10 relative=0x00000000000013f0
Event: 58.438 Thread 0x000002576d713ca0 Uncommon trap: reason=class_check action=maybe_recompile pc=0x000002573b84fc10 method=org.gradle.internal.vfs.impl.DefaultSnapshotHierarchy.findMetadata(Ljava/lang/String;)Ljava/util/Optional; @ 31 c2
Event: 58.438 Thread 0x000002576d713ca0 DEOPT PACKING pc=0x000002573b84fc10 sp=0x000000b9f77fc530
Event: 58.438 Thread 0x000002576d713ca0 DEOPT UNPACKING pc=0x000002573a7023a3 sp=0x000000b9f77fc3d0 mode 2
Event: 58.438 Thread 0x000002576d713ca0 Uncommon trap: trap_request=0xffffffde fr.pc=0x000002573ad9d520 relative=0x0000000000000620
Event: 58.438 Thread 0x000002576d713ca0 Uncommon trap: reason=class_check action=maybe_recompile pc=0x000002573ad9d520 method=org.gradle.internal.vfs.impl.DefaultSnapshotHierarchy.findMetadata(Ljava/lang/String;)Ljava/util/Optional; @ 31 c2
Event: 58.438 Thread 0x000002576d713ca0 DEOPT PACKING pc=0x000002573ad9d520 sp=0x000000b9f77fc1f0
Event: 58.438 Thread 0x000002576d713ca0 DEOPT UNPACKING pc=0x000002573a7023a3 sp=0x000000b9f77fc110 mode 2
Event: 58.444 Thread 0x000002576d713ca0 Uncommon trap: trap_request=0xffffffde fr.pc=0x000002573b84fc10 relative=0x00000000000013f0
Event: 58.444 Thread 0x000002576d713ca0 Uncommon trap: reason=class_check action=maybe_recompile pc=0x000002573b84fc10 method=org.gradle.internal.vfs.impl.DefaultSnapshotHierarchy.findMetadata(Ljava/lang/String;)Ljava/util/Optional; @ 31 c2
Event: 58.444 Thread 0x000002576d713ca0 DEOPT PACKING pc=0x000002573b84fc10 sp=0x000000b9f77fc530
Event: 58.444 Thread 0x000002576d713ca0 DEOPT UNPACKING pc=0x000002573a7023a3 sp=0x000000b9f77fc3d0 mode 2
Event: 58.444 Thread 0x000002576d713ca0 Uncommon trap: trap_request=0xffffffde fr.pc=0x000002573ad9d520 relative=0x0000000000000620
Event: 58.444 Thread 0x000002576d713ca0 Uncommon trap: reason=class_check action=maybe_recompile pc=0x000002573ad9d520 method=org.gradle.internal.vfs.impl.DefaultSnapshotHierarchy.findMetadata(Ljava/lang/String;)Ljava/util/Optional; @ 31 c2
Event: 58.444 Thread 0x000002576d713ca0 DEOPT PACKING pc=0x000002573ad9d520 sp=0x000000b9f77fc1f0
Event: 58.444 Thread 0x000002576d713ca0 DEOPT UNPACKING pc=0x000002573a7023a3 sp=0x000000b9f77fc110 mode 2
Event: 58.444 Thread 0x000002576d713ca0 Uncommon trap: trap_request=0xffffffde fr.pc=0x000002573b84fc10 relative=0x00000000000013f0
Event: 58.444 Thread 0x000002576d713ca0 Uncommon trap: reason=class_check action=maybe_recompile pc=0x000002573b84fc10 method=org.gradle.internal.vfs.impl.DefaultSnapshotHierarchy.findMetadata(Ljava/lang/String;)Ljava/util/Optional; @ 31 c2
Event: 58.444 Thread 0x000002576d713ca0 DEOPT PACKING pc=0x000002573b84fc10 sp=0x000000b9f77fc530
Event: 58.444 Thread 0x000002576d713ca0 DEOPT UNPACKING pc=0x000002573a7023a3 sp=0x000000b9f77fc3d0 mode 2

Classes unloaded (0 events):
No events

Classes redefined (0 events):
No events

Internal exceptions (20 events):
Event: 58.432 Thread 0x000002576bb3a2f0 Exception <a 'sun/nio/fs/WindowsException'{0x0000000097050db8}> (0x0000000097050db8) 
thrown [s\open\src\hotspot\share\prims\jni.cpp, line 516]
Event: 58.432 Thread 0x000002576bb3a2f0 Exception <a 'sun/nio/fs/WindowsException'{0x0000000097051ae0}> (0x0000000097051ae0) 
thrown [s\open\src\hotspot\share\prims\jni.cpp, line 516]
Event: 58.432 Thread 0x000002576bb3a2f0 Exception <a 'sun/nio/fs/WindowsException'{0x0000000097053ac8}> (0x0000000097053ac8) 
thrown [s\open\src\hotspot\share\prims\jni.cpp, line 516]
Event: 58.432 Thread 0x000002576bb3a2f0 Exception <a 'sun/nio/fs/WindowsException'{0x0000000097053f98}> (0x0000000097053f98) 
thrown [s\open\src\hotspot\share\prims\jni.cpp, line 516]
Event: 58.437 Thread 0x000002576d713ca0 Exception <a 'sun/nio/fs/WindowsException'{0x00000000970d7558}> (0x00000000970d7558) 
thrown [s\open\src\hotspot\share\prims\jni.cpp, line 516]
Event: 58.437 Thread 0x000002576bb393c0 Exception <a 'sun/nio/fs/WindowsException'{0x00000000970d1ed8}> (0x00000000970d1ed8) 
thrown [s\open\src\hotspot\share\prims\jni.cpp, line 516]
Event: 58.438 Thread 0x000002576bb393c0 Exception <a 'sun/nio/fs/WindowsException'{0x00000000970d21e0}> (0x00000000970d21e0) 
thrown [s\open\src\hotspot\share\prims\jni.cpp, line 516]
Event: 58.438 Thread 0x000002576bb393c0 Exception <a 'sun/nio/fs/WindowsException'{0x00000000970d2280}> (0x00000000970d2280) 
thrown [s\open\src\hotspot\share\prims\jni.cpp, line 516]
Event: 58.438 Thread 0x000002576bb393c0 Exception <a 'sun/nio/fs/WindowsException'{0x00000000970d2710}> (0x00000000970d2710) 
thrown [s\open\src\hotspot\share\prims\jni.cpp, line 516]
Event: 58.441 Thread 0x000002576d713ca0 Exception <a 'sun/nio/fs/WindowsException'{0x00000000970fb900}> (0x00000000970fb900) 
thrown [s\open\src\hotspot\share\prims\jni.cpp, line 516]
Event: 58.447 Thread 0x000002576d713ca0 Exception <a 'sun/nio/fs/WindowsException'{0x0000000096f42128}> (0x0000000096f42128) 
thrown [s\open\src\hotspot\share\prims\jni.cpp, line 516]
Event: 58.452 Thread 0x000002576d713ca0 Exception <a 'sun/nio/fs/WindowsException'{0x0000000096f7d1b0}> (0x0000000096f7d1b0) 
thrown [s\open\src\hotspot\share\prims\jni.cpp, line 516]
Event: 58.452 Thread 0x000002576d713ca0 Exception <a 'sun/nio/fs/WindowsException'{0x0000000096f7e658}> (0x0000000096f7e658) 
thrown [s\open\src\hotspot\share\prims\jni.cpp, line 516]
Event: 58.453 Thread 0x000002576bb3a2f0 Exception <a 'sun/nio/fs/WindowsException'{0x0000000097057638}> (0x0000000097057638) 
thrown [s\open\src\hotspot\share\prims\jni.cpp, line 516]
Event: 58.453 Thread 0x000002576bb3a2f0 Exception <a 'sun/nio/fs/WindowsException'{0x00000000970578f0}> (0x00000000970578f0) 
thrown [s\open\src\hotspot\share\prims\jni.cpp, line 516]
Event: 58.453 Thread 0x000002576bb3a2f0 Exception <a 'sun/nio/fs/WindowsException'{0x0000000097057990}> (0x0000000097057990) 
thrown [s\open\src\hotspot\share\prims\jni.cpp, line 516]
Event: 58.453 Thread 0x000002576bb3a2f0 Exception <a 'sun/nio/fs/WindowsException'{0x0000000097057e10}> (0x0000000097057e10) 
thrown [s\open\src\hotspot\share\prims\jni.cpp, line 516]
Event: 58.453 Thread 0x000002576d7150e0 Exception <a 'sun/nio/fs/WindowsException'{0x0000000096f93028}> (0x0000000096f93028) 
thrown [s\open\src\hotspot\share\prims\jni.cpp, line 516]
Event: 58.457 Thread 0x000002576d7150e0 Exception <a 'sun/nio/fs/WindowsException'{0x0000000096fa6500}> (0x0000000096fa6500) 
thrown [s\open\src\hotspot\share\prims\jni.cpp, line 516]
Event: 58.458 Thread 0x000002576d7150e0 Exception <a 'sun/nio/fs/WindowsException'{0x0000000096fbcbf0}> (0x0000000096fbcbf0) 
thrown [s\open\src\hotspot\share\prims\jni.cpp, line 516]

VM Operations (20 events):
Event: 51.299 Executing VM operation: Cleanup
Event: 51.299 Executing VM operation: Cleanup done
Event: 51.466 Executing VM operation: HandshakeAllThreads
Event: 51.466 Executing VM operation: HandshakeAllThreads done
Event: 52.466 Executing VM operation: Cleanup
Event: 52.466 Executing VM operation: Cleanup done
Event: 53.466 Executing VM operation: Cleanup
Event: 53.466 Executing VM operation: Cleanup done
Event: 54.237 Executing VM operation: G1CollectForAllocation
Event: 54.241 Executing VM operation: G1CollectForAllocation done
Event: 54.787 Executing VM operation: HandshakeAllThreads
Event: 54.788 Executing VM operation: HandshakeAllThreads done
Event: 55.209 Executing VM operation: G1CollectForAllocation
Event: 55.217 Executing VM operation: G1CollectForAllocation done
Event: 57.217 Executing VM operation: Cleanup
Event: 57.217 Executing VM operation: Cleanup done
Event: 57.420 Executing VM operation: HandshakeAllThreads
Event: 57.422 Executing VM operation: HandshakeAllThreads done
Event: 57.854 Executing VM operation: G1CollectForAllocation
Event: 57.857 Executing VM operation: G1CollectForAllocation done

Events (20 events):
Event: 57.460 Thread 0x0000025749765850 flushing nmethod 0x00000257352cd590
Event: 57.460 Thread 0x0000025749765850 flushing nmethod 0x00000257352cfb90
Event: 57.460 Thread 0x0000025749765850 flushing nmethod 0x00000257352cff90
Event: 57.460 Thread 0x0000025749765850 flushing nmethod 0x0000025735302290
Event: 57.460 Thread 0x0000025749765850 flushing nmethod 0x0000025735310010
Event: 57.478 loading class sun/net/ConnectionResetException
Event: 57.481 loading class sun/net/ConnectionResetException done
Event: 57.484 loading class java/lang/Throwable$WrappedPrintWriter
Event: 57.484 loading class java/lang/Throwable$PrintStreamOrWriter
Event: 57.484 loading class java/lang/Throwable$PrintStreamOrWriter done
Event: 57.484 loading class java/lang/Throwable$WrappedPrintWriter done
Event: 57.520 Thread 0x0000025769ebd4a0 Thread exited: 0x0000025769ebd4a0
Event: 57.540 loading class java/util/Collections$EmptyListIterator
Event: 57.542 loading class java/util/Collections$EmptyListIterator done
Event: 57.559 Thread 0x0000025769ebca80 Thread exited: 0x0000025769ebca80
Event: 57.577 Thread 0x000002576bb37050 Thread added: 0x000002576bb37050
Event: 57.702 Thread 0x00000257768ed0e0 Thread added: 0x00000257768ed0e0
Event: 57.725 Thread 0x000002576bb37560 Thread added: 0x000002576bb37560
Event: 58.184 Thread 0x00000257768ed0e0 Thread exited: 0x00000257768ed0e0
Event: 58.459 Thread 0x00000257768ec640 Thread added: 0x00000257768ec640


Dynamic libraries:
0x00007ff656ae0000 - 0x00007ff656af0000 	C:\Program Files\Java\jdk-17\bin\java.exe
0x00007ffa0b0b0000 - 0x00007ffa0b2a8000 	C:\Windows\SYSTEM32\ntdll.dll
0x00007ffa098d0000 - 0x00007ffa09992000 	C:\Windows\System32\KERNEL32.DLL
0x00007ffa08810000 - 0x00007ffa08b0e000 	C:\Windows\System32\KERNELBASE.dll
0x00007ffa08f30000 - 0x00007ffa09030000 	C:\Windows\System32\ucrtbase.dll
0x00007ffa01fb0000 - 0x00007ffa01fcb000 	C:\Program Files\Java\jdk-17\bin\VCRUNTIME140.dll
0x00007ffa00760000 - 0x00007ffa00779000 	C:\Program Files\Java\jdk-17\bin\jli.dll
0x00007ffa0ace0000 - 0x00007ffa0ad91000 	C:\Windows\System32\ADVAPI32.dll
0x00007ffa09c80000 - 0x00007ffa09d1e000 	C:\Windows\System32\msvcrt.dll
0x00007ffa0aec0000 - 0x00007ffa0af5f000 	C:\Windows\System32\sechost.dll
0x00007ffa0a0e0000 - 0x00007ffa0a203000 	C:\Windows\System32\RPCRT4.dll
0x00007ffa08750000 - 0x00007ffa08777000 	C:\Windows\System32\bcrypt.dll
0x00007ffa09540000 - 0x00007ffa096dd000 	C:\Windows\System32\USER32.dll
0x00007ffa08d90000 - 0x00007ffa08db2000 	C:\Windows\System32\win32u.dll
0x00007ffa09bd0000 - 0x00007ffa09bfb000 	C:\Windows\System32\GDI32.dll
0x00007ff9ef900000 - 0x00007ff9efb9a000 	C:\Windows\WinSxS\amd64_microsoft.windows.common-controls_6595b64144ccf1df_6.0.19041.4355_none_60b8b9eb71f62e16\COMCTL32.dll
0x00007ffa08b10000 - 0x00007ffa08c27000 	C:\Windows\System32\gdi32full.dll
0x00007ffa09030000 - 0x00007ffa090cd000 	C:\Windows\System32\msvcp_win.dll
0x00007ffa04f20000 - 0x00007ffa04f2a000 	C:\Windows\SYSTEM32\VERSION.dll
0x00007ffa098a0000 - 0x00007ffa098cf000 	C:\Windows\System32\IMM32.DLL
0x00007ffa02830000 - 0x00007ffa0283c000 	C:\Program Files\Java\jdk-17\bin\vcruntime140_1.dll
0x00007ff9f0760000 - 0x00007ff9f07ee000 	C:\Program Files\Java\jdk-17\bin\msvcp140.dll
0x00007ff9da6f0000 - 0x00007ff9db2cf000 	C:\Program Files\Java\jdk-17\bin\server\jvm.dll
0x00007ffa09c60000 - 0x00007ffa09c68000 	C:\Windows\System32\PSAPI.DLL
0x00007ff9f9850000 - 0x00007ff9f9859000 	C:\Windows\SYSTEM32\WSOCK32.dll
0x00007ff9f6120000 - 0x00007ff9f6147000 	C:\Windows\SYSTEM32\WINMM.dll
0x00007ffa09ee0000 - 0x00007ffa09f4b000 	C:\Windows\System32\WS2_32.dll
0x00007ffa064d0000 - 0x00007ffa064e2000 	C:\Windows\SYSTEM32\kernel.appcore.dll
0x00007ffa02770000 - 0x00007ffa0277a000 	C:\Program Files\Java\jdk-17\bin\jimage.dll
0x00007ffa01810000 - 0x00007ffa019f4000 	C:\Windows\SYSTEM32\DBGHELP.DLL
0x00007ffa01490000 - 0x00007ffa014c4000 	C:\Windows\SYSTEM32\dbgcore.DLL
0x00007ffa08780000 - 0x00007ffa08802000 	C:\Windows\System32\bcryptPrimitives.dll
0x00007ff9fa810000 - 0x00007ff9fa835000 	C:\Program Files\Java\jdk-17\bin\java.dll
0x00007ff9e11d0000 - 0x00007ff9e12a7000 	C:\Program Files\Java\jdk-17\bin\jsvml.dll
0x00007ffa0a210000 - 0x00007ffa0a97d000 	C:\Windows\System32\SHELL32.dll
0x00007ffa067b0000 - 0x00007ffa06f54000 	C:\Windows\SYSTEM32\windows.storage.dll
0x00007ffa0a980000 - 0x00007ffa0acd3000 	C:\Windows\System32\combase.dll
0x00007ffa080b0000 - 0x00007ffa080de000 	C:\Windows\SYSTEM32\Wldp.dll
0x00007ffa09e10000 - 0x00007ffa09edd000 	C:\Windows\System32\OLEAUT32.dll
0x00007ffa0afc0000 - 0x00007ffa0b06d000 	C:\Windows\System32\SHCORE.dll
0x00007ffa09c00000 - 0x00007ffa09c55000 	C:\Windows\System32\shlwapi.dll
0x00007ffa08680000 - 0x00007ffa086a4000 	C:\Windows\SYSTEM32\profapi.dll
0x00007ff9fa7f0000 - 0x00007ff9fa809000 	C:\Program Files\Java\jdk-17\bin\net.dll
0x00007ffa028d0000 - 0x00007ffa029dd000 	C:\Windows\SYSTEM32\WINHTTP.dll
0x00007ffa07e10000 - 0x00007ffa07e7a000 	C:\Windows\system32\mswsock.dll
0x00007ff9f79b0000 - 0x00007ff9f79c6000 	C:\Program Files\Java\jdk-17\bin\nio.dll
0x00007ff9f7990000 - 0x00007ff9f79a8000 	C:\Program Files\Java\jdk-17\bin\zip.dll
0x00007ffa01fa0000 - 0x00007ffa01fb0000 	C:\Program Files\Java\jdk-17\bin\verify.dll
0x00007ff9e23d0000 - 0x00007ff9e23f7000 	C:\Users\Admin\.gradle\native\68d5fa5c4cc2d200863cafc0d521ce42e7d3e7ee720ec0a83991735586a16f82\windows-amd64\native-platform.dll
0x00007ff9b4820000 - 0x00007ff9b4964000 	C:\Users\Admin\.gradle\native\e376f236ea51e6404a007f0833ffe2c6e607c4080706a723a18a27aeea778392\windows-amd64\native-platform-file-events.dll
0x00007ffa00c70000 - 0x00007ffa00c7a000 	C:\Program Files\Java\jdk-17\bin\management.dll
0x00007ff9fd170000 - 0x00007ff9fd17b000 	C:\Program Files\Java\jdk-17\bin\management_ext.dll
0x00007ffa08000000 - 0x00007ffa08018000 	C:\Windows\SYSTEM32\CRYPTSP.dll
0x00007ffa07730000 - 0x00007ffa07764000 	C:\Windows\system32\rsaenh.dll
0x00007ffa08640000 - 0x00007ffa0866e000 	C:\Windows\SYSTEM32\USERENV.dll
0x00007ffa08020000 - 0x00007ffa0802c000 	C:\Windows\SYSTEM32\CRYPTBASE.dll
0x00007ffa07af0000 - 0x00007ffa07b2b000 	C:\Windows\SYSTEM32\IPHLPAPI.DLL
0x00007ffa09890000 - 0x00007ffa09898000 	C:\Windows\System32\NSI.dll
0x00007ffa035b0000 - 0x00007ffa035c7000 	C:\Windows\SYSTEM32\dhcpcsvc6.DLL
0x00007ffa03470000 - 0x00007ffa0348d000 	C:\Windows\SYSTEM32\dhcpcsvc.DLL
0x00007ffa07b30000 - 0x00007ffa07bfa000 	C:\Windows\SYSTEM32\DNSAPI.dll
0x00007ffa03980000 - 0x00007ffa0398e000 	C:\Program Files\Java\jdk-17\bin\sunmscapi.dll
0x00007ffa08c30000 - 0x00007ffa08d8c000 	C:\Windows\System32\CRYPT32.dll
0x00007ffa08120000 - 0x00007ffa08147000 	C:\Windows\SYSTEM32\ncrypt.dll
0x00007ffa080e0000 - 0x00007ffa0811b000 	C:\Windows\SYSTEM32\NTASN1.dll
0x00007ffa01f90000 - 0x00007ffa01f97000 	C:\Windows\system32\wshunix.dll
0x00007ff9ec2d0000 - 0x00007ff9ec2e7000 	C:\Windows\system32\napinsp.dll
0x00007ff9ec2b0000 - 0x00007ff9ec2cb000 	C:\Windows\system32\pnrpnsp.dll
0x00007ff9efc80000 - 0x00007ff9efc95000 	C:\Windows\system32\wshbth.dll
0x00007ffa038a0000 - 0x00007ffa038bd000 	C:\Windows\system32\NLAapi.dll
0x00007ff9ec290000 - 0x00007ff9ec2a2000 	C:\Windows\System32\winrnr.dll
0x00007ffa02720000 - 0x00007ffa0272a000 	C:\Windows\System32\rasadhlp.dll
0x00007ffa013f0000 - 0x00007ffa01470000 	C:\Windows\System32\fwpuclnt.dll
0x00007ff9fecd0000 - 0x00007ff9fecee000 	C:\Users\Admin\AppData\Local\Temp\native-platform1994745326588258238dir\native-platform.dll
0x00007ff9f7b60000 - 0x00007ff9f7b67000 	C:\Program Files\Java\jdk-17\bin\rmi.dll
0x00007ff9fd580000 - 0x00007ff9fd59e000 	C:\Users\Admin\AppData\Local\Temp\native-platform18377939309465444557dir\native-platform.dll
0x00007ffa07980000 - 0x00007ffa079b3000 	C:\Windows\SYSTEM32\ntmarta.dll

dbghelp: loaded successfully - version: 4.0.5 - missing functions: none
symbol engine: initialized successfully - sym options: 0x614 - pdb path: .;C:\Program Files\Java\jdk-17\bin;C:\Windows\SYSTEM32;C:\Windows\WinSxS\amd64_microsoft.windows.common-controls_6595b64144ccf1df_6.0.19041.4355_none_60b8b9eb71f62e16;C:\Program Files\Java\jdk-17\bin\server;C:\Users\Admin\.gradle\native\68d5fa5c4cc2d200863cafc0d521ce42e7d3e7ee720ec0a83991735586a16f82\windows-amd64;C:\Users\Admin\.gradle\native\e376f236ea51e6404a007f0833ffe2c6e607c4080706a723a18a27aeea778392\windows-amd64;C:\Users\Admin\AppData\Local\Temp\native-platform1994745326588258238dir;C:\Users\Admin\AppData\Local\Temp\native-platform18377939309465444557dir

VM Arguments:
jvm_args: -XX:MaxMetaspaceSize=512m --add-opens=java.base/java.util=ALL-UNNAMED --add-opens=java.base/java.lang=ALL-UNNAMED --add-opens=java.base/java.lang.invoke=ALL-UNNAMED --add-opens=java.prefs/java.util.prefs=ALL-UNNAMED --add-opens=java.base/java.nio.charset=ALL-UNNAMED --add-opens=java.base/java.net=ALL-UNNAMED --add-opens=java.base/java.util.concurrent.atomic=ALL-UNNAMED -Xmx2048m -Dfile.encoding=windows-1252 -Duser.country=US -Duser.language=en -Duser.variant 
java_command: org.gradle.launcher.daemon.bootstrap.GradleDaemon 8.0.1
java_class_path (initial): C:\Users\Admin\.gradle\wrapper\dists\gradle-8.0.1-all\aro4hu1c3oeioove7l0i4i14o\gradle-8.0.1\lib\gradle-launcher-8.0.1.jar
Launcher Type: SUN_STANDARD

[Global flags]
     intx CICompilerCount                          = 3                                         {product} {ergonomic}
   size_t CompressedClassSpaceSize                 = 436207616                                 {product} {ergonomic}
     uint ConcGCThreads                            = 2                                         {product} {ergonomic}
     uint G1ConcRefinementThreads                  = 6                                         {product} {ergonomic}
   size_t G1HeapRegionSize                         = 1048576                                   {product} {ergonomic}
    uintx GCDrainStackTargetSize                   = 64                                        {product} {ergonomic}
   size_t InitialHeapSize                          = 132120576                                 {product} {ergonomic}
   size_t MarkStackSize                            = 4194304                                   {product} {ergonomic}
   size_t MaxHeapSize                              = 2147483648                                {product} {command line}
   size_t MaxMetaspaceSize                         = 536870912                                 {product} {command line}
   size_t MaxNewSize                               = 1287651328                                {product} {ergonomic}
   size_t MinHeapDeltaBytes                        = 1048576                                   {product} {ergonomic}
   size_t MinHeapSize                              = 8388608                                   {product} {ergonomic}
    uintx NonNMethodCodeHeapSize                   = 5832780                                {pd product} {ergonomic}
    uintx NonProfiledCodeHeapSize                  = 122912730                              {pd product} {ergonomic}
    uintx ProfiledCodeHeapSize                     = 122912730                              {pd product} {ergonomic}
    uintx ReservedCodeCacheSize                    = 251658240                              {pd product} {ergonomic}
     bool SegmentedCodeCache                       = true                                      {product} {ergonomic}
   size_t SoftMaxHeapSize                          = 2147483648                             {manageable} {ergonomic}
     bool UseCompressedClassPointers               = true                           {product lp64_product} {ergonomic}
     bool UseCompressedOops                        = true                           {product lp64_product} {ergonomic}
     bool UseG1GC                                  = true                                      {product} {ergonomic}
     bool UseLargePagesIndividualAllocation        = false                                  {pd product} {ergonomic}

Logging:
Log output configuration:
 #0: stdout all=warning uptime,level,tags
 #1: stderr all=off uptime,level,tags

Environment Variables:
JAVA_HOME=C:\Program Files\Java\jdk-17
CLASSPATH=E:\React Native\All Parking\Parking_Dual\android\\gradle\wrapper\gradle-wrapper.jar
PATH=E:\React Native\All Parking\Parking_Dual\node_modules\.bin;E:\React Native\All Parking\node_modules\.bin;E:\React Native\node_modules\.bin;E:\node_modules\.bin;C:\Users\Admin\AppData\Roaming\nvm\v16.13.0\node_modules\npm\node_modules\@npmcli\run-script\lib\node-gyp-bin;E:\React Native\All Parking\Parking_Dual\node_modules\.bin;E:\React Native\All Parking\node_modules\.bin;E:\React Native\node_modules\.bin;E:\node_modules\.bin;C:\Users\Admin\AppData\Roaming\nvm\v16.13.0\node_modules\npm\node_modules\@npmcli\run-script\lib\node-gyp-bin;C:\Program Files\Common Files\Oracle\Java\javapath;C:\Python312\Scripts\;C:\Python312\;C:\Windows\system32;C:\Windows;C:\Windows\System32\Wbem;C:\Windows\System32\WindowsPowerShell\v1.0\;C:\Windows\System32\OpenSSH\;C:\ProgramData\chocolatey\bin;C:\Program Files\Git\cmd;C:\Program Files\Java\jdk-17\bin;C:\Users\Admin\AppData\Local\Android\Sdk\platform-tools;C:\Users\Admin\AppData\Local\Android\Sdk\build-tools\34.0.0;C:\Program Files\Amazon\AWSCLIV2\;C:\Users\Admin\AppData\Roaming\nvm;C:\Program Files\nodejs;F:\xampp\php;C:\composer;C:\Users\Admin\AppData\Local\Microsoft\WindowsApps;C:\Users\Admin\AppData\Local\Programs\Microsoft VS Code\bin;C:\Users\Admin\AppData\Roaming\npm;C:\Program Files\Java\jdk-17\bin;C:\Users\Admin\AppData\Local\Android\Sdk\platform-tools;C:\Users\Admin\AppData\Local\Android\Sdk\build-tools\34.0.0;C:\Users\Admin\AppData\Roaming\nvm;C:\Program Files\nodejs;C:\Users\Admin\composer;C:\Users\Admin\AppData\Roaming\Composer\vendor\bin
USERNAME=Admin
LANG=en_US.UTF-8
OS=Windows_NT
PROCESSOR_IDENTIFIER=Intel64 Family 6 Model 158 Stepping 10, GenuineIntel



---------------  S Y S T E M  ---------------

OS:
 Windows 10 , 64 bit Build 19041 (10.0.19041.5072)
OS uptime: 1 days 22:11 hours

CPU: total 6 (initial active 6) (6 cores per cpu, 1 threads per core) family 6 model 158 stepping 10 microcode 0xb4, cx8, cmov, fxsr, mmx, 3dnowpref, sse, sse2, sse3, ssse3, sse4.1, sse4.2, popcnt, lzcnt, tsc, tscinvbit, avx, avx2, aes, erms, clmul, bmi1, bmi2, adx, fma, vzeroupper, clflush, clflushopt

Memory: 4k page, system-wide physical 8054M (615M free)
TotalPageFile size 20342M (AvailPageFile size 1M)
current process WorkingSet (physical memory assigned to process): 606M, peak: 749M
current process commit charge ("private bytes"): 965M, peak: 967M

vm_info: Java HotSpot(TM) 64-Bit Server VM (17.0.10+11-LTS-240) for windows-amd64 JRE (17.0.10+11-LTS-240), built on Dec 19 2023 21:47:25 by "mach5one" with MS VC++ 17.1 (VS2022)

END.
