#
# There is insufficient memory for the Java Runtime Environment to continue.
# Native memory allocation (mmap) failed to map 344981504 bytes for G1 virtual space
# Possible reasons:
#   The system is out of physical RAM or swap space
#   The process is running with CompressedOops enabled, and the Java Heap may be blocking the growth of the native heap
# Possible solutions:
#   Reduce memory load on the system
#   Increase physical memory or swap space
#   Check if swap backing store is full
#   Decrease Java heap size (-Xmx/-Xms)
#   Decrease number of Java threads
#   Decrease Java thread stack sizes (-Xss)
#   Set larger code cache with -XX:ReservedCodeCacheSize=
#   JVM is running with Unscaled Compressed Oops mode in which the Java heap is
#     placed in the first 4GB address space. The Java Heap base address is the
#     maximum limit for the native heap growth. Please use -XX:HeapBaseMinAddress
#     to set the Java Heap base and to place the Java Heap above 4GB virtual address.
# This output file may be truncated or incomplete.
#
#  Out of Memory Error (os_windows.cpp:3548), pid=20136, tid=10476
#
# JRE version: Java(TM) SE Runtime Environment (17.0.10+11) (build 17.0.10+11-LTS-240)
# Java VM: Java HotSpot(TM) 64-Bit Server VM (17.0.10+11-LTS-240, mixed mode, sharing, tiered, compressed oops, compressed class ptrs, g1 gc, windows-amd64)
# No core dump will be written. Minidumps are not enabled by default on client versions of Windows
#

---------------  S U M M A R Y ------------

Command Line: -XX:MaxMetaspaceSize=512m --add-opens=java.base/java.util=ALL-UNNAMED --add-opens=java.base/java.lang=ALL-UNNAMED --add-opens=java.base/java.lang.invoke=ALL-UNNAMED --add-opens=java.prefs/java.util.prefs=ALL-UNNAMED --add-opens=java.base/java.nio.charset=ALL-UNNAMED --add-opens=java.base/java.net=ALL-UNNAMED --add-opens=java.base/java.util.concurrent.atomic=ALL-UNNAMED -Xmx2048m -Dfile.encoding=windows-1252 -Duser.country=US -Duser.language=en -Duser.variant org.gradle.launcher.daemon.bootstrap.GradleDaemon 8.0.1

Host: Intel(R) Core(TM) i5-8400 CPU @ 2.80GHz, 6 cores, 7G,  Windows 10 , 64 bit Build 19041 (10.0.19041.5072)
Time: Fri Nov 22 13:48:44 2024 India Standard Time elapsed time: 54.611734 seconds (0d 0h 0m 54s)

---------------  T H R E A D  ---------------

Current thread (0x000001f34c341f60):  VMThread "VM Thread" [stack: 0x0000004cc1e00000,0x0000004cc1f00000] [id=10476]

Stack: [0x0000004cc1e00000,0x0000004cc1f00000]
Native frames: (J=compiled Java code, j=interpreted, Vv=VM code, C=native code)
V  [jvm.dll+0x677a5a]
V  [jvm.dll+0x7d8b2d]
V  [jvm.dll+0x7da48e]
V  [jvm.dll+0x7daaf3]
V  [jvm.dll+0x2455ff]
V  [jvm.dll+0x6749b9]
V  [jvm.dll+0x669382]
V  [jvm.dll+0x302e96]
V  [jvm.dll+0x30a416]
V  [jvm.dll+0x359cbe]
V  [jvm.dll+0x359eef]
V  [jvm.dll+0x2d9e88]
V  [jvm.dll+0x2d8295]
V  [jvm.dll+0x2d789c]
V  [jvm.dll+0x31b18b]
V  [jvm.dll+0x7df30b]
V  [jvm.dll+0x7e0044]
V  [jvm.dll+0x7e055d]
V  [jvm.dll+0x7e0934]
V  [jvm.dll+0x7e0a00]
V  [jvm.dll+0x78888a]
V  [jvm.dll+0x676935]
C  [ucrtbase.dll+0x21bb2]
C  [KERNEL32.DLL+0x17374]
C  [ntdll.dll+0x4cc91]

VM_Operation (0x0000004ccadfdb60): G1CollectForAllocation, mode: safepoint, requested by thread 0x000001f37e298160


---------------  P R O C E S S  ---------------

Threads class SMR info:
_java_thread_list=0x000001f37a52f790, length=134, elements={
0x000001f32e5bd4b0, 0x000001f34c347340, 0x000001f34c3480d0, 0x000001f34c35aca0,
0x000001f34c35e990, 0x000001f34c35f260, 0x000001f34c365850, 0x000001f34c368510,
0x000001f34c370ee0, 0x000001f34c386000, 0x000001f34c5b2e00, 0x000001f34c5b7f40,
0x000001f36cb98f10, 0x000001f36d11ecd0, 0x000001f36d7a0120, 0x000001f36dcfdf40,
0x000001f36d09fcd0, 0x000001f36df03c50, 0x000001f36de27770, 0x000001f36de26d50,
0x000001f36de244d0, 0x000001f36de25910, 0x000001f36de26330, 0x000001f36de249e0,
0x000001f36de26840, 0x000001f36de24ef0, 0x000001f36de27260, 0x000001f36de25400,
0x000001f36de23fc0, 0x000001f36e91ce00, 0x000001f36e920fd0, 0x000001f36e922410,
0x000001f36e921f00, 0x000001f36e91b4b0, 0x000001f36e91dd30, 0x000001f36e91f170,
0x000001f36e91e750, 0x000001f36e922e30, 0x000001f36e9200a0, 0x000001f36e91f680,
0x000001f36e91b9c0, 0x000001f36e91fb90, 0x000001f36e91bed0, 0x000001f36e91ec60,
0x000001f36e91c3e0, 0x000001f36e91c8f0, 0x000001f36e91d310, 0x000001f36e9205b0,
0x000001f36e9214e0, 0x000001f36e920ac0, 0x000001f36e9219f0, 0x000001f36fef3840,
0x000001f36feef160, 0x000001f36feedd20, 0x000001f36fef2e20, 0x000001f36fef0ab0,
0x000001f36feed300, 0x000001f36fef2910, 0x000001f36fef3330, 0x000001f36fef0fc0,
0x000001f36feee740, 0x000001f36feee230, 0x000001f36fef1ef0, 0x000001f36fef2400,
0x000001f36fef14d0, 0x000001f36fef19e0, 0x000001f36fef3d50, 0x000001f36feeec50,
0x000001f36fef4260, 0x000001f36fef4770, 0x000001f36feed810, 0x000001f36fef0090,
0x000001f36fef05a0, 0x000001f3706389b0, 0x000001f370635710, 0x000001f370635200,
0x000001f370635c20, 0x000001f3706398e0, 0x000001f3706393d0, 0x000001f37063ad20,
0x000001f370636b50, 0x000001f370638ec0, 0x000001f370639df0, 0x000001f37063bc50,
0x000001f370636130, 0x000001f370637a80, 0x000001f37063c160, 0x000001f37063a300,
0x000001f37063a810, 0x000001f3706384a0, 0x000001f370634cf0, 0x000001f37063c670,
0x000001f370636640, 0x000001f370637060, 0x000001f370637f90, 0x000001f37063b230,
0x000001f37063b740, 0x000001f36d202ee0, 0x000001f36d205760, 0x000001f36d205c70,
0x000001f36d200150, 0x000001f36d204830, 0x000001f36d206180, 0x000001f36d201fb0,
0x000001f36d2033f0, 0x000001f36d203900, 0x000001f36d200660, 0x000001f36d206690,
0x000001f36d204d40, 0x000001f36d203e10, 0x000001f36d206ba0, 0x000001f379effc50,
0x000001f379efb570, 0x000001f379efe810, 0x000001f379f015a0, 0x000001f379efc9b0,
0x000001f379efe300, 0x000001f379efed20, 0x000001f379efcec0, 0x000001f379efd3d0,
0x000001f36d205250, 0x000001f36d201080, 0x000001f36d2024c0, 0x000001f30345cd40,
0x000001f30345d250, 0x000001f30345b3f0, 0x000001f30345b900, 0x000001f371b77510,
0x000001f37b9b2090, 0x000001f37e297590, 0x000001f37a366b70, 0x000001f37e298160,
0x000001f37b9b2ab0, 0x000001f37b9b09c0
}

Java Threads: ( => current thread )
  0x000001f32e5bd4b0 JavaThread "main" [_thread_blocked, id=8652, stack(0x0000004cc1800000,0x0000004cc1900000)]
  0x000001f34c347340 JavaThread "Reference Handler" daemon [_thread_blocked, id=18308, stack(0x0000004cc1f00000,0x0000004cc2000000)]
  0x000001f34c3480d0 JavaThread "Finalizer" daemon [_thread_blocked, id=13944, stack(0x0000004cc2000000,0x0000004cc2100000)]
  0x000001f34c35aca0 JavaThread "Signal Dispatcher" daemon [_thread_blocked, id=11296, stack(0x0000004cc2100000,0x0000004cc2200000)]
  0x000001f34c35e990 JavaThread "Attach Listener" daemon [_thread_blocked, id=9544, stack(0x0000004cc2200000,0x0000004cc2300000)]
  0x000001f34c35f260 JavaThread "Service Thread" daemon [_thread_blocked, id=13872, stack(0x0000004cc2300000,0x0000004cc2400000)]
  0x000001f34c365850 JavaThread "Monitor Deflation Thread" daemon [_thread_blocked, id=15876, stack(0x0000004cc2400000,0x0000004cc2500000)]
  0x000001f34c368510 JavaThread "C2 CompilerThread0" daemon [_thread_blocked, id=9136, stack(0x0000004cc2500000,0x0000004cc2600000)]
  0x000001f34c370ee0 JavaThread "C1 CompilerThread0" daemon [_thread_blocked, id=23432, stack(0x0000004cc2600000,0x0000004cc2700000)]
  0x000001f34c386000 JavaThread "Sweeper thread" daemon [_thread_blocked, id=14196, stack(0x0000004cc2700000,0x0000004cc2800000)]
  0x000001f34c5b2e00 JavaThread "Common-Cleaner" daemon [_thread_blocked, id=23228, stack(0x0000004cc2800000,0x0000004cc2900000)]
  0x000001f34c5b7f40 JavaThread "Notification Thread" daemon [_thread_blocked, id=16324, stack(0x0000004cc2900000,0x0000004cc2a00000)]
  0x000001f36cb98f10 JavaThread "Daemon health stats" [_thread_blocked, id=8292, stack(0x0000004cc3000000,0x0000004cc3100000)]
  0x000001f36d11ecd0 JavaThread "Incoming local TCP Connector on port 56949" [_thread_in_native, id=11424, stack(0x0000004cc3100000,0x0000004cc3200000)]
  0x000001f36d7a0120 JavaThread "Daemon periodic checks" [_thread_blocked, id=2644, stack(0x0000004cc3200000,0x0000004cc3300000)]
  0x000001f36dcfdf40 JavaThread "Daemon" [_thread_blocked, id=424, stack(0x0000004cc3300000,0x0000004cc3400000)]
  0x000001f36d09fcd0 JavaThread "Handler for socket connection from /127.0.0.1:56949 to /127.0.0.1:56950" [_thread_in_native, id=18468, stack(0x0000004cc3400000,0x0000004cc3500000)]
  0x000001f36df03c50 JavaThread "Cancel handler" [_thread_blocked, id=14948, stack(0x0000004cc3500000,0x0000004cc3600000)]
  0x000001f36de27770 JavaThread "Daemon worker" [_thread_blocked, id=23352, stack(0x0000004cc3600000,0x0000004cc3700000)]
  0x000001f36de26d50 JavaThread "Asynchronous log dispatcher for DefaultDaemonConnection: socket connection from /127.0.0.1:56949 to /127.0.0.1:56950" [_thread_blocked, id=23292, stack(0x0000004cc3700000,0x0000004cc3800000)]
  0x000001f36de244d0 JavaThread "Stdin handler" [_thread_blocked, id=17472, stack(0x0000004cc3800000,0x0000004cc3900000)]
  0x000001f36de25910 JavaThread "Daemon client event forwarder" [_thread_blocked, id=23076, stack(0x0000004cc3900000,0x0000004cc3a00000)]
  0x000001f36de26330 JavaThread "Cache worker for journal cache (C:\Users\Admin\.gradle\caches\journal-1)" [_thread_blocked, id=11452, stack(0x0000004cc3a00000,0x0000004cc3b00000)]
  0x000001f36de249e0 JavaThread "File lock request listener" [_thread_in_native, id=4420, stack(0x0000004cc3b00000,0x0000004cc3c00000)]
  0x000001f36de26840 JavaThread "Cache worker for file hash cache (C:\Users\Admin\.gradle\caches\8.0.1\fileHashes)" [_thread_blocked, id=19224, stack(0x0000004cc3c00000,0x0000004cc3d00000)]
  0x000001f36de24ef0 JavaThread "File watcher server" daemon [_thread_blocked, id=8032, stack(0x0000004cc3e00000,0x0000004cc3f00000)]
  0x000001f36de27260 JavaThread "File watcher consumer" daemon [_thread_blocked, id=5136, stack(0x0000004cc3f00000,0x0000004cc4000000)]
  0x000001f36de25400 JavaThread "Cache worker for checksums cache (E:\React Native\All Parking\Parking_Dual\android\.gradle\8.0.1\checksums)" [_thread_blocked, id=19096, stack(0x0000004cc4000000,0x0000004cc4100000)]
  0x000001f36de23fc0 JavaThread "Cache worker for cache directory md-rule (C:\Users\Admin\.gradle\caches\8.0.1\md-rule)" [_thread_blocked, id=23056, stack(0x0000004cc4100000,0x0000004cc4200000)]
  0x000001f36e91ce00 JavaThread "Cache worker for file content cache (C:\Users\Admin\.gradle\caches\8.0.1\fileContent)" [_thread_blocked, id=23260, stack(0x0000004cc4200000,0x0000004cc4300000)]
  0x000001f36e920fd0 JavaThread "Cache worker for file hash cache (E:\React Native\All Parking\Parking_Dual\android\.gradle\8.0.1\fileHashes)" [_thread_blocked, id=8112, stack(0x0000004cc4300000,0x0000004cc4400000)]
  0x000001f36e922410 JavaThread "Cache worker for cache directory md-supplier (C:\Users\Admin\.gradle\caches\8.0.1\md-supplier)" [_thread_blocked, id=17700, stack(0x0000004cc4400000,0x0000004cc4500000)]
  0x000001f36e921f00 JavaThread "Cache worker for execution history cache (C:\Users\Admin\.gradle\caches\8.0.1\executionHistory)" [_thread_blocked, id=22940, stack(0x0000004cc4700000,0x0000004cc4800000)]
  0x000001f36e91b4b0 JavaThread "jar transforms" [_thread_blocked, id=10160, stack(0x0000004cc4800000,0x0000004cc4900000)]
  0x000001f36e91dd30 JavaThread "jar transforms Thread 2" [_thread_blocked, id=15496, stack(0x0000004cc4900000,0x0000004cc4a00000)]
  0x000001f36e91f170 JavaThread "jar transforms Thread 3" [_thread_blocked, id=17012, stack(0x0000004cc4a00000,0x0000004cc4b00000)]
  0x000001f36e91e750 JavaThread "jar transforms Thread 4" [_thread_blocked, id=21908, stack(0x0000004cc4b00000,0x0000004cc4c00000)]
  0x000001f36e922e30 JavaThread "Cache worker for kotlin-dsl (C:\Users\Admin\.gradle\caches\8.0.1\kotlin-dsl)" [_thread_blocked, id=7300, stack(0x0000004cc4c00000,0x0000004cc4d00000)]
  0x000001f36e9200a0 JavaThread "jar transforms Thread 5" [_thread_blocked, id=4460, stack(0x0000004cc4d00000,0x0000004cc4e00000)]
  0x000001f36e91f680 JavaThread "jar transforms Thread 6" [_thread_blocked, id=7748, stack(0x0000004cc4e00000,0x0000004cc4f00000)]
  0x000001f36e91b9c0 JavaThread "Cache worker for dependencies-accessors (E:\React Native\All Parking\Parking_Dual\android\.gradle\8.0.1\dependencies-accessors)" [_thread_blocked, id=16328, stack(0x0000004cc4f00000,0x0000004cc5000000)]
  0x000001f36e91fb90 JavaThread "Cache worker for Build Output Cleanup Cache (E:\React Native\All Parking\Parking_Dual\node_modules\@react-native\gradle-plugin\.gradle\buildOutputCleanup)" [_thread_blocked, id=16776, stack(0x0000004cc5000000,0x0000004cc5100000)]
  0x000001f36e91bed0 JavaThread "Unconstrained build operations" [_thread_blocked, id=4200, stack(0x0000004cc5100000,0x0000004cc5200000)]
  0x000001f36e91ec60 JavaThread "Unconstrained build operations Thread 2" [_thread_blocked, id=23512, stack(0x0000004cc5200000,0x0000004cc5300000)]
  0x000001f36e91c3e0 JavaThread "Unconstrained build operations Thread 3" [_thread_blocked, id=1972, stack(0x0000004cc5300000,0x0000004cc5400000)]
  0x000001f36e91c8f0 JavaThread "Unconstrained build operations Thread 4" [_thread_blocked, id=23132, stack(0x0000004cc5400000,0x0000004cc5500000)]
  0x000001f36e91d310 JavaThread "Unconstrained build operations Thread 5" [_thread_blocked, id=6616, stack(0x0000004cc5500000,0x0000004cc5600000)]
  0x000001f36e9205b0 JavaThread "Unconstrained build operations Thread 6" [_thread_blocked, id=22396, stack(0x0000004cc5600000,0x0000004cc5700000)]
  0x000001f36e9214e0 JavaThread "Unconstrained build operations Thread 7" [_thread_blocked, id=22956, stack(0x0000004cc5700000,0x0000004cc5800000)]
  0x000001f36e920ac0 JavaThread "Unconstrained build operations Thread 8" [_thread_blocked, id=10772, stack(0x0000004cc5800000,0x0000004cc5900000)]
  0x000001f36e9219f0 JavaThread "Unconstrained build operations Thread 9" [_thread_blocked, id=14672, stack(0x0000004cc5900000,0x0000004cc5a00000)]
  0x000001f36fef3840 JavaThread "Unconstrained build operations Thread 10" [_thread_blocked, id=19940, stack(0x0000004cc5a00000,0x0000004cc5b00000)]
  0x000001f36feef160 JavaThread "Unconstrained build operations Thread 11" [_thread_blocked, id=2432, stack(0x0000004cc5b00000,0x0000004cc5c00000)]
  0x000001f36feedd20 JavaThread "Unconstrained build operations Thread 12" [_thread_blocked, id=18912, stack(0x0000004cc5c00000,0x0000004cc5d00000)]
  0x000001f36fef2e20 JavaThread "Unconstrained build operations Thread 13" [_thread_blocked, id=10764, stack(0x0000004cc5d00000,0x0000004cc5e00000)]
  0x000001f36fef0ab0 JavaThread "Unconstrained build operations Thread 14" [_thread_blocked, id=19148, stack(0x0000004cc5e00000,0x0000004cc5f00000)]
  0x000001f36feed300 JavaThread "Unconstrained build operations Thread 15" [_thread_blocked, id=2544, stack(0x0000004cc5f00000,0x0000004cc6000000)]
  0x000001f36fef2910 JavaThread "Unconstrained build operations Thread 16" [_thread_blocked, id=6340, stack(0x0000004cc6000000,0x0000004cc6100000)]
  0x000001f36fef3330 JavaThread "Unconstrained build operations Thread 17" [_thread_blocked, id=23096, stack(0x0000004cc6100000,0x0000004cc6200000)]
  0x000001f36fef0fc0 JavaThread "Unconstrained build operations Thread 18" [_thread_blocked, id=21912, stack(0x0000004cc6200000,0x0000004cc6300000)]
  0x000001f36feee740 JavaThread "Unconstrained build operations Thread 19" [_thread_blocked, id=17236, stack(0x0000004cc6300000,0x0000004cc6400000)]
  0x000001f36feee230 JavaThread "Unconstrained build operations Thread 20" [_thread_blocked, id=23120, stack(0x0000004cc6400000,0x0000004cc6500000)]
  0x000001f36fef1ef0 JavaThread "Unconstrained build operations Thread 21" [_thread_blocked, id=3052, stack(0x0000004cc6500000,0x0000004cc6600000)]
  0x000001f36fef2400 JavaThread "Unconstrained build operations Thread 22" [_thread_blocked, id=19604, stack(0x0000004cc6600000,0x0000004cc6700000)]
  0x000001f36fef14d0 JavaThread "Unconstrained build operations Thread 23" [_thread_blocked, id=15988, stack(0x0000004cc6700000,0x0000004cc6800000)]
  0x000001f36fef19e0 JavaThread "Unconstrained build operations Thread 24" [_thread_blocked, id=20184, stack(0x0000004cc6800000,0x0000004cc6900000)]
  0x000001f36fef3d50 JavaThread "Unconstrained build operations Thread 25" [_thread_blocked, id=22992, stack(0x0000004cc6900000,0x0000004cc6a00000)]
  0x000001f36feeec50 JavaThread "Unconstrained build operations Thread 26" [_thread_blocked, id=10760, stack(0x0000004cc6a00000,0x0000004cc6b00000)]
  0x000001f36fef4260 JavaThread "Memory manager" [_thread_blocked, id=10036, stack(0x0000004cc6b00000,0x0000004cc6c00000)]
  0x000001f36fef4770 JavaThread "Cache worker for Build Output Cleanup Cache (E:\React Native\All Parking\Parking_Dual\android\.gradle\buildOutputCleanup)" [_thread_blocked, id=13860, stack(0x0000004cc6c00000,0x0000004cc6d00000)]
  0x000001f36feed810 JavaThread "included builds" [_thread_blocked, id=12716, stack(0x0000004cc6d00000,0x0000004cc6e00000)]
  0x000001f36fef0090 JavaThread "Execution worker" [_thread_blocked, id=16112, stack(0x0000004cc6e00000,0x0000004cc6f00000)]
  0x000001f36fef05a0 JavaThread "Execution worker Thread 2" [_thread_blocked, id=11464, stack(0x0000004cc6f00000,0x0000004cc7000000)]
  0x000001f3706389b0 JavaThread "Execution worker Thread 3" [_thread_blocked, id=2420, stack(0x0000004cc7000000,0x0000004cc7100000)]
  0x000001f370635710 JavaThread "Execution worker Thread 4" [_thread_blocked, id=19220, stack(0x0000004cc7100000,0x0000004cc7200000)]
  0x000001f370635200 JavaThread "Execution worker Thread 5" [_thread_blocked, id=23116, stack(0x0000004cc7200000,0x0000004cc7300000)]
  0x000001f370635c20 JavaThread "Cache worker for execution history cache (E:\React Native\All Parking\Parking_Dual\node_modules\@react-native\gradle-plugin\.gradle\8.0.1\executionHistory)" [_thread_blocked, id=14928, stack(0x0000004cc7300000,0x0000004cc7400000)]
  0x000001f3706398e0 JavaThread "Unconstrained build operations Thread 27" [_thread_blocked, id=23316, stack(0x0000004cc7400000,0x0000004cc7500000)]
  0x000001f3706393d0 JavaThread "Unconstrained build operations Thread 28" [_thread_blocked, id=1036, stack(0x0000004cc7500000,0x0000004cc7600000)]
  0x000001f37063ad20 JavaThread "Unconstrained build operations Thread 29" [_thread_blocked, id=20096, stack(0x0000004cc7600000,0x0000004cc7700000)]
  0x000001f370636b50 JavaThread "Unconstrained build operations Thread 30" [_thread_blocked, id=14808, stack(0x0000004cc7700000,0x0000004cc7800000)]
  0x000001f370638ec0 JavaThread "Unconstrained build operations Thread 31" [_thread_blocked, id=21932, stack(0x0000004cc7800000,0x0000004cc7900000)]
  0x000001f370639df0 JavaThread "Unconstrained build operations Thread 32" [_thread_blocked, id=9984, stack(0x0000004cc7900000,0x0000004cc7a00000)]
  0x000001f37063bc50 JavaThread "Unconstrained build operations Thread 33" [_thread_blocked, id=14128, stack(0x0000004cc7a00000,0x0000004cc7b00000)]
  0x000001f370636130 JavaThread "Unconstrained build operations Thread 34" [_thread_blocked, id=8388, stack(0x0000004cc7b00000,0x0000004cc7c00000)]
  0x000001f370637a80 JavaThread "Unconstrained build operations Thread 35" [_thread_blocked, id=18564, stack(0x0000004cc7c00000,0x0000004cc7d00000)]
  0x000001f37063c160 JavaThread "Unconstrained build operations Thread 36" [_thread_blocked, id=8420, stack(0x0000004cc7d00000,0x0000004cc7e00000)]
  0x000001f37063a300 JavaThread "Unconstrained build operations Thread 37" [_thread_blocked, id=6300, stack(0x0000004cc7e00000,0x0000004cc7f00000)]
  0x000001f37063a810 JavaThread "Unconstrained build operations Thread 38" [_thread_blocked, id=9892, stack(0x0000004cc7f00000,0x0000004cc8000000)]
  0x000001f3706384a0 JavaThread "Unconstrained build operations Thread 39" [_thread_blocked, id=21332, stack(0x0000004cc8000000,0x0000004cc8100000)]
  0x000001f370634cf0 JavaThread "Unconstrained build operations Thread 40" [_thread_blocked, id=16364, stack(0x0000004cc8100000,0x0000004cc8200000)]
  0x000001f37063c670 JavaThread "Unconstrained build operations Thread 41" [_thread_blocked, id=23072, stack(0x0000004cc8200000,0x0000004cc8300000)]
  0x000001f370636640 JavaThread "Unconstrained build operations Thread 42" [_thread_blocked, id=17872, stack(0x0000004cc8300000,0x0000004cc8400000)]
  0x000001f370637060 JavaThread "Unconstrained build operations Thread 43" [_thread_blocked, id=22064, stack(0x0000004cc8400000,0x0000004cc8500000)]
  0x000001f370637f90 JavaThread "Unconstrained build operations Thread 44" [_thread_blocked, id=11828, stack(0x0000004cc8500000,0x0000004cc8600000)]
  0x000001f37063b230 JavaThread "Unconstrained build operations Thread 45" [_thread_blocked, id=14508, stack(0x0000004cc8600000,0x0000004cc8700000)]
  0x000001f37063b740 JavaThread "Unconstrained build operations Thread 46" [_thread_blocked, id=20396, stack(0x0000004cc8700000,0x0000004cc8800000)]
  0x000001f36d202ee0 JavaThread "Unconstrained build operations Thread 47" [_thread_blocked, id=7580, stack(0x0000004cc8800000,0x0000004cc8900000)]
  0x000001f36d205760 JavaThread "Unconstrained build operations Thread 48" [_thread_blocked, id=6552, stack(0x0000004cc8900000,0x0000004cc8a00000)]
  0x000001f36d205c70 JavaThread "Unconstrained build operations Thread 49" [_thread_blocked, id=19332, stack(0x0000004cc8a00000,0x0000004cc8b00000)]
  0x000001f36d200150 JavaThread "Unconstrained build operations Thread 50" [_thread_blocked, id=14040, stack(0x0000004cc8b00000,0x0000004cc8c00000)]
  0x000001f36d204830 JavaThread "Unconstrained build operations Thread 51" [_thread_blocked, id=9236, stack(0x0000004cc8c00000,0x0000004cc8d00000)]
  0x000001f36d206180 JavaThread "Unconstrained build operations Thread 52" [_thread_blocked, id=3520, stack(0x0000004cc8d00000,0x0000004cc8e00000)]
  0x000001f36d201fb0 JavaThread "Unconstrained build operations Thread 53" [_thread_blocked, id=18664, stack(0x0000004cc8e00000,0x0000004cc8f00000)]
  0x000001f36d2033f0 JavaThread "Unconstrained build operations Thread 54" [_thread_blocked, id=19236, stack(0x0000004cc8f00000,0x0000004cc9000000)]
  0x000001f36d203900 JavaThread "Unconstrained build operations Thread 55" [_thread_blocked, id=16800, stack(0x0000004cc9000000,0x0000004cc9100000)]
  0x000001f36d200660 JavaThread "Unconstrained build operations Thread 56" [_thread_blocked, id=19048, stack(0x0000004cc9100000,0x0000004cc9200000)]
  0x000001f36d206690 JavaThread "Unconstrained build operations Thread 57" [_thread_blocked, id=7912, stack(0x0000004cc9200000,0x0000004cc9300000)]
  0x000001f36d204d40 JavaThread "Unconstrained build operations Thread 58" [_thread_blocked, id=21464, stack(0x0000004cc9300000,0x0000004cc9400000)]
  0x000001f36d203e10 JavaThread "Unconstrained build operations Thread 59" [_thread_blocked, id=10848, stack(0x0000004cc9400000,0x0000004cc9500000)]
  0x000001f36d206ba0 JavaThread "Unconstrained build operations Thread 60" [_thread_blocked, id=14980, stack(0x0000004cc9500000,0x0000004cc9600000)]
  0x000001f379effc50 JavaThread "Cache worker for execution history cache (E:\React Native\All Parking\Parking_Dual\android\.gradle\8.0.1\executionHistory)" [_thread_blocked, id=22432, stack(0x0000004cc9900000,0x0000004cc9a00000)]
  0x000001f379efb570 JavaThread "WorkerExecutor Queue" [_thread_in_native, id=21104, stack(0x0000004cc9a00000,0x0000004cc9b00000)]
  0x000001f379efe810 JavaThread "WorkerExecutor Queue Thread 2" [_thread_in_native, id=15492, stack(0x0000004cc9c00000,0x0000004cc9d00000)]
  0x000001f379f015a0 JavaThread "RMI Scheduler(0)" daemon [_thread_blocked, id=10508, stack(0x0000004cc9b00000,0x0000004cc9c00000)]
  0x000001f379efc9b0 JavaThread "RMI RenewClean-[127.0.0.1:17524,org.jetbrains.kotlin.daemon.common.LoopbackNetworkInterface$ClientLoopbackSocketFactory@256a915b]" daemon [_thread_blocked, id=23348, stack(0x0000004cc9e00000,0x0000004cc9f00000)]
  0x000001f379efe300 JavaThread "RMI GC Daemon" daemon [_thread_blocked, id=22600, stack(0x0000004cc9f00000,0x0000004cca000000)]
  0x000001f379efed20 JavaThread "RMI TCP Accept-0" daemon [_thread_in_native, id=22020, stack(0x0000004cca000000,0x0000004cca100000)]
  0x000001f379efcec0 JavaThread "RMI Reaper" [_thread_blocked, id=2584, stack(0x0000004cca100000,0x0000004cca200000)]
  0x000001f379efd3d0 JavaThread "RMI TCP Connection(1)-127.0.0.1" daemon [_thread_in_native, id=8412, stack(0x0000004cca200000,0x0000004cca300000)]
  0x000001f36d205250 JavaThread "WorkerExecutor Queue Thread 3" [_thread_blocked, id=22548, stack(0x0000004cca300000,0x0000004cca400000)]
  0x000001f36d201080 JavaThread "WorkerExecutor Queue Thread 4" [_thread_blocked, id=10864, stack(0x0000004cca400000,0x0000004cca500000)]
  0x000001f36d2024c0 JavaThread "WorkerExecutor Queue Thread 5" [_thread_blocked, id=16868, stack(0x0000004cc2b00000,0x0000004cc2c00000)]
  0x000001f30345cd40 JavaThread "RMI RenewClean-[127.0.0.1:17240,org.jetbrains.kotlin.daemon.common.LoopbackNetworkInterface$ClientLoopbackSocketFactory@1314710d]" daemon [_thread_blocked, id=21416, stack(0x0000004cc9d00000,0x0000004cc9e00000)]
  0x000001f30345d250 JavaThread "RMI TCP Accept-0" daemon [_thread_in_native, id=18764, stack(0x0000004cca700000,0x0000004cca800000)]
  0x000001f30345b3f0 JavaThread "RMI TCP Connection(2)-127.0.0.1" daemon [_thread_in_native, id=13672, stack(0x0000004cca800000,0x0000004cca900000)]
  0x000001f30345b900 JavaThread "WorkerExecutor Queue Thread 7" [_thread_blocked, id=17688, stack(0x0000004cca600000,0x0000004cca700000)]
  0x000001f371b77510 JavaThread "C2 CompilerThread1" daemon [_thread_blocked, id=3376, stack(0x0000004cca900000,0x0000004ccaa00000)]
  0x000001f37b9b2090 JavaThread "ForkJoinPool-1-worker-1" daemon [_thread_blocked, id=14692, stack(0x0000004ccaa00000,0x0000004ccab00000)]
  0x000001f37e297590 JavaThread "ForkJoinPool-1-worker-2" daemon [_thread_blocked, id=15624, stack(0x0000004ccab00000,0x0000004ccac00000)]
  0x000001f37a366b70 JavaThread "ForkJoinPool-1-worker-3" daemon [_thread_blocked, id=21184, stack(0x0000004ccac00000,0x0000004ccad00000)]
  0x000001f37e298160 JavaThread "ForkJoinPool-1-worker-4" daemon [_thread_blocked, id=22604, stack(0x0000004ccad00000,0x0000004ccae00000)]
  0x000001f37b9b2ab0 JavaThread "ForkJoinPool-1-worker-5" daemon [_thread_blocked, id=13160, stack(0x0000004ccae00000,0x0000004ccaf00000)]
  0x000001f37b9b09c0 JavaThread "ForkJoinPool-1-worker-6" daemon [_thread_blocked, id=400, stack(0x0000004ccaf00000,0x0000004ccb000000)]

Other Threads:
=>0x000001f34c341f60 VMThread "VM Thread" [stack: 0x0000004cc1e00000,0x0000004cc1f00000] [id=10476]
  0x000001f34c5b8e40 WatcherThread [stack: 0x0000004cc2a00000,0x0000004cc2b00000] [id=11984]
  0x000001f32e6174c0 GCTaskThread "GC Thread#0" [stack: 0x0000004cc1900000,0x0000004cc1a00000] [id=22948]
  0x000001f36cc34b60 GCTaskThread "GC Thread#1" [stack: 0x0000004cc2c00000,0x0000004cc2d00000] [id=21028]
  0x000001f36caea1d0 GCTaskThread "GC Thread#2" [stack: 0x0000004cc2d00000,0x0000004cc2e00000] [id=7248]
  0x000001f36cb730d0 GCTaskThread "GC Thread#3" [stack: 0x0000004cc2e00000,0x0000004cc2f00000] [id=15316]
  0x000001f36d24d6b0 GCTaskThread "GC Thread#4" [stack: 0x0000004cc2f00000,0x0000004cc3000000] [id=23532]
  0x000001f36d4a2b90 GCTaskThread "GC Thread#5" [stack: 0x0000004cc3d00000,0x0000004cc3e00000] [id=9608]
  0x000001f32e628320 ConcurrentGCThread "G1 Main Marker" [stack: 0x0000004cc1a00000,0x0000004cc1b00000] [id=2032]
  0x000001f32e6293e0 ConcurrentGCThread "G1 Conc#0" [stack: 0x0000004cc1b00000,0x0000004cc1c00000] [id=18316]
  0x000001f36f5a4a90 ConcurrentGCThread "G1 Conc#1" [stack: 0x0000004cc4500000,0x0000004cc4600000] [id=15108]
  0x000001f32e686b50 ConcurrentGCThread "G1 Refine#0" [stack: 0x0000004cc1c00000,0x0000004cc1d00000] [id=22732]
  0x000001f36e8bb1b0 ConcurrentGCThread "G1 Refine#1" [stack: 0x0000004cc4600000,0x0000004cc4700000] [id=20964]
  0x000001f373804ea0 ConcurrentGCThread "G1 Refine#2" [stack: 0x0000004cc9800000,0x0000004cc9900000] [id=14992]
  0x000001f370400c80 ConcurrentGCThread "G1 Refine#3" [stack: 0x0000004cca500000,0x0000004cca600000] [id=9308]
  0x000001f34c2005f0 ConcurrentGCThread "G1 Service" [stack: 0x0000004cc1d00000,0x0000004cc1e00000] [id=11792]

Threads with active compile tasks:
C2 CompilerThread0    54701 21292       4       com.android.tools.r8.dex.code.v1::a (4134 bytes)
C1 CompilerThread0    54701 21434       2       com.android.tools.r8.dex.code.K0::hashCode (28 bytes)
C2 CompilerThread1    54701 21301       4       com.android.tools.r8.dex.i::h (963 bytes)

VM state: at safepoint (normal execution)

VM Mutex/Monitor currently owned by a thread:  ([mutex/lock_event])
[0x000001f32e5b8150] Threads_lock - owner thread: 0x000001f34c341f60
[0x000001f32e5b93e0] Heap_lock - owner thread: 0x000001f37e298160

Heap address: 0x0000000080000000, size: 2048 MB, Compressed Oops mode: 32-bit

CDS archive(s) mapped at: [0x000001f34d000000-0x000001f34dbd0000-0x000001f34dbd0000), size 12386304, SharedBaseAddress: 0x000001f34d000000, ArchiveRelocationMode: 1.
Compressed class space mapped at: 0x000001f34e000000-0x000001f368000000, reserved size: 436207616
Narrow klass base: 0x000001f34d000000, Narrow klass shift: 0, Narrow klass range: 0x100000000

GC Precious Log:
 CPUs: 6 total, 6 available
 Memory: 8054M
 Large Page Support: Disabled
 NUMA Support: Disabled
 Compressed Oops: Enabled (32-bit)
 Heap Region Size: 1M
 Heap Min Capacity: 8M
 Heap Initial Capacity: 126M
 Heap Max Capacity: 2G
 Pre-touch: Disabled
 Parallel Workers: 6
 Concurrent Workers: 2
 Concurrent Refinement Workers: 6
 Periodic GC: Disabled

Heap:
 garbage-first heap   total 552960K, used 476043K [0x0000000080000000, 0x0000000100000000)
  region size 1024K, 4 young (4096K), 4 survivors (4096K)
 Metaspace       used 127370K, committed 129216K, reserved 557056K
  class space    used 17611K, committed 18432K, reserved 425984K

Heap Regions: E=young(eden), S=young(survivor), O=old, HS=humongous(starts), HC=humongous(continues), CS=collection set, F=free, OA=open archive, CA=closed archive, TAMS=top-at-mark-start (previous, next)
|   0|0x0000000080000000, 0x0000000080100000, 0x0000000080100000|100%|HS|  |TAMS 0x0000000080100000, 0x0000000080100000| Complete 
|   1|0x0000000080100000, 0x0000000080200000, 0x0000000080200000|100%|HC|  |TAMS 0x0000000080200000, 0x0000000080200000| Complete 
|   2|0x0000000080200000, 0x0000000080300000, 0x0000000080300000|100%|HC|  |TAMS 0x0000000080300000, 0x0000000080300000| Complete 
|   3|0x0000000080300000, 0x0000000080400000, 0x0000000080400000|100%|HC|  |TAMS 0x0000000080400000, 0x0000000080400000| Complete 
|   4|0x0000000080400000, 0x0000000080500000, 0x0000000080500000|100%| O|  |TAMS 0x0000000080500000, 0x0000000080500000| Untracked 
|   5|0x0000000080500000, 0x0000000080600000, 0x0000000080600000|100%| O|  |TAMS 0x0000000080600000, 0x0000000080600000| Untracked 
|   6|0x0000000080600000, 0x0000000080700000, 0x0000000080700000|100%| O|  |TAMS 0x0000000080700000, 0x0000000080700000| Untracked 
|   7|0x0000000080700000, 0x0000000080800000, 0x0000000080800000|100%| O|  |TAMS 0x0000000080800000, 0x0000000080800000| Untracked 
|   8|0x0000000080800000, 0x0000000080900000, 0x0000000080900000|100%| O|  |TAMS 0x0000000080900000, 0x0000000080900000| Untracked 
|   9|0x0000000080900000, 0x0000000080a00000, 0x0000000080a00000|100%| O|  |TAMS 0x0000000080a00000, 0x0000000080a00000| Untracked 
|  10|0x0000000080a00000, 0x0000000080b00000, 0x0000000080b00000|100%| O|  |TAMS 0x0000000080b00000, 0x0000000080b00000| Untracked 
|  11|0x0000000080b00000, 0x0000000080c00000, 0x0000000080c00000|100%| O|  |TAMS 0x0000000080c00000, 0x0000000080c00000| Untracked 
|  12|0x0000000080c00000, 0x0000000080d00000, 0x0000000080d00000|100%| O|  |TAMS 0x0000000080d00000, 0x0000000080d00000| Untracked 
|  13|0x0000000080d00000, 0x0000000080e00000, 0x0000000080e00000|100%| O|  |TAMS 0x0000000080e00000, 0x0000000080e00000| Untracked 
|  14|0x0000000080e00000, 0x0000000080f00000, 0x0000000080f00000|100%| O|  |TAMS 0x0000000080f00000, 0x0000000080f00000| Untracked 
|  15|0x0000000080f00000, 0x0000000081000000, 0x0000000081000000|100%| O|  |TAMS 0x0000000081000000, 0x0000000081000000| Untracked 
|  16|0x0000000081000000, 0x0000000081100000, 0x0000000081100000|100%| O|  |TAMS 0x0000000081100000, 0x0000000081100000| Untracked 
|  17|0x0000000081100000, 0x0000000081200000, 0x0000000081200000|100%| O|  |TAMS 0x0000000081200000, 0x0000000081200000| Untracked 
|  18|0x0000000081200000, 0x0000000081300000, 0x0000000081300000|100%| O|  |TAMS 0x0000000081300000, 0x0000000081300000| Untracked 
|  19|0x0000000081300000, 0x00000000813e2c00, 0x0000000081400000| 88%| O|  |TAMS 0x00000000813e2c00, 0x00000000813e2c00| Untracked 
|  20|0x0000000081400000, 0x0000000081500000, 0x0000000081500000|100%| O|  |TAMS 0x0000000081500000, 0x0000000081500000| Untracked 
|  21|0x0000000081500000, 0x0000000081600000, 0x0000000081600000|100%| O|  |TAMS 0x0000000081600000, 0x0000000081600000| Untracked 
|  22|0x0000000081600000, 0x0000000081700000, 0x0000000081700000|100%| O|  |TAMS 0x0000000081700000, 0x0000000081700000| Untracked 
|  23|0x0000000081700000, 0x0000000081800000, 0x0000000081800000|100%| O|  |TAMS 0x0000000081800000, 0x0000000081800000| Untracked 
|  24|0x0000000081800000, 0x0000000081900000, 0x0000000081900000|100%| O|  |TAMS 0x0000000081900000, 0x0000000081900000| Untracked 
|  25|0x0000000081900000, 0x0000000081a00000, 0x0000000081a00000|100%| O|  |TAMS 0x0000000081a00000, 0x0000000081a00000| Untracked 
|  26|0x0000000081a00000, 0x0000000081b00000, 0x0000000081b00000|100%| O|  |TAMS 0x0000000081b00000, 0x0000000081b00000| Untracked 
|  27|0x0000000081b00000, 0x0000000081c00000, 0x0000000081c00000|100%| O|  |TAMS 0x0000000081c00000, 0x0000000081c00000| Untracked 
|  28|0x0000000081c00000, 0x0000000081d00000, 0x0000000081d00000|100%| O|  |TAMS 0x0000000081d00000, 0x0000000081d00000| Untracked 
|  29|0x0000000081d00000, 0x0000000081e00000, 0x0000000081e00000|100%| O|  |TAMS 0x0000000081e00000, 0x0000000081e00000| Untracked 
|  30|0x0000000081e00000, 0x0000000081f00000, 0x0000000081f00000|100%| O|  |TAMS 0x0000000081f00000, 0x0000000081f00000| Untracked 
|  31|0x0000000081f00000, 0x0000000082000000, 0x0000000082000000|100%| O|  |TAMS 0x0000000082000000, 0x0000000082000000| Untracked 
|  32|0x0000000082000000, 0x0000000082100000, 0x0000000082100000|100%| O|  |TAMS 0x0000000082100000, 0x0000000082100000| Untracked 
|  33|0x0000000082100000, 0x0000000082200000, 0x0000000082200000|100%| O|  |TAMS 0x0000000082200000, 0x0000000082200000| Untracked 
|  34|0x0000000082200000, 0x0000000082300000, 0x0000000082300000|100%| O|  |TAMS 0x0000000082300000, 0x0000000082300000| Untracked 
|  35|0x0000000082300000, 0x0000000082400000, 0x0000000082400000|100%|HS|  |TAMS 0x0000000082400000, 0x0000000082400000| Complete 
|  36|0x0000000082400000, 0x0000000082500000, 0x0000000082500000|100%|HC|  |TAMS 0x0000000082500000, 0x0000000082500000| Complete 
|  37|0x0000000082500000, 0x0000000082600000, 0x0000000082600000|100%|HS|  |TAMS 0x0000000082600000, 0x0000000082600000| Complete 
|  38|0x0000000082600000, 0x0000000082700000, 0x0000000082700000|100%|HC|  |TAMS 0x0000000082700000, 0x0000000082700000| Complete 
|  39|0x0000000082700000, 0x0000000082800000, 0x0000000082800000|100%|HC|  |TAMS 0x0000000082800000, 0x0000000082800000| Complete 
|  40|0x0000000082800000, 0x0000000082900000, 0x0000000082900000|100%|HC|  |TAMS 0x0000000082900000, 0x0000000082900000| Complete 
|  41|0x0000000082900000, 0x0000000082a00000, 0x0000000082a00000|100%| O|  |TAMS 0x0000000082a00000, 0x0000000082a00000| Untracked 
|  42|0x0000000082a00000, 0x0000000082b00000, 0x0000000082b00000|100%| O|  |TAMS 0x0000000082b00000, 0x0000000082b00000| Untracked 
|  43|0x0000000082b00000, 0x0000000082c00000, 0x0000000082c00000|100%| O|  |TAMS 0x0000000082c00000, 0x0000000082c00000| Untracked 
|  44|0x0000000082c00000, 0x0000000082d00000, 0x0000000082d00000|100%| O|  |TAMS 0x0000000082d00000, 0x0000000082d00000| Untracked 
|  45|0x0000000082d00000, 0x0000000082e00000, 0x0000000082e00000|100%| O|  |TAMS 0x0000000082e00000, 0x0000000082e00000| Untracked 
|  46|0x0000000082e00000, 0x0000000082f00000, 0x0000000082f00000|100%| O|  |TAMS 0x0000000082f00000, 0x0000000082f00000| Untracked 
|  47|0x0000000082f00000, 0x0000000083000000, 0x0000000083000000|100%| O|  |TAMS 0x0000000083000000, 0x0000000083000000| Untracked 
|  48|0x0000000083000000, 0x0000000083100000, 0x0000000083100000|100%| O|  |TAMS 0x0000000083100000, 0x0000000083100000| Untracked 
|  49|0x0000000083100000, 0x0000000083200000, 0x0000000083200000|100%| O|  |TAMS 0x0000000083200000, 0x0000000083200000| Untracked 
|  50|0x0000000083200000, 0x0000000083300000, 0x0000000083300000|100%| O|  |TAMS 0x0000000083300000, 0x0000000083300000| Untracked 
|  51|0x0000000083300000, 0x0000000083400000, 0x0000000083400000|100%| O|  |TAMS 0x0000000083400000, 0x0000000083400000| Untracked 
|  52|0x0000000083400000, 0x0000000083500000, 0x0000000083500000|100%| O|  |TAMS 0x0000000083500000, 0x0000000083500000| Untracked 
|  53|0x0000000083500000, 0x0000000083600000, 0x0000000083600000|100%| O|  |TAMS 0x0000000083600000, 0x0000000083600000| Untracked 
|  54|0x0000000083600000, 0x0000000083700000, 0x0000000083700000|100%| O|  |TAMS 0x0000000083700000, 0x0000000083700000| Untracked 
|  55|0x0000000083700000, 0x0000000083800000, 0x0000000083800000|100%| O|  |TAMS 0x0000000083800000, 0x0000000083800000| Untracked 
|  56|0x0000000083800000, 0x0000000083900000, 0x0000000083900000|100%| O|  |TAMS 0x0000000083900000, 0x0000000083900000| Untracked 
|  57|0x0000000083900000, 0x0000000083a00000, 0x0000000083a00000|100%| O|  |TAMS 0x0000000083a00000, 0x0000000083a00000| Untracked 
|  58|0x0000000083a00000, 0x0000000083b00000, 0x0000000083b00000|100%| O|  |TAMS 0x0000000083b00000, 0x0000000083b00000| Untracked 
|  59|0x0000000083b00000, 0x0000000083c00000, 0x0000000083c00000|100%|HS|  |TAMS 0x0000000083c00000, 0x0000000083c00000| Complete 
|  60|0x0000000083c00000, 0x0000000083d00000, 0x0000000083d00000|100%|HS|  |TAMS 0x0000000083d00000, 0x0000000083d00000| Complete 
|  61|0x0000000083d00000, 0x0000000083e00000, 0x0000000083e00000|100%| O|  |TAMS 0x0000000083e00000, 0x0000000083e00000| Untracked 
|  62|0x0000000083e00000, 0x0000000083f00000, 0x0000000083f00000|100%|HS|  |TAMS 0x0000000083f00000, 0x0000000083f00000| Complete 
|  63|0x0000000083f00000, 0x0000000084000000, 0x0000000084000000|100%| O|  |TAMS 0x0000000084000000, 0x0000000084000000| Untracked 
|  64|0x0000000084000000, 0x0000000084100000, 0x0000000084100000|100%| O|  |TAMS 0x0000000084100000, 0x0000000084100000| Untracked 
|  65|0x0000000084100000, 0x0000000084200000, 0x0000000084200000|100%| O|  |TAMS 0x0000000084200000, 0x0000000084200000| Untracked 
|  66|0x0000000084200000, 0x0000000084300000, 0x0000000084300000|100%|HS|  |TAMS 0x0000000084300000, 0x0000000084300000| Complete 
|  67|0x0000000084300000, 0x0000000084400000, 0x0000000084400000|100%| O|  |TAMS 0x0000000084400000, 0x0000000084400000| Untracked 
|  68|0x0000000084400000, 0x0000000084500000, 0x0000000084500000|100%| O|  |TAMS 0x0000000084500000, 0x0000000084500000| Untracked 
|  69|0x0000000084500000, 0x0000000084600000, 0x0000000084600000|100%| O|  |TAMS 0x0000000084600000, 0x0000000084600000| Untracked 
|  70|0x0000000084600000, 0x0000000084700000, 0x0000000084700000|100%| O|  |TAMS 0x0000000084700000, 0x0000000084700000| Untracked 
|  71|0x0000000084700000, 0x0000000084800000, 0x0000000084800000|100%| O|  |TAMS 0x0000000084800000, 0x0000000084800000| Untracked 
|  72|0x0000000084800000, 0x0000000084900000, 0x0000000084900000|100%| O|  |TAMS 0x0000000084900000, 0x0000000084900000| Untracked 
|  73|0x0000000084900000, 0x0000000084a00000, 0x0000000084a00000|100%| O|  |TAMS 0x0000000084a00000, 0x0000000084a00000| Untracked 
|  74|0x0000000084a00000, 0x0000000084b00000, 0x0000000084b00000|100%| O|  |TAMS 0x0000000084b00000, 0x0000000084b00000| Untracked 
|  75|0x0000000084b00000, 0x0000000084c00000, 0x0000000084c00000|100%| O|  |TAMS 0x0000000084c00000, 0x0000000084c00000| Untracked 
|  76|0x0000000084c00000, 0x0000000084d00000, 0x0000000084d00000|100%| O|  |TAMS 0x0000000084d00000, 0x0000000084d00000| Untracked 
|  77|0x0000000084d00000, 0x0000000084e00000, 0x0000000084e00000|100%| O|  |TAMS 0x0000000084e00000, 0x0000000084e00000| Untracked 
|  78|0x0000000084e00000, 0x0000000084f00000, 0x0000000084f00000|100%| O|  |TAMS 0x0000000084f00000, 0x0000000084f00000| Untracked 
|  79|0x0000000084f00000, 0x0000000085000000, 0x0000000085000000|100%| O|  |TAMS 0x0000000085000000, 0x0000000085000000| Untracked 
|  80|0x0000000085000000, 0x0000000085100000, 0x0000000085100000|100%| O|  |TAMS 0x0000000085100000, 0x0000000085100000| Untracked 
|  81|0x0000000085100000, 0x0000000085200000, 0x0000000085200000|100%| O|  |TAMS 0x0000000085200000, 0x0000000085200000| Untracked 
|  82|0x0000000085200000, 0x0000000085300000, 0x0000000085300000|100%| O|  |TAMS 0x0000000085300000, 0x0000000085300000| Untracked 
|  83|0x0000000085300000, 0x0000000085400000, 0x0000000085400000|100%| O|  |TAMS 0x0000000085400000, 0x0000000085400000| Untracked 
|  84|0x0000000085400000, 0x0000000085500000, 0x0000000085500000|100%| O|  |TAMS 0x0000000085500000, 0x0000000085500000| Untracked 
|  85|0x0000000085500000, 0x0000000085600000, 0x0000000085600000|100%| O|  |TAMS 0x0000000085600000, 0x0000000085600000| Untracked 
|  86|0x0000000085600000, 0x0000000085700000, 0x0000000085700000|100%|HS|  |TAMS 0x0000000085700000, 0x0000000085700000| Complete 
|  87|0x0000000085700000, 0x0000000085800000, 0x0000000085800000|100%|HS|  |TAMS 0x0000000085800000, 0x0000000085800000| Complete 
|  88|0x0000000085800000, 0x0000000085900000, 0x0000000085900000|100%|HC|  |TAMS 0x0000000085900000, 0x0000000085900000| Complete 
|  89|0x0000000085900000, 0x0000000085a00000, 0x0000000085a00000|100%|HC|  |TAMS 0x0000000085a00000, 0x0000000085a00000| Complete 
|  90|0x0000000085a00000, 0x0000000085b00000, 0x0000000085b00000|100%|HS|  |TAMS 0x0000000085b00000, 0x0000000085b00000| Complete 
|  91|0x0000000085b00000, 0x0000000085c00000, 0x0000000085c00000|100%|HC|  |TAMS 0x0000000085c00000, 0x0000000085c00000| Complete 
|  92|0x0000000085c00000, 0x0000000085d00000, 0x0000000085d00000|100%| O|  |TAMS 0x0000000085d00000, 0x0000000085d00000| Untracked 
|  93|0x0000000085d00000, 0x0000000085e00000, 0x0000000085e00000|100%| O|  |TAMS 0x0000000085e00000, 0x0000000085e00000| Untracked 
|  94|0x0000000085e00000, 0x0000000085f00000, 0x0000000085f00000|100%| O|  |TAMS 0x0000000085f00000, 0x0000000085f00000| Untracked 
|  95|0x0000000085f00000, 0x0000000086000000, 0x0000000086000000|100%| O|  |TAMS 0x0000000086000000, 0x0000000086000000| Untracked 
|  96|0x0000000086000000, 0x0000000086100000, 0x0000000086100000|100%| O|  |TAMS 0x0000000086100000, 0x0000000086100000| Untracked 
|  97|0x0000000086100000, 0x0000000086200000, 0x0000000086200000|100%| O|  |TAMS 0x0000000086200000, 0x0000000086200000| Untracked 
|  98|0x0000000086200000, 0x0000000086300000, 0x0000000086300000|100%| O|  |TAMS 0x0000000086300000, 0x0000000086300000| Untracked 
|  99|0x0000000086300000, 0x0000000086400000, 0x0000000086400000|100%| O|  |TAMS 0x0000000086400000, 0x0000000086400000| Untracked 
| 100|0x0000000086400000, 0x0000000086500000, 0x0000000086500000|100%| O|  |TAMS 0x0000000086500000, 0x0000000086500000| Untracked 
| 101|0x0000000086500000, 0x0000000086600000, 0x0000000086600000|100%| O|  |TAMS 0x0000000086600000, 0x0000000086600000| Untracked 
| 102|0x0000000086600000, 0x0000000086700000, 0x0000000086700000|100%| O|  |TAMS 0x0000000086700000, 0x0000000086700000| Untracked 
| 103|0x0000000086700000, 0x0000000086800000, 0x0000000086800000|100%| O|  |TAMS 0x0000000086800000, 0x0000000086800000| Untracked 
| 104|0x0000000086800000, 0x0000000086900000, 0x0000000086900000|100%| O|  |TAMS 0x0000000086900000, 0x0000000086900000| Untracked 
| 105|0x0000000086900000, 0x0000000086a00000, 0x0000000086a00000|100%| O|  |TAMS 0x0000000086a00000, 0x0000000086a00000| Untracked 
| 106|0x0000000086a00000, 0x0000000086b00000, 0x0000000086b00000|100%|HS|  |TAMS 0x0000000086b00000, 0x0000000086b00000| Complete 
| 107|0x0000000086b00000, 0x0000000086c00000, 0x0000000086c00000|100%| O|  |TAMS 0x0000000086c00000, 0x0000000086c00000| Untracked 
| 108|0x0000000086c00000, 0x0000000086d00000, 0x0000000086d00000|100%|HS|  |TAMS 0x0000000086d00000, 0x0000000086d00000| Complete 
| 109|0x0000000086d00000, 0x0000000086e00000, 0x0000000086e00000|100%|HC|  |TAMS 0x0000000086e00000, 0x0000000086e00000| Complete 
| 110|0x0000000086e00000, 0x0000000086f00000, 0x0000000086f00000|100%|HC|  |TAMS 0x0000000086f00000, 0x0000000086f00000| Complete 
| 111|0x0000000086f00000, 0x0000000087000000, 0x0000000087000000|100%|HS|  |TAMS 0x0000000087000000, 0x0000000087000000| Complete 
| 112|0x0000000087000000, 0x0000000087100000, 0x0000000087100000|100%|HC|  |TAMS 0x0000000087100000, 0x0000000087100000| Complete 
| 113|0x0000000087100000, 0x0000000087200000, 0x0000000087200000|100%| O|  |TAMS 0x0000000087200000, 0x0000000087200000| Untracked 
| 114|0x0000000087200000, 0x0000000087300000, 0x0000000087300000|100%| O|  |TAMS 0x0000000087300000, 0x0000000087300000| Untracked 
| 115|0x0000000087300000, 0x0000000087400000, 0x0000000087400000|100%| O|  |TAMS 0x0000000087400000, 0x0000000087400000| Untracked 
| 116|0x0000000087400000, 0x0000000087500000, 0x0000000087500000|100%| O|  |TAMS 0x0000000087500000, 0x0000000087500000| Untracked 
| 117|0x0000000087500000, 0x0000000087600000, 0x0000000087600000|100%| O|  |TAMS 0x0000000087600000, 0x0000000087600000| Untracked 
| 118|0x0000000087600000, 0x0000000087700000, 0x0000000087700000|100%| O|  |TAMS 0x0000000087700000, 0x0000000087700000| Untracked 
| 119|0x0000000087700000, 0x0000000087800000, 0x0000000087800000|100%| O|  |TAMS 0x0000000087800000, 0x0000000087800000| Untracked 
| 120|0x0000000087800000, 0x0000000087900000, 0x0000000087900000|100%| O|  |TAMS 0x0000000087900000, 0x0000000087900000| Untracked 
| 121|0x0000000087900000, 0x0000000087a00000, 0x0000000087a00000|100%| O|  |TAMS 0x0000000087a00000, 0x0000000087a00000| Untracked 
| 122|0x0000000087a00000, 0x0000000087b00000, 0x0000000087b00000|100%| O|  |TAMS 0x0000000087b00000, 0x0000000087b00000| Untracked 
| 123|0x0000000087b00000, 0x0000000087c00000, 0x0000000087c00000|100%| O|  |TAMS 0x0000000087c00000, 0x0000000087c00000| Untracked 
| 124|0x0000000087c00000, 0x0000000087d00000, 0x0000000087d00000|100%| O|  |TAMS 0x0000000087d00000, 0x0000000087d00000| Untracked 
| 125|0x0000000087d00000, 0x0000000087e00000, 0x0000000087e00000|100%| O|  |TAMS 0x0000000087e00000, 0x0000000087e00000| Untracked 
| 126|0x0000000087e00000, 0x0000000087f00000, 0x0000000087f00000|100%| O|  |TAMS 0x0000000087f00000, 0x0000000087f00000| Untracked 
| 127|0x0000000087f00000, 0x0000000088000000, 0x0000000088000000|100%| O|  |TAMS 0x0000000088000000, 0x0000000088000000| Untracked 
| 128|0x0000000088000000, 0x0000000088100000, 0x0000000088100000|100%| O|  |TAMS 0x0000000088100000, 0x0000000088100000| Untracked 
| 129|0x0000000088100000, 0x0000000088200000, 0x0000000088200000|100%| O|  |TAMS 0x0000000088200000, 0x0000000088200000| Untracked 
| 130|0x0000000088200000, 0x0000000088300000, 0x0000000088300000|100%| O|  |TAMS 0x0000000088300000, 0x0000000088300000| Untracked 
| 131|0x0000000088300000, 0x0000000088400000, 0x0000000088400000|100%|HS|  |TAMS 0x0000000088400000, 0x0000000088400000| Complete 
| 132|0x0000000088400000, 0x0000000088500000, 0x0000000088500000|100%|HS|  |TAMS 0x0000000088500000, 0x0000000088500000| Complete 
| 133|0x0000000088500000, 0x0000000088600000, 0x0000000088600000|100%| O|  |TAMS 0x0000000088600000, 0x0000000088600000| Untracked 
| 134|0x0000000088600000, 0x0000000088700000, 0x0000000088700000|100%| O|  |TAMS 0x0000000088700000, 0x0000000088700000| Untracked 
| 135|0x0000000088700000, 0x0000000088800000, 0x0000000088800000|100%| O|  |TAMS 0x0000000088800000, 0x0000000088800000| Untracked 
| 136|0x0000000088800000, 0x0000000088900000, 0x0000000088900000|100%| O|  |TAMS 0x0000000088900000, 0x0000000088900000| Untracked 
| 137|0x0000000088900000, 0x0000000088a00000, 0x0000000088a00000|100%| O|  |TAMS 0x0000000088a00000, 0x0000000088a00000| Untracked 
| 138|0x0000000088a00000, 0x0000000088b00000, 0x0000000088b00000|100%| O|  |TAMS 0x0000000088b00000, 0x0000000088b00000| Untracked 
| 139|0x0000000088b00000, 0x0000000088c00000, 0x0000000088c00000|100%| O|  |TAMS 0x0000000088c00000, 0x0000000088c00000| Untracked 
| 140|0x0000000088c00000, 0x0000000088d00000, 0x0000000088d00000|100%| O|  |TAMS 0x0000000088d00000, 0x0000000088d00000| Untracked 
| 141|0x0000000088d00000, 0x0000000088e00000, 0x0000000088e00000|100%| O|  |TAMS 0x0000000088e00000, 0x0000000088e00000| Untracked 
| 142|0x0000000088e00000, 0x0000000088f00000, 0x0000000088f00000|100%| O|  |TAMS 0x0000000088f00000, 0x0000000088f00000| Untracked 
| 143|0x0000000088f00000, 0x0000000089000000, 0x0000000089000000|100%| O|  |TAMS 0x0000000089000000, 0x0000000089000000| Untracked 
| 144|0x0000000089000000, 0x0000000089100000, 0x0000000089100000|100%|HS|  |TAMS 0x0000000089100000, 0x0000000089100000| Complete 
| 145|0x0000000089100000, 0x0000000089200000, 0x0000000089200000|100%| O|  |TAMS 0x0000000089200000, 0x0000000089200000| Untracked 
| 146|0x0000000089200000, 0x0000000089300000, 0x0000000089300000|100%| O|  |TAMS 0x0000000089300000, 0x0000000089300000| Untracked 
| 147|0x0000000089300000, 0x0000000089400000, 0x0000000089400000|100%| O|  |TAMS 0x0000000089400000, 0x0000000089400000| Untracked 
| 148|0x0000000089400000, 0x0000000089500000, 0x0000000089500000|100%| O|  |TAMS 0x0000000089500000, 0x0000000089500000| Untracked 
| 149|0x0000000089500000, 0x0000000089600000, 0x0000000089600000|100%| O|  |TAMS 0x0000000089600000, 0x0000000089600000| Untracked 
| 150|0x0000000089600000, 0x0000000089700000, 0x0000000089700000|100%| O|  |TAMS 0x0000000089700000, 0x0000000089700000| Untracked 
| 151|0x0000000089700000, 0x0000000089800000, 0x0000000089800000|100%| O|  |TAMS 0x0000000089800000, 0x0000000089800000| Untracked 
| 152|0x0000000089800000, 0x0000000089900000, 0x0000000089900000|100%| O|  |TAMS 0x0000000089900000, 0x0000000089900000| Untracked 
| 153|0x0000000089900000, 0x0000000089a00000, 0x0000000089a00000|100%| O|  |TAMS 0x0000000089a00000, 0x0000000089a00000| Untracked 
| 154|0x0000000089a00000, 0x0000000089b00000, 0x0000000089b00000|100%| O|  |TAMS 0x0000000089b00000, 0x0000000089b00000| Untracked 
| 155|0x0000000089b00000, 0x0000000089c00000, 0x0000000089c00000|100%| O|  |TAMS 0x0000000089c00000, 0x0000000089c00000| Untracked 
| 156|0x0000000089c00000, 0x0000000089d00000, 0x0000000089d00000|100%| O|  |TAMS 0x0000000089d00000, 0x0000000089d00000| Untracked 
| 157|0x0000000089d00000, 0x0000000089e00000, 0x0000000089e00000|100%| O|  |TAMS 0x0000000089e00000, 0x0000000089e00000| Untracked 
| 158|0x0000000089e00000, 0x0000000089f00000, 0x0000000089f00000|100%| O|  |TAMS 0x0000000089f00000, 0x0000000089f00000| Untracked 
| 159|0x0000000089f00000, 0x000000008a000000, 0x000000008a000000|100%| O|  |TAMS 0x000000008a000000, 0x000000008a000000| Untracked 
| 160|0x000000008a000000, 0x000000008a100000, 0x000000008a100000|100%| O|  |TAMS 0x000000008a100000, 0x000000008a100000| Untracked 
| 161|0x000000008a100000, 0x000000008a200000, 0x000000008a200000|100%| O|  |TAMS 0x000000008a200000, 0x000000008a200000| Untracked 
| 162|0x000000008a200000, 0x000000008a300000, 0x000000008a300000|100%| O|  |TAMS 0x000000008a300000, 0x000000008a300000| Untracked 
| 163|0x000000008a300000, 0x000000008a400000, 0x000000008a400000|100%| O|  |TAMS 0x000000008a400000, 0x000000008a400000| Untracked 
| 164|0x000000008a400000, 0x000000008a500000, 0x000000008a500000|100%| O|  |TAMS 0x000000008a500000, 0x000000008a500000| Untracked 
| 165|0x000000008a500000, 0x000000008a600000, 0x000000008a600000|100%| O|  |TAMS 0x000000008a500000, 0x000000008a600000| Untracked 
| 166|0x000000008a600000, 0x000000008a700000, 0x000000008a700000|100%|HS|  |TAMS 0x000000008a700000, 0x000000008a700000| Complete 
| 167|0x000000008a700000, 0x000000008a800000, 0x000000008a800000|100%|HS|  |TAMS 0x000000008a800000, 0x000000008a800000| Complete 
| 168|0x000000008a800000, 0x000000008a900000, 0x000000008a900000|100%|HC|  |TAMS 0x000000008a900000, 0x000000008a900000| Complete 
| 169|0x000000008a900000, 0x000000008aa00000, 0x000000008aa00000|100%|HC|  |TAMS 0x000000008aa00000, 0x000000008aa00000| Complete 
| 170|0x000000008aa00000, 0x000000008ab00000, 0x000000008ab00000|100%|HS|  |TAMS 0x000000008ab00000, 0x000000008ab00000| Complete 
| 171|0x000000008ab00000, 0x000000008ac00000, 0x000000008ac00000|100%|HS|  |TAMS 0x000000008ac00000, 0x000000008ac00000| Complete 
| 172|0x000000008ac00000, 0x000000008ad00000, 0x000000008ad00000|100%|HC|  |TAMS 0x000000008ad00000, 0x000000008ad00000| Complete 
| 173|0x000000008ad00000, 0x000000008ae00000, 0x000000008ae00000|100%|HS|  |TAMS 0x000000008ae00000, 0x000000008ae00000| Complete 
| 174|0x000000008ae00000, 0x000000008af00000, 0x000000008af00000|100%|HS|  |TAMS 0x000000008af00000, 0x000000008af00000| Complete 
| 175|0x000000008af00000, 0x000000008b000000, 0x000000008b000000|100%|HC|  |TAMS 0x000000008b000000, 0x000000008b000000| Complete 
| 176|0x000000008b000000, 0x000000008b100000, 0x000000008b100000|100%|HC|  |TAMS 0x000000008b100000, 0x000000008b100000| Complete 
| 177|0x000000008b100000, 0x000000008b200000, 0x000000008b200000|100%|HC|  |TAMS 0x000000008b200000, 0x000000008b200000| Complete 
| 178|0x000000008b200000, 0x000000008b300000, 0x000000008b300000|100%| O|  |TAMS 0x000000008b300000, 0x000000008b300000| Untracked 
| 179|0x000000008b300000, 0x000000008b400000, 0x000000008b400000|100%| O|  |TAMS 0x000000008b400000, 0x000000008b400000| Untracked 
| 180|0x000000008b400000, 0x000000008b500000, 0x000000008b500000|100%| O|  |TAMS 0x000000008b500000, 0x000000008b500000| Untracked 
| 181|0x000000008b500000, 0x000000008b600000, 0x000000008b600000|100%| O|  |TAMS 0x000000008b500000, 0x000000008b600000| Untracked 
| 182|0x000000008b600000, 0x000000008b700000, 0x000000008b700000|100%| O|  |TAMS 0x000000008b700000, 0x000000008b700000| Untracked 
| 183|0x000000008b700000, 0x000000008b800000, 0x000000008b800000|100%| O|  |TAMS 0x000000008b800000, 0x000000008b800000| Untracked 
| 184|0x000000008b800000, 0x000000008b900000, 0x000000008b900000|100%| O|  |TAMS 0x000000008b900000, 0x000000008b900000| Untracked 
| 185|0x000000008b900000, 0x000000008ba00000, 0x000000008ba00000|100%| O|  |TAMS 0x000000008ba00000, 0x000000008ba00000| Untracked 
| 186|0x000000008ba00000, 0x000000008bb00000, 0x000000008bb00000|100%| O|  |TAMS 0x000000008bb00000, 0x000000008bb00000| Untracked 
| 187|0x000000008bb00000, 0x000000008bc00000, 0x000000008bc00000|100%| O|  |TAMS 0x000000008bc00000, 0x000000008bc00000| Untracked 
| 188|0x000000008bc00000, 0x000000008bd00000, 0x000000008bd00000|100%| O|  |TAMS 0x000000008bd00000, 0x000000008bd00000| Untracked 
| 189|0x000000008bd00000, 0x000000008be00000, 0x000000008be00000|100%| O|  |TAMS 0x000000008be00000, 0x000000008be00000| Untracked 
| 190|0x000000008be00000, 0x000000008bf00000, 0x000000008bf00000|100%| O|  |TAMS 0x000000008bf00000, 0x000000008bf00000| Untracked 
| 191|0x000000008bf00000, 0x000000008c000000, 0x000000008c000000|100%| O|  |TAMS 0x000000008c000000, 0x000000008c000000| Untracked 
| 192|0x000000008c000000, 0x000000008c100000, 0x000000008c100000|100%| O|  |TAMS 0x000000008c100000, 0x000000008c100000| Untracked 
| 193|0x000000008c100000, 0x000000008c200000, 0x000000008c200000|100%| O|  |TAMS 0x000000008c200000, 0x000000008c200000| Untracked 
| 194|0x000000008c200000, 0x000000008c300000, 0x000000008c300000|100%| O|  |TAMS 0x000000008c300000, 0x000000008c300000| Untracked 
| 195|0x000000008c300000, 0x000000008c400000, 0x000000008c400000|100%| O|  |TAMS 0x000000008c400000, 0x000000008c400000| Untracked 
| 196|0x000000008c400000, 0x000000008c500000, 0x000000008c500000|100%| O|  |TAMS 0x000000008c500000, 0x000000008c500000| Untracked 
| 197|0x000000008c500000, 0x000000008c600000, 0x000000008c600000|100%| O|  |TAMS 0x000000008c600000, 0x000000008c600000| Untracked 
| 198|0x000000008c600000, 0x000000008c700000, 0x000000008c700000|100%| O|  |TAMS 0x000000008c700000, 0x000000008c700000| Untracked 
| 199|0x000000008c700000, 0x000000008c800000, 0x000000008c800000|100%| O|  |TAMS 0x000000008c800000, 0x000000008c800000| Untracked 
| 200|0x000000008c800000, 0x000000008c900000, 0x000000008c900000|100%| O|  |TAMS 0x000000008c900000, 0x000000008c900000| Untracked 
| 201|0x000000008c900000, 0x000000008ca00000, 0x000000008ca00000|100%| O|  |TAMS 0x000000008ca00000, 0x000000008ca00000| Untracked 
| 202|0x000000008ca00000, 0x000000008cb00000, 0x000000008cb00000|100%| O|  |TAMS 0x000000008cb00000, 0x000000008cb00000| Untracked 
| 203|0x000000008cb00000, 0x000000008cc00000, 0x000000008cc00000|100%| O|  |TAMS 0x000000008cc00000, 0x000000008cc00000| Untracked 
| 204|0x000000008cc00000, 0x000000008cd00000, 0x000000008cd00000|100%| O|  |TAMS 0x000000008cd00000, 0x000000008cd00000| Untracked 
| 205|0x000000008cd00000, 0x000000008ce00000, 0x000000008ce00000|100%| O|  |TAMS 0x000000008ce00000, 0x000000008ce00000| Untracked 
| 206|0x000000008ce00000, 0x000000008cf00000, 0x000000008cf00000|100%| O|  |TAMS 0x000000008cf00000, 0x000000008cf00000| Untracked 
| 207|0x000000008cf00000, 0x000000008d000000, 0x000000008d000000|100%| O|  |TAMS 0x000000008d000000, 0x000000008d000000| Untracked 
| 208|0x000000008d000000, 0x000000008d100000, 0x000000008d100000|100%| O|  |TAMS 0x000000008d100000, 0x000000008d100000| Untracked 
| 209|0x000000008d100000, 0x000000008d200000, 0x000000008d200000|100%| O|  |TAMS 0x000000008d200000, 0x000000008d200000| Untracked 
| 210|0x000000008d200000, 0x000000008d300000, 0x000000008d300000|100%| O|  |TAMS 0x000000008d300000, 0x000000008d300000| Untracked 
| 211|0x000000008d300000, 0x000000008d400000, 0x000000008d400000|100%| O|  |TAMS 0x000000008d400000, 0x000000008d400000| Untracked 
| 212|0x000000008d400000, 0x000000008d500000, 0x000000008d500000|100%| O|  |TAMS 0x000000008d500000, 0x000000008d500000| Untracked 
| 213|0x000000008d500000, 0x000000008d600000, 0x000000008d600000|100%| O|  |TAMS 0x000000008d600000, 0x000000008d600000| Untracked 
| 214|0x000000008d600000, 0x000000008d700000, 0x000000008d700000|100%| O|  |TAMS 0x000000008d700000, 0x000000008d700000| Untracked 
| 215|0x000000008d700000, 0x000000008d800000, 0x000000008d800000|100%| O|  |TAMS 0x000000008d800000, 0x000000008d800000| Untracked 
| 216|0x000000008d800000, 0x000000008d900000, 0x000000008d900000|100%| O|  |TAMS 0x000000008d900000, 0x000000008d900000| Untracked 
| 217|0x000000008d900000, 0x000000008da00000, 0x000000008da00000|100%| O|  |TAMS 0x000000008da00000, 0x000000008da00000| Untracked 
| 218|0x000000008da00000, 0x000000008db00000, 0x000000008db00000|100%| O|  |TAMS 0x000000008db00000, 0x000000008db00000| Untracked 
| 219|0x000000008db00000, 0x000000008dc00000, 0x000000008dc00000|100%| O|  |TAMS 0x000000008dc00000, 0x000000008dc00000| Untracked 
| 220|0x000000008dc00000, 0x000000008dd00000, 0x000000008dd00000|100%| O|  |TAMS 0x000000008dd00000, 0x000000008dd00000| Untracked 
| 221|0x000000008dd00000, 0x000000008de00000, 0x000000008de00000|100%| O|  |TAMS 0x000000008de00000, 0x000000008de00000| Untracked 
| 222|0x000000008de00000, 0x000000008df00000, 0x000000008df00000|100%| O|  |TAMS 0x000000008df00000, 0x000000008df00000| Untracked 
| 223|0x000000008df00000, 0x000000008e000000, 0x000000008e000000|100%| O|  |TAMS 0x000000008e000000, 0x000000008e000000| Untracked 
| 224|0x000000008e000000, 0x000000008e100000, 0x000000008e100000|100%| O|  |TAMS 0x000000008e100000, 0x000000008e100000| Untracked 
| 225|0x000000008e100000, 0x000000008e200000, 0x000000008e200000|100%| O|  |TAMS 0x000000008e100000, 0x000000008e200000| Untracked 
| 226|0x000000008e200000, 0x000000008e300000, 0x000000008e300000|100%| O|  |TAMS 0x000000008e300000, 0x000000008e300000| Untracked 
| 227|0x000000008e300000, 0x000000008e400000, 0x000000008e400000|100%| O|  |TAMS 0x000000008e400000, 0x000000008e400000| Untracked 
| 228|0x000000008e400000, 0x000000008e500000, 0x000000008e500000|100%| O|  |TAMS 0x000000008e500000, 0x000000008e500000| Untracked 
| 229|0x000000008e500000, 0x000000008e600000, 0x000000008e600000|100%| O|  |TAMS 0x000000008e600000, 0x000000008e600000| Untracked 
| 230|0x000000008e600000, 0x000000008e700000, 0x000000008e700000|100%| O|  |TAMS 0x000000008e700000, 0x000000008e700000| Untracked 
| 231|0x000000008e700000, 0x000000008e800000, 0x000000008e800000|100%| O|  |TAMS 0x000000008e800000, 0x000000008e800000| Untracked 
| 232|0x000000008e800000, 0x000000008e900000, 0x000000008e900000|100%| O|  |TAMS 0x000000008e900000, 0x000000008e900000| Untracked 
| 233|0x000000008e900000, 0x000000008ea00000, 0x000000008ea00000|100%| O|  |TAMS 0x000000008ea00000, 0x000000008ea00000| Untracked 
| 234|0x000000008ea00000, 0x000000008eb00000, 0x000000008eb00000|100%| O|  |TAMS 0x000000008eb00000, 0x000000008eb00000| Untracked 
| 235|0x000000008eb00000, 0x000000008ec00000, 0x000000008ec00000|100%| O|  |TAMS 0x000000008ec00000, 0x000000008ec00000| Untracked 
| 236|0x000000008ec00000, 0x000000008ed00000, 0x000000008ed00000|100%| O|  |TAMS 0x000000008ed00000, 0x000000008ed00000| Untracked 
| 237|0x000000008ed00000, 0x000000008ee00000, 0x000000008ee00000|100%| O|  |TAMS 0x000000008ed00000, 0x000000008ee00000| Untracked 
| 238|0x000000008ee00000, 0x000000008ef00000, 0x000000008ef00000|100%| O|  |TAMS 0x000000008ee00000, 0x000000008ef00000| Untracked 
| 239|0x000000008ef00000, 0x000000008f000000, 0x000000008f000000|100%| O|  |TAMS 0x000000008ef00000, 0x000000008f000000| Untracked 
| 240|0x000000008f000000, 0x000000008f100000, 0x000000008f100000|100%| O|  |TAMS 0x000000008f000000, 0x000000008f100000| Untracked 
| 241|0x000000008f100000, 0x000000008f200000, 0x000000008f200000|100%| O|  |TAMS 0x000000008f100000, 0x000000008f200000| Untracked 
| 242|0x000000008f200000, 0x000000008f300000, 0x000000008f300000|100%| O|  |TAMS 0x000000008f200000, 0x000000008f300000| Untracked 
| 243|0x000000008f300000, 0x000000008f400000, 0x000000008f400000|100%| O|  |TAMS 0x000000008f300000, 0x000000008f400000| Untracked 
| 244|0x000000008f400000, 0x000000008f500000, 0x000000008f500000|100%| O|  |TAMS 0x000000008f400000, 0x000000008f500000| Untracked 
| 245|0x000000008f500000, 0x000000008f600000, 0x000000008f600000|100%| O|  |TAMS 0x000000008f500000, 0x000000008f600000| Untracked 
| 246|0x000000008f600000, 0x000000008f700000, 0x000000008f700000|100%| O|  |TAMS 0x000000008f600000, 0x000000008f700000| Untracked 
| 247|0x000000008f700000, 0x000000008f800000, 0x000000008f800000|100%| O|  |TAMS 0x000000008f700000, 0x000000008f800000| Untracked 
| 248|0x000000008f800000, 0x000000008f900000, 0x000000008f900000|100%| O|  |TAMS 0x000000008f800000, 0x000000008f900000| Untracked 
| 249|0x000000008f900000, 0x000000008fa00000, 0x000000008fa00000|100%| O|  |TAMS 0x000000008f900000, 0x000000008fa00000| Untracked 
| 250|0x000000008fa00000, 0x000000008fb00000, 0x000000008fb00000|100%| O|  |TAMS 0x000000008fa00000, 0x000000008fb00000| Untracked 
| 251|0x000000008fb00000, 0x000000008fc00000, 0x000000008fc00000|100%| O|  |TAMS 0x000000008fb00000, 0x000000008fc00000| Untracked 
| 252|0x000000008fc00000, 0x000000008fd00000, 0x000000008fd00000|100%| O|  |TAMS 0x000000008fc00000, 0x000000008fd00000| Untracked 
| 253|0x000000008fd00000, 0x000000008fe00000, 0x000000008fe00000|100%| O|  |TAMS 0x000000008fd00000, 0x000000008fe00000| Untracked 
| 254|0x000000008fe00000, 0x000000008ff00000, 0x000000008ff00000|100%|HS|  |TAMS 0x000000008fe00000, 0x000000008ff00000| Complete 
| 255|0x000000008ff00000, 0x0000000090000000, 0x0000000090000000|100%|HC|  |TAMS 0x000000008ff00000, 0x0000000090000000| Complete 
| 256|0x0000000090000000, 0x0000000090100000, 0x0000000090100000|100%|HS|  |TAMS 0x0000000090000000, 0x0000000090100000| Complete 
| 257|0x0000000090100000, 0x0000000090200000, 0x0000000090200000|100%|HC|  |TAMS 0x0000000090100000, 0x0000000090200000| Complete 
| 258|0x0000000090200000, 0x0000000090300000, 0x0000000090300000|100%| O|  |TAMS 0x0000000090200000, 0x0000000090300000| Untracked 
| 259|0x0000000090300000, 0x0000000090400000, 0x0000000090400000|100%| O|  |TAMS 0x0000000090300000, 0x0000000090400000| Untracked 
| 260|0x0000000090400000, 0x0000000090500000, 0x0000000090500000|100%| O|  |TAMS 0x0000000090400000, 0x0000000090500000| Untracked 
| 261|0x0000000090500000, 0x0000000090600000, 0x0000000090600000|100%| O|  |TAMS 0x0000000090500000, 0x0000000090600000| Untracked 
| 262|0x0000000090600000, 0x0000000090700000, 0x0000000090700000|100%| O|  |TAMS 0x0000000090600000, 0x0000000090700000| Untracked 
| 263|0x0000000090700000, 0x0000000090800000, 0x0000000090800000|100%| O|  |TAMS 0x0000000090700000, 0x0000000090800000| Untracked 
| 264|0x0000000090800000, 0x0000000090900000, 0x0000000090900000|100%| O|  |TAMS 0x0000000090800000, 0x0000000090900000| Untracked 
| 265|0x0000000090900000, 0x0000000090a00000, 0x0000000090a00000|100%| O|  |TAMS 0x0000000090900000, 0x0000000090a00000| Untracked 
| 266|0x0000000090a00000, 0x0000000090b00000, 0x0000000090b00000|100%| O|  |TAMS 0x0000000090a00000, 0x0000000090b00000| Untracked 
| 267|0x0000000090b00000, 0x0000000090c00000, 0x0000000090c00000|100%| O|  |TAMS 0x0000000090b00000, 0x0000000090c00000| Untracked 
| 268|0x0000000090c00000, 0x0000000090d00000, 0x0000000090d00000|100%| O|  |TAMS 0x0000000090c00000, 0x0000000090d00000| Untracked 
| 269|0x0000000090d00000, 0x0000000090e00000, 0x0000000090e00000|100%| O|  |TAMS 0x0000000090d00000, 0x0000000090e00000| Untracked 
| 270|0x0000000090e00000, 0x0000000090f00000, 0x0000000090f00000|100%| O|  |TAMS 0x0000000090e00000, 0x0000000090f00000| Untracked 
| 271|0x0000000090f00000, 0x0000000091000000, 0x0000000091000000|100%|HS|  |TAMS 0x0000000090f00000, 0x0000000091000000| Complete 
| 272|0x0000000091000000, 0x0000000091100000, 0x0000000091100000|100%|HS|  |TAMS 0x0000000091000000, 0x0000000091100000| Complete 
| 273|0x0000000091100000, 0x0000000091200000, 0x0000000091200000|100%|HS|  |TAMS 0x0000000091100000, 0x0000000091200000| Complete 
| 274|0x0000000091200000, 0x0000000091300000, 0x0000000091300000|100%|HC|  |TAMS 0x0000000091200000, 0x0000000091300000| Complete 
| 275|0x0000000091300000, 0x0000000091400000, 0x0000000091400000|100%| O|  |TAMS 0x0000000091300000, 0x0000000091400000| Untracked 
| 276|0x0000000091400000, 0x0000000091500000, 0x0000000091500000|100%| O|  |TAMS 0x0000000091400000, 0x0000000091500000| Untracked 
| 277|0x0000000091500000, 0x0000000091600000, 0x0000000091600000|100%| O|  |TAMS 0x0000000091500000, 0x0000000091600000| Untracked 
| 278|0x0000000091600000, 0x0000000091700000, 0x0000000091700000|100%| O|  |TAMS 0x0000000091600000, 0x0000000091700000| Untracked 
| 279|0x0000000091700000, 0x0000000091800000, 0x0000000091800000|100%| O|  |TAMS 0x0000000091700000, 0x0000000091800000| Untracked 
| 280|0x0000000091800000, 0x0000000091900000, 0x0000000091900000|100%| O|  |TAMS 0x0000000091800000, 0x0000000091900000| Untracked 
| 281|0x0000000091900000, 0x0000000091a00000, 0x0000000091a00000|100%| O|  |TAMS 0x0000000091900000, 0x0000000091a00000| Untracked 
| 282|0x0000000091a00000, 0x0000000091b00000, 0x0000000091b00000|100%| O|  |TAMS 0x0000000091a00000, 0x0000000091b00000| Untracked 
| 283|0x0000000091b00000, 0x0000000091c00000, 0x0000000091c00000|100%| O|  |TAMS 0x0000000091b00000, 0x0000000091c00000| Untracked 
| 284|0x0000000091c00000, 0x0000000091d00000, 0x0000000091d00000|100%| O|  |TAMS 0x0000000091c00000, 0x0000000091d00000| Untracked 
| 285|0x0000000091d00000, 0x0000000091e00000, 0x0000000091e00000|100%| O|  |TAMS 0x0000000091d00000, 0x0000000091e00000| Untracked 
| 286|0x0000000091e00000, 0x0000000091f00000, 0x0000000091f00000|100%| O|  |TAMS 0x0000000091e00000, 0x0000000091f00000| Untracked 
| 287|0x0000000091f00000, 0x0000000092000000, 0x0000000092000000|100%| O|  |TAMS 0x0000000091f00000, 0x0000000092000000| Untracked 
| 288|0x0000000092000000, 0x0000000092100000, 0x0000000092100000|100%| O|  |TAMS 0x0000000092000000, 0x0000000092100000| Untracked 
| 289|0x0000000092100000, 0x0000000092200000, 0x0000000092200000|100%| O|  |TAMS 0x0000000092100000, 0x0000000092200000| Untracked 
| 290|0x0000000092200000, 0x0000000092300000, 0x0000000092300000|100%| O|  |TAMS 0x0000000092200000, 0x0000000092300000| Untracked 
| 291|0x0000000092300000, 0x0000000092400000, 0x0000000092400000|100%| O|  |TAMS 0x0000000092300000, 0x0000000092400000| Untracked 
| 292|0x0000000092400000, 0x0000000092500000, 0x0000000092500000|100%| O|  |TAMS 0x0000000092400000, 0x0000000092500000| Untracked 
| 293|0x0000000092500000, 0x0000000092600000, 0x0000000092600000|100%| O|  |TAMS 0x0000000092500000, 0x0000000092600000| Untracked 
| 294|0x0000000092600000, 0x0000000092700000, 0x0000000092700000|100%|HS|  |TAMS 0x0000000092600000, 0x0000000092700000| Complete 
| 295|0x0000000092700000, 0x0000000092800000, 0x0000000092800000|100%|HC|  |TAMS 0x0000000092700000, 0x0000000092800000| Complete 
| 296|0x0000000092800000, 0x0000000092900000, 0x0000000092900000|100%|HS|  |TAMS 0x0000000092800000, 0x0000000092900000| Complete 
| 297|0x0000000092900000, 0x0000000092a00000, 0x0000000092a00000|100%|HS|  |TAMS 0x0000000092900000, 0x0000000092a00000| Complete 
| 298|0x0000000092a00000, 0x0000000092b00000, 0x0000000092b00000|100%|HC|  |TAMS 0x0000000092a00000, 0x0000000092b00000| Complete 
| 299|0x0000000092b00000, 0x0000000092c00000, 0x0000000092c00000|100%|HS|  |TAMS 0x0000000092b00000, 0x0000000092c00000| Complete 
| 300|0x0000000092c00000, 0x0000000092d00000, 0x0000000092d00000|100%| O|  |TAMS 0x0000000092c00000, 0x0000000092d00000| Untracked 
| 301|0x0000000092d00000, 0x0000000092e00000, 0x0000000092e00000|100%| O|  |TAMS 0x0000000092d00000, 0x0000000092e00000| Untracked 
| 302|0x0000000092e00000, 0x0000000092f00000, 0x0000000092f00000|100%| O|  |TAMS 0x0000000092e00000, 0x0000000092f00000| Untracked 
| 303|0x0000000092f00000, 0x0000000093000000, 0x0000000093000000|100%| O|  |TAMS 0x0000000092f00000, 0x0000000093000000| Untracked 
| 304|0x0000000093000000, 0x0000000093100000, 0x0000000093100000|100%| O|  |TAMS 0x0000000093000000, 0x0000000093100000| Untracked 
| 305|0x0000000093100000, 0x0000000093200000, 0x0000000093200000|100%| O|  |TAMS 0x0000000093100000, 0x0000000093200000| Untracked 
| 306|0x0000000093200000, 0x0000000093300000, 0x0000000093300000|100%| O|  |TAMS 0x0000000093200000, 0x0000000093300000| Untracked 
| 307|0x0000000093300000, 0x0000000093400000, 0x0000000093400000|100%| O|  |TAMS 0x0000000093300000, 0x0000000093400000| Untracked 
| 308|0x0000000093400000, 0x0000000093500000, 0x0000000093500000|100%| O|  |TAMS 0x0000000093400000, 0x0000000093500000| Untracked 
| 309|0x0000000093500000, 0x0000000093600000, 0x0000000093600000|100%| O|  |TAMS 0x0000000093500000, 0x0000000093600000| Untracked 
| 310|0x0000000093600000, 0x0000000093700000, 0x0000000093700000|100%| O|  |TAMS 0x0000000093600000, 0x0000000093700000| Untracked 
| 311|0x0000000093700000, 0x0000000093800000, 0x0000000093800000|100%| O|  |TAMS 0x0000000093700000, 0x0000000093800000| Untracked 
| 312|0x0000000093800000, 0x0000000093900000, 0x0000000093900000|100%|HS|  |TAMS 0x0000000093800000, 0x0000000093900000| Complete 
| 313|0x0000000093900000, 0x0000000093a00000, 0x0000000093a00000|100%|HC|  |TAMS 0x0000000093900000, 0x0000000093a00000| Complete 
| 314|0x0000000093a00000, 0x0000000093b00000, 0x0000000093b00000|100%|HC|  |TAMS 0x0000000093a00000, 0x0000000093b00000| Complete 
| 315|0x0000000093b00000, 0x0000000093c00000, 0x0000000093c00000|100%|HS|  |TAMS 0x0000000093b00000, 0x0000000093c00000| Complete 
| 316|0x0000000093c00000, 0x0000000093d00000, 0x0000000093d00000|100%|HS|  |TAMS 0x0000000093c00000, 0x0000000093d00000| Complete 
| 317|0x0000000093d00000, 0x0000000093e00000, 0x0000000093e00000|100%|HC|  |TAMS 0x0000000093d00000, 0x0000000093e00000| Complete 
| 318|0x0000000093e00000, 0x0000000093f00000, 0x0000000093f00000|100%| O|  |TAMS 0x0000000093e00000, 0x0000000093f00000| Untracked 
| 319|0x0000000093f00000, 0x0000000094000000, 0x0000000094000000|100%|HS|  |TAMS 0x0000000093f00000, 0x0000000094000000| Complete 
| 320|0x0000000094000000, 0x0000000094100000, 0x0000000094100000|100%|HS|  |TAMS 0x0000000094000000, 0x0000000094100000| Complete 
| 321|0x0000000094100000, 0x0000000094200000, 0x0000000094200000|100%|HC|  |TAMS 0x0000000094100000, 0x0000000094200000| Complete 
| 322|0x0000000094200000, 0x0000000094300000, 0x0000000094300000|100%|HS|  |TAMS 0x0000000094200000, 0x0000000094300000| Complete 
| 323|0x0000000094300000, 0x0000000094400000, 0x0000000094400000|100%|HS|  |TAMS 0x0000000094300000, 0x0000000094400000| Complete 
| 324|0x0000000094400000, 0x0000000094500000, 0x0000000094500000|100%|HC|  |TAMS 0x0000000094400000, 0x0000000094500000| Complete 
| 325|0x0000000094500000, 0x0000000094600000, 0x0000000094600000|100%| O|  |TAMS 0x0000000094500000, 0x0000000094600000| Untracked 
| 326|0x0000000094600000, 0x0000000094700000, 0x0000000094700000|100%|HS|  |TAMS 0x0000000094600000, 0x0000000094700000| Complete 
| 327|0x0000000094700000, 0x0000000094800000, 0x0000000094800000|100%|HS|  |TAMS 0x0000000094700000, 0x0000000094800000| Complete 
| 328|0x0000000094800000, 0x0000000094900000, 0x0000000094900000|100%|HS|  |TAMS 0x0000000094800000, 0x0000000094900000| Complete 
| 329|0x0000000094900000, 0x0000000094a00000, 0x0000000094a00000|100%|HC|  |TAMS 0x0000000094900000, 0x0000000094a00000| Complete 
| 330|0x0000000094a00000, 0x0000000094b00000, 0x0000000094b00000|100%|HS|  |TAMS 0x0000000094a00000, 0x0000000094b00000| Complete 
| 331|0x0000000094b00000, 0x0000000094c00000, 0x0000000094c00000|100%|HC|  |TAMS 0x0000000094b00000, 0x0000000094c00000| Complete 
| 332|0x0000000094c00000, 0x0000000094d00000, 0x0000000094d00000|100%|HS|  |TAMS 0x0000000094c00000, 0x0000000094d00000| Complete 
| 333|0x0000000094d00000, 0x0000000094e00000, 0x0000000094e00000|100%|HC|  |TAMS 0x0000000094d00000, 0x0000000094e00000| Complete 
| 334|0x0000000094e00000, 0x0000000094f00000, 0x0000000094f00000|100%| O|  |TAMS 0x0000000094e00000, 0x0000000094f00000| Untracked 
| 335|0x0000000094f00000, 0x0000000095000000, 0x0000000095000000|100%| O|  |TAMS 0x0000000094f00000, 0x0000000095000000| Untracked 
| 336|0x0000000095000000, 0x0000000095100000, 0x0000000095100000|100%| O|  |TAMS 0x0000000095000000, 0x0000000095100000| Untracked 
| 337|0x0000000095100000, 0x0000000095200000, 0x0000000095200000|100%| O|  |TAMS 0x0000000095100000, 0x0000000095200000| Untracked 
| 338|0x0000000095200000, 0x0000000095300000, 0x0000000095300000|100%| O|  |TAMS 0x0000000095200000, 0x0000000095300000| Untracked 
| 339|0x0000000095300000, 0x0000000095400000, 0x0000000095400000|100%| O|  |TAMS 0x0000000095300000, 0x0000000095400000| Untracked 
| 340|0x0000000095400000, 0x0000000095500000, 0x0000000095500000|100%|HS|  |TAMS 0x0000000095400000, 0x0000000095500000| Complete 
| 341|0x0000000095500000, 0x0000000095600000, 0x0000000095600000|100%|HC|  |TAMS 0x0000000095500000, 0x0000000095600000| Complete 
| 342|0x0000000095600000, 0x0000000095700000, 0x0000000095700000|100%| O|  |TAMS 0x0000000095600000, 0x0000000095700000| Untracked 
| 343|0x0000000095700000, 0x0000000095800000, 0x0000000095800000|100%| O|  |TAMS 0x0000000095700000, 0x0000000095800000| Untracked 
| 344|0x0000000095800000, 0x0000000095900000, 0x0000000095900000|100%| O|  |TAMS 0x0000000095800000, 0x0000000095900000| Untracked 
| 345|0x0000000095900000, 0x0000000095a00000, 0x0000000095a00000|100%| O|  |TAMS 0x0000000095900000, 0x0000000095a00000| Untracked 
| 346|0x0000000095a00000, 0x0000000095b00000, 0x0000000095b00000|100%| O|  |TAMS 0x0000000095a00000, 0x0000000095b00000| Untracked 
| 347|0x0000000095b00000, 0x0000000095c00000, 0x0000000095c00000|100%|HS|  |TAMS 0x0000000095b00000, 0x0000000095c00000| Complete 
| 348|0x0000000095c00000, 0x0000000095d00000, 0x0000000095d00000|100%|HC|  |TAMS 0x0000000095c00000, 0x0000000095d00000| Complete 
| 349|0x0000000095d00000, 0x0000000095e00000, 0x0000000095e00000|100%|HC|  |TAMS 0x0000000095d00000, 0x0000000095e00000| Complete 
| 350|0x0000000095e00000, 0x0000000095f00000, 0x0000000095f00000|100%| O|  |TAMS 0x0000000095e00000, 0x0000000095f00000| Untracked 
| 351|0x0000000095f00000, 0x0000000096000000, 0x0000000096000000|100%|HS|  |TAMS 0x0000000095f00000, 0x0000000096000000| Complete 
| 352|0x0000000096000000, 0x0000000096100000, 0x0000000096100000|100%| O|  |TAMS 0x0000000096000000, 0x0000000096100000| Untracked 
| 353|0x0000000096100000, 0x0000000096200000, 0x0000000096200000|100%| O|  |TAMS 0x0000000096100000, 0x0000000096200000| Untracked 
| 354|0x0000000096200000, 0x0000000096300000, 0x0000000096300000|100%| O|  |TAMS 0x0000000096200000, 0x0000000096300000| Untracked 
| 355|0x0000000096300000, 0x0000000096400000, 0x0000000096400000|100%|HS|  |TAMS 0x0000000096300000, 0x0000000096400000| Complete 
| 356|0x0000000096400000, 0x0000000096500000, 0x0000000096500000|100%|HC|  |TAMS 0x0000000096400000, 0x0000000096500000| Complete 
| 357|0x0000000096500000, 0x0000000096600000, 0x0000000096600000|100%|HS|  |TAMS 0x0000000096500000, 0x0000000096600000| Complete 
| 358|0x0000000096600000, 0x0000000096700000, 0x0000000096700000|100%|HS|  |TAMS 0x0000000096600000, 0x0000000096700000| Complete 
| 359|0x0000000096700000, 0x0000000096800000, 0x0000000096800000|100%| O|  |TAMS 0x0000000096700000, 0x0000000096800000| Untracked 
| 360|0x0000000096800000, 0x0000000096900000, 0x0000000096900000|100%| O|  |TAMS 0x0000000096800000, 0x0000000096900000| Untracked 
| 361|0x0000000096900000, 0x0000000096a00000, 0x0000000096a00000|100%| O|  |TAMS 0x0000000096900000, 0x0000000096a00000| Untracked 
| 362|0x0000000096a00000, 0x0000000096b00000, 0x0000000096b00000|100%| O|  |TAMS 0x0000000096a00000, 0x0000000096b00000| Untracked 
| 363|0x0000000096b00000, 0x0000000096c00000, 0x0000000096c00000|100%| O|  |TAMS 0x0000000096b00000, 0x0000000096c00000| Untracked 
| 364|0x0000000096c00000, 0x0000000096d00000, 0x0000000096d00000|100%| O|  |TAMS 0x0000000096c00000, 0x0000000096d00000| Untracked 
| 365|0x0000000096d00000, 0x0000000096e00000, 0x0000000096e00000|100%| O|  |TAMS 0x0000000096d00000, 0x0000000096e00000| Untracked 
| 366|0x0000000096e00000, 0x0000000096f00000, 0x0000000096f00000|100%| O|  |TAMS 0x0000000096e00000, 0x0000000096f00000| Untracked 
| 367|0x0000000096f00000, 0x0000000097000000, 0x0000000097000000|100%| O|  |TAMS 0x0000000096f00000, 0x0000000097000000| Untracked 
| 368|0x0000000097000000, 0x0000000097100000, 0x0000000097100000|100%| O|  |TAMS 0x0000000097000000, 0x0000000097100000| Untracked 
| 369|0x0000000097100000, 0x0000000097200000, 0x0000000097200000|100%| O|  |TAMS 0x0000000097100000, 0x0000000097200000| Untracked 
| 370|0x0000000097200000, 0x0000000097300000, 0x0000000097300000|100%| O|  |TAMS 0x0000000097200000, 0x0000000097300000| Untracked 
| 371|0x0000000097300000, 0x0000000097400000, 0x0000000097400000|100%| O|  |TAMS 0x0000000097300000, 0x0000000097400000| Untracked 
| 372|0x0000000097400000, 0x0000000097500000, 0x0000000097500000|100%| O|  |TAMS 0x0000000097400000, 0x0000000097500000| Untracked 
| 373|0x0000000097500000, 0x0000000097600000, 0x0000000097600000|100%| O|  |TAMS 0x0000000097500000, 0x0000000097600000| Untracked 
| 374|0x0000000097600000, 0x0000000097700000, 0x0000000097700000|100%| O|  |TAMS 0x0000000097600000, 0x0000000097700000| Untracked 
| 375|0x0000000097700000, 0x0000000097800000, 0x0000000097800000|100%| O|  |TAMS 0x0000000097700000, 0x0000000097800000| Untracked 
| 376|0x0000000097800000, 0x0000000097900000, 0x0000000097900000|100%| O|  |TAMS 0x0000000097800000, 0x0000000097900000| Untracked 
| 377|0x0000000097900000, 0x0000000097a00000, 0x0000000097a00000|100%| O|  |TAMS 0x0000000097900000, 0x0000000097a00000| Untracked 
| 378|0x0000000097a00000, 0x0000000097b00000, 0x0000000097b00000|100%| O|  |TAMS 0x0000000097a00000, 0x0000000097b00000| Untracked 
| 379|0x0000000097b00000, 0x0000000097c00000, 0x0000000097c00000|100%| O|  |TAMS 0x0000000097b00000, 0x0000000097c00000| Untracked 
| 380|0x0000000097c00000, 0x0000000097d00000, 0x0000000097d00000|100%| O|  |TAMS 0x0000000097c00000, 0x0000000097d00000| Untracked 
| 381|0x0000000097d00000, 0x0000000097e00000, 0x0000000097e00000|100%| O|  |TAMS 0x0000000097d00000, 0x0000000097e00000| Untracked 
| 382|0x0000000097e00000, 0x0000000097f00000, 0x0000000097f00000|100%| O|  |TAMS 0x0000000097e00000, 0x0000000097f00000| Untracked 
| 383|0x0000000097f00000, 0x0000000098000000, 0x0000000098000000|100%| O|  |TAMS 0x0000000097f00000, 0x0000000098000000| Untracked 
| 384|0x0000000098000000, 0x0000000098100000, 0x0000000098100000|100%| O|  |TAMS 0x0000000098000000, 0x0000000098100000| Untracked 
| 385|0x0000000098100000, 0x0000000098200000, 0x0000000098200000|100%| O|  |TAMS 0x0000000098100000, 0x0000000098200000| Untracked 
| 386|0x0000000098200000, 0x0000000098300000, 0x0000000098300000|100%| O|  |TAMS 0x0000000098200000, 0x0000000098300000| Untracked 
| 387|0x0000000098300000, 0x0000000098400000, 0x0000000098400000|100%| O|  |TAMS 0x0000000098300000, 0x0000000098400000| Untracked 
| 388|0x0000000098400000, 0x0000000098500000, 0x0000000098500000|100%| O|  |TAMS 0x0000000098400000, 0x0000000098500000| Untracked 
| 389|0x0000000098500000, 0x0000000098600000, 0x0000000098600000|100%| O|  |TAMS 0x0000000098500000, 0x0000000098600000| Untracked 
| 390|0x0000000098600000, 0x0000000098700000, 0x0000000098700000|100%| O|  |TAMS 0x0000000098600000, 0x0000000098700000| Untracked 
| 391|0x0000000098700000, 0x0000000098800000, 0x0000000098800000|100%| O|  |TAMS 0x0000000098700000, 0x0000000098800000| Untracked 
| 392|0x0000000098800000, 0x0000000098900000, 0x0000000098900000|100%| O|  |TAMS 0x0000000098800000, 0x0000000098900000| Untracked 
| 393|0x0000000098900000, 0x0000000098a00000, 0x0000000098a00000|100%| O|  |TAMS 0x0000000098900000, 0x0000000098a00000| Untracked 
| 394|0x0000000098a00000, 0x0000000098b00000, 0x0000000098b00000|100%| O|  |TAMS 0x0000000098a00000, 0x0000000098b00000| Untracked 
| 395|0x0000000098b00000, 0x0000000098c00000, 0x0000000098c00000|100%| O|  |TAMS 0x0000000098b00000, 0x0000000098c00000| Untracked 
| 396|0x0000000098c00000, 0x0000000098d00000, 0x0000000098d00000|100%| O|  |TAMS 0x0000000098c00000, 0x0000000098d00000| Untracked 
| 397|0x0000000098d00000, 0x0000000098e00000, 0x0000000098e00000|100%| O|  |TAMS 0x0000000098d00000, 0x0000000098e00000| Untracked 
| 398|0x0000000098e00000, 0x0000000098f00000, 0x0000000098f00000|100%| O|  |TAMS 0x0000000098e00000, 0x0000000098f00000| Untracked 
| 399|0x0000000098f00000, 0x0000000099000000, 0x0000000099000000|100%| O|  |TAMS 0x0000000098f00000, 0x0000000099000000| Untracked 
| 400|0x0000000099000000, 0x0000000099100000, 0x0000000099100000|100%| O|  |TAMS 0x0000000099000000, 0x0000000099100000| Untracked 
| 401|0x0000000099100000, 0x0000000099200000, 0x0000000099200000|100%| O|  |TAMS 0x0000000099100000, 0x0000000099200000| Untracked 
| 402|0x0000000099200000, 0x0000000099300000, 0x0000000099300000|100%| O|  |TAMS 0x0000000099200000, 0x0000000099300000| Untracked 
| 403|0x0000000099300000, 0x0000000099400000, 0x0000000099400000|100%| O|  |TAMS 0x0000000099300000, 0x0000000099400000| Untracked 
| 404|0x0000000099400000, 0x0000000099500000, 0x0000000099500000|100%| O|  |TAMS 0x0000000099400000, 0x0000000099500000| Untracked 
| 405|0x0000000099500000, 0x0000000099600000, 0x0000000099600000|100%| O|  |TAMS 0x0000000099500000, 0x0000000099600000| Untracked 
| 406|0x0000000099600000, 0x0000000099700000, 0x0000000099700000|100%| O|  |TAMS 0x0000000099600000, 0x0000000099700000| Untracked 
| 407|0x0000000099700000, 0x0000000099800000, 0x0000000099800000|100%| O|  |TAMS 0x0000000099700000, 0x0000000099800000| Untracked 
| 408|0x0000000099800000, 0x0000000099900000, 0x0000000099900000|100%| O|  |TAMS 0x0000000099800000, 0x0000000099900000| Untracked 
| 409|0x0000000099900000, 0x0000000099a00000, 0x0000000099a00000|100%| O|  |TAMS 0x0000000099900000, 0x0000000099a00000| Untracked 
| 410|0x0000000099a00000, 0x0000000099b00000, 0x0000000099b00000|100%| O|  |TAMS 0x0000000099a00000, 0x0000000099b00000| Untracked 
| 411|0x0000000099b00000, 0x0000000099c00000, 0x0000000099c00000|100%| O|  |TAMS 0x0000000099b00000, 0x0000000099c00000| Untracked 
| 412|0x0000000099c00000, 0x0000000099d00000, 0x0000000099d00000|100%| O|  |TAMS 0x0000000099c00000, 0x0000000099d00000| Untracked 
| 413|0x0000000099d00000, 0x0000000099e00000, 0x0000000099e00000|100%| O|  |TAMS 0x0000000099d00000, 0x0000000099e00000| Untracked 
| 414|0x0000000099e00000, 0x0000000099f00000, 0x0000000099f00000|100%| O|  |TAMS 0x0000000099e00000, 0x0000000099f00000| Untracked 
| 415|0x0000000099f00000, 0x000000009a000000, 0x000000009a000000|100%| O|  |TAMS 0x0000000099f00000, 0x000000009a000000| Untracked 
| 416|0x000000009a000000, 0x000000009a100000, 0x000000009a100000|100%| O|  |TAMS 0x000000009a000000, 0x000000009a100000| Untracked 
| 417|0x000000009a100000, 0x000000009a200000, 0x000000009a200000|100%| O|  |TAMS 0x000000009a100000, 0x000000009a200000| Untracked 
| 418|0x000000009a200000, 0x000000009a300000, 0x000000009a300000|100%| O|  |TAMS 0x000000009a200000, 0x000000009a300000| Untracked 
| 419|0x000000009a300000, 0x000000009a400000, 0x000000009a400000|100%| O|  |TAMS 0x000000009a300000, 0x000000009a400000| Untracked 
| 420|0x000000009a400000, 0x000000009a500000, 0x000000009a500000|100%| O|  |TAMS 0x000000009a400000, 0x000000009a500000| Untracked 
| 421|0x000000009a500000, 0x000000009a600000, 0x000000009a600000|100%| O|  |TAMS 0x000000009a500000, 0x000000009a600000| Untracked 
| 422|0x000000009a600000, 0x000000009a700000, 0x000000009a700000|100%| O|  |TAMS 0x000000009a600000, 0x000000009a700000| Untracked 
| 423|0x000000009a700000, 0x000000009a800000, 0x000000009a800000|100%| O|  |TAMS 0x000000009a700000, 0x000000009a800000| Untracked 
| 424|0x000000009a800000, 0x000000009a900000, 0x000000009a900000|100%| O|  |TAMS 0x000000009a800000, 0x000000009a900000| Untracked 
| 425|0x000000009a900000, 0x000000009aa00000, 0x000000009aa00000|100%| O|  |TAMS 0x000000009a900000, 0x000000009aa00000| Untracked 
| 426|0x000000009aa00000, 0x000000009ab00000, 0x000000009ab00000|100%| O|  |TAMS 0x000000009aa00000, 0x000000009ab00000| Untracked 
| 427|0x000000009ab00000, 0x000000009ac00000, 0x000000009ac00000|100%| O|  |TAMS 0x000000009ab00000, 0x000000009ac00000| Untracked 
| 428|0x000000009ac00000, 0x000000009ad00000, 0x000000009ad00000|100%| O|  |TAMS 0x000000009ac00000, 0x000000009ad00000| Untracked 
| 429|0x000000009ad00000, 0x000000009ae00000, 0x000000009ae00000|100%| O|  |TAMS 0x000000009ad00000, 0x000000009ae00000| Untracked 
| 430|0x000000009ae00000, 0x000000009af00000, 0x000000009af00000|100%| O|  |TAMS 0x000000009ae00000, 0x000000009af00000| Untracked 
| 431|0x000000009af00000, 0x000000009b000000, 0x000000009b000000|100%| O|  |TAMS 0x000000009af00000, 0x000000009b000000| Untracked 
| 432|0x000000009b000000, 0x000000009b100000, 0x000000009b100000|100%| O|  |TAMS 0x000000009b000000, 0x000000009b100000| Untracked 
| 433|0x000000009b100000, 0x000000009b200000, 0x000000009b200000|100%| O|  |TAMS 0x000000009b100000, 0x000000009b200000| Untracked 
| 434|0x000000009b200000, 0x000000009b300000, 0x000000009b300000|100%| O|  |TAMS 0x000000009b200000, 0x000000009b300000| Untracked 
| 435|0x000000009b300000, 0x000000009b400000, 0x000000009b400000|100%| O|  |TAMS 0x000000009b300000, 0x000000009b400000| Untracked 
| 436|0x000000009b400000, 0x000000009b500000, 0x000000009b500000|100%| O|  |TAMS 0x000000009b400000, 0x000000009b400000| Untracked 
| 437|0x000000009b500000, 0x000000009b600000, 0x000000009b600000|100%| O|  |TAMS 0x000000009b500000, 0x000000009b500000| Untracked 
| 438|0x000000009b600000, 0x000000009b700000, 0x000000009b700000|100%| O|  |TAMS 0x000000009b600000, 0x000000009b600000| Untracked 
| 439|0x000000009b700000, 0x000000009b800000, 0x000000009b800000|100%| O|  |TAMS 0x000000009b700000, 0x000000009b700000| Untracked 
| 440|0x000000009b800000, 0x000000009b900000, 0x000000009b900000|100%| O|  |TAMS 0x000000009b800000, 0x000000009b800000| Untracked 
| 441|0x000000009b900000, 0x000000009ba00000, 0x000000009ba00000|100%| O|  |TAMS 0x000000009b900000, 0x000000009b900000| Untracked 
| 442|0x000000009ba00000, 0x000000009bb00000, 0x000000009bb00000|100%| O|  |TAMS 0x000000009ba00000, 0x000000009ba00000| Untracked 
| 443|0x000000009bb00000, 0x000000009bc00000, 0x000000009bc00000|100%| O|  |TAMS 0x000000009bb00000, 0x000000009bb00000| Untracked 
| 444|0x000000009bc00000, 0x000000009bd00000, 0x000000009bd00000|100%| O|  |TAMS 0x000000009bc00000, 0x000000009bc00000| Untracked 
| 445|0x000000009bd00000, 0x000000009be00000, 0x000000009be00000|100%| O|  |TAMS 0x000000009bd00000, 0x000000009bd00000| Untracked 
| 446|0x000000009be00000, 0x000000009bf00000, 0x000000009bf00000|100%| O|  |TAMS 0x000000009be00000, 0x000000009be00000| Untracked 
| 447|0x000000009bf00000, 0x000000009c000000, 0x000000009c000000|100%| O|  |TAMS 0x000000009bf00000, 0x000000009bf00000| Untracked 
| 448|0x000000009c000000, 0x000000009c100000, 0x000000009c100000|100%| O|  |TAMS 0x000000009c000000, 0x000000009c000000| Untracked 
| 449|0x000000009c100000, 0x000000009c200000, 0x000000009c200000|100%| O|  |TAMS 0x000000009c100000, 0x000000009c100000| Untracked 
| 450|0x000000009c200000, 0x000000009c300000, 0x000000009c300000|100%| O|  |TAMS 0x000000009c200000, 0x000000009c200000| Untracked 
| 451|0x000000009c300000, 0x000000009c400000, 0x000000009c400000|100%| O|  |TAMS 0x000000009c300000, 0x000000009c300000| Untracked 
| 452|0x000000009c400000, 0x000000009c500000, 0x000000009c500000|100%| O|  |TAMS 0x000000009c400000, 0x000000009c400000| Untracked 
| 453|0x000000009c500000, 0x000000009c600000, 0x000000009c600000|100%| O|  |TAMS 0x000000009c500000, 0x000000009c500000| Untracked 
| 454|0x000000009c600000, 0x000000009c700000, 0x000000009c700000|100%| O|  |TAMS 0x000000009c600000, 0x000000009c600000| Untracked 
| 455|0x000000009c700000, 0x000000009c800000, 0x000000009c800000|100%| O|  |TAMS 0x000000009c700000, 0x000000009c700000| Untracked 
| 456|0x000000009c800000, 0x000000009c900000, 0x000000009c900000|100%| O|  |TAMS 0x000000009c800000, 0x000000009c800000| Untracked 
| 457|0x000000009c900000, 0x000000009ca00000, 0x000000009ca00000|100%| O|  |TAMS 0x000000009c900000, 0x000000009c900000| Untracked 
| 458|0x000000009ca00000, 0x000000009cb00000, 0x000000009cb00000|100%| O|  |TAMS 0x000000009ca00000, 0x000000009ca00000| Untracked 
| 459|0x000000009cb00000, 0x000000009cc00000, 0x000000009cc00000|100%| O|  |TAMS 0x000000009cb00000, 0x000000009cb00000| Untracked 
| 460|0x000000009cc00000, 0x000000009cd00000, 0x000000009cd00000|100%| O|  |TAMS 0x000000009cc00000, 0x000000009cc00000| Untracked 
| 461|0x000000009cd00000, 0x000000009cd00000, 0x000000009ce00000|  0%| F|  |TAMS 0x000000009cd00000, 0x000000009cd00000| Untracked 
| 462|0x000000009ce00000, 0x000000009ce00000, 0x000000009cf00000|  0%| F|  |TAMS 0x000000009ce00000, 0x000000009ce00000| Untracked 
| 463|0x000000009cf00000, 0x000000009cf00000, 0x000000009d000000|  0%| F|  |TAMS 0x000000009cf00000, 0x000000009cf00000| Untracked 
| 464|0x000000009d000000, 0x000000009d000000, 0x000000009d100000|  0%| F|  |TAMS 0x000000009d000000, 0x000000009d000000| Untracked 
| 465|0x000000009d100000, 0x000000009d100000, 0x000000009d200000|  0%| F|  |TAMS 0x000000009d100000, 0x000000009d100000| Untracked 
| 466|0x000000009d200000, 0x000000009d200000, 0x000000009d300000|  0%| F|  |TAMS 0x000000009d200000, 0x000000009d200000| Untracked 
| 467|0x000000009d300000, 0x000000009d300000, 0x000000009d400000|  0%| F|  |TAMS 0x000000009d300000, 0x000000009d300000| Untracked 
| 468|0x000000009d400000, 0x000000009d400000, 0x000000009d500000|  0%| F|  |TAMS 0x000000009d400000, 0x000000009d400000| Untracked 
| 469|0x000000009d500000, 0x000000009d500000, 0x000000009d600000|  0%| F|  |TAMS 0x000000009d500000, 0x000000009d500000| Untracked 
| 470|0x000000009d600000, 0x000000009d600000, 0x000000009d700000|  0%| F|  |TAMS 0x000000009d600000, 0x000000009d600000| Untracked 
| 471|0x000000009d700000, 0x000000009d700000, 0x000000009d800000|  0%| F|  |TAMS 0x000000009d700000, 0x000000009d700000| Untracked 
| 472|0x000000009d800000, 0x000000009d800000, 0x000000009d900000|  0%| F|  |TAMS 0x000000009d800000, 0x000000009d800000| Untracked 
| 473|0x000000009d900000, 0x000000009d900000, 0x000000009da00000|  0%| F|  |TAMS 0x000000009d900000, 0x000000009d900000| Untracked 
| 474|0x000000009da00000, 0x000000009da00000, 0x000000009db00000|  0%| F|  |TAMS 0x000000009da00000, 0x000000009da00000| Untracked 
| 475|0x000000009db00000, 0x000000009db00000, 0x000000009dc00000|  0%| F|  |TAMS 0x000000009db00000, 0x000000009db00000| Untracked 
| 476|0x000000009dc00000, 0x000000009dc00000, 0x000000009dd00000|  0%| F|  |TAMS 0x000000009dc00000, 0x000000009dc00000| Untracked 
| 477|0x000000009dd00000, 0x000000009dd00000, 0x000000009de00000|  0%| F|  |TAMS 0x000000009dd00000, 0x000000009dd00000| Untracked 
| 478|0x000000009de00000, 0x000000009de00000, 0x000000009df00000|  0%| F|  |TAMS 0x000000009de00000, 0x000000009de00000| Untracked 
| 479|0x000000009df00000, 0x000000009df00000, 0x000000009e000000|  0%| F|  |TAMS 0x000000009df00000, 0x000000009df00000| Untracked 
| 480|0x000000009e000000, 0x000000009e000000, 0x000000009e100000|  0%| F|  |TAMS 0x000000009e000000, 0x000000009e000000| Untracked 
| 481|0x000000009e100000, 0x000000009e100000, 0x000000009e200000|  0%| F|  |TAMS 0x000000009e100000, 0x000000009e100000| Untracked 
| 482|0x000000009e200000, 0x000000009e200000, 0x000000009e300000|  0%| F|  |TAMS 0x000000009e200000, 0x000000009e200000| Untracked 
| 483|0x000000009e300000, 0x000000009e300000, 0x000000009e400000|  0%| F|  |TAMS 0x000000009e300000, 0x000000009e300000| Untracked 
| 484|0x000000009e400000, 0x000000009e400000, 0x000000009e500000|  0%| F|  |TAMS 0x000000009e400000, 0x000000009e400000| Untracked 
| 485|0x000000009e500000, 0x000000009e500000, 0x000000009e600000|  0%| F|  |TAMS 0x000000009e500000, 0x000000009e500000| Untracked 
| 486|0x000000009e600000, 0x000000009e600000, 0x000000009e700000|  0%| F|  |TAMS 0x000000009e600000, 0x000000009e600000| Untracked 
| 487|0x000000009e700000, 0x000000009e700000, 0x000000009e800000|  0%| F|  |TAMS 0x000000009e700000, 0x000000009e700000| Untracked 
| 488|0x000000009e800000, 0x000000009e800000, 0x000000009e900000|  0%| F|  |TAMS 0x000000009e800000, 0x000000009e800000| Untracked 
| 489|0x000000009e900000, 0x000000009e900000, 0x000000009ea00000|  0%| F|  |TAMS 0x000000009e900000, 0x000000009e900000| Untracked 
| 490|0x000000009ea00000, 0x000000009ea00000, 0x000000009eb00000|  0%| F|  |TAMS 0x000000009ea00000, 0x000000009ea00000| Untracked 
| 491|0x000000009eb00000, 0x000000009eb00000, 0x000000009ec00000|  0%| F|  |TAMS 0x000000009eb00000, 0x000000009eb00000| Untracked 
| 492|0x000000009ec00000, 0x000000009ec00000, 0x000000009ed00000|  0%| F|  |TAMS 0x000000009ec00000, 0x000000009ec00000| Untracked 
| 493|0x000000009ed00000, 0x000000009ed00000, 0x000000009ee00000|  0%| F|  |TAMS 0x000000009ed00000, 0x000000009ed00000| Untracked 
| 494|0x000000009ee00000, 0x000000009ee00000, 0x000000009ef00000|  0%| F|  |TAMS 0x000000009ee00000, 0x000000009ee00000| Untracked 
| 495|0x000000009ef00000, 0x000000009ef00000, 0x000000009f000000|  0%| F|  |TAMS 0x000000009ef00000, 0x000000009ef00000| Untracked 
| 496|0x000000009f000000, 0x000000009f000000, 0x000000009f100000|  0%| F|  |TAMS 0x000000009f000000, 0x000000009f000000| Untracked 
| 497|0x000000009f100000, 0x000000009f100000, 0x000000009f200000|  0%| F|  |TAMS 0x000000009f100000, 0x000000009f100000| Untracked 
| 498|0x000000009f200000, 0x000000009f200000, 0x000000009f300000|  0%| F|  |TAMS 0x000000009f200000, 0x000000009f200000| Untracked 
| 499|0x000000009f300000, 0x000000009f300000, 0x000000009f400000|  0%| F|  |TAMS 0x000000009f300000, 0x000000009f300000| Untracked 
| 500|0x000000009f400000, 0x000000009f400000, 0x000000009f500000|  0%| F|  |TAMS 0x000000009f400000, 0x000000009f400000| Untracked 
| 501|0x000000009f500000, 0x000000009f500000, 0x000000009f600000|  0%| F|  |TAMS 0x000000009f500000, 0x000000009f500000| Untracked 
| 502|0x000000009f600000, 0x000000009f600000, 0x000000009f700000|  0%| F|  |TAMS 0x000000009f600000, 0x000000009f600000| Untracked 
| 503|0x000000009f700000, 0x000000009f700000, 0x000000009f800000|  0%| F|  |TAMS 0x000000009f700000, 0x000000009f700000| Untracked 
| 504|0x000000009f800000, 0x000000009f800000, 0x000000009f900000|  0%| F|  |TAMS 0x000000009f800000, 0x000000009f800000| Untracked 
| 505|0x000000009f900000, 0x000000009f900000, 0x000000009fa00000|  0%| F|  |TAMS 0x000000009f900000, 0x000000009f900000| Untracked 
| 506|0x000000009fa00000, 0x000000009fa00000, 0x000000009fb00000|  0%| F|  |TAMS 0x000000009fa00000, 0x000000009fa00000| Untracked 
| 507|0x000000009fb00000, 0x000000009fb00000, 0x000000009fc00000|  0%| F|  |TAMS 0x000000009fb00000, 0x000000009fb00000| Untracked 
| 508|0x000000009fc00000, 0x000000009fc00000, 0x000000009fd00000|  0%| F|  |TAMS 0x000000009fc00000, 0x000000009fc00000| Untracked 
| 509|0x000000009fd00000, 0x000000009fe00000, 0x000000009fe00000|100%| S|CS|TAMS 0x000000009fd00000, 0x000000009fd00000| Complete 
| 510|0x000000009fe00000, 0x000000009ff00000, 0x000000009ff00000|100%| S|CS|TAMS 0x000000009fe00000, 0x000000009fe00000| Complete 
| 511|0x000000009ff00000, 0x00000000a0000000, 0x00000000a0000000|100%| S|CS|TAMS 0x000000009ff00000, 0x000000009ff00000| Complete 
| 512|0x00000000a0000000, 0x00000000a0100000, 0x00000000a0100000|100%| S|CS|TAMS 0x00000000a0000000, 0x00000000a0000000| Complete 
| 513|0x00000000a0100000, 0x00000000a0100000, 0x00000000a0200000|  0%| F|  |TAMS 0x00000000a0100000, 0x00000000a0100000| Untracked 
| 514|0x00000000a0200000, 0x00000000a0200000, 0x00000000a0300000|  0%| F|  |TAMS 0x00000000a0200000, 0x00000000a0200000| Untracked 
| 515|0x00000000a0300000, 0x00000000a0300000, 0x00000000a0400000|  0%| F|  |TAMS 0x00000000a0300000, 0x00000000a0300000| Untracked 
| 516|0x00000000a0400000, 0x00000000a0400000, 0x00000000a0500000|  0%| F|  |TAMS 0x00000000a0400000, 0x00000000a0400000| Untracked 
| 517|0x00000000a0500000, 0x00000000a0500000, 0x00000000a0600000|  0%| F|  |TAMS 0x00000000a0500000, 0x00000000a0500000| Untracked 
| 518|0x00000000a0600000, 0x00000000a0600000, 0x00000000a0700000|  0%| F|  |TAMS 0x00000000a0600000, 0x00000000a0600000| Untracked 
| 519|0x00000000a0700000, 0x00000000a0700000, 0x00000000a0800000|  0%| F|  |TAMS 0x00000000a0700000, 0x00000000a0700000| Untracked 
| 520|0x00000000a0800000, 0x00000000a0800000, 0x00000000a0900000|  0%| F|  |TAMS 0x00000000a0800000, 0x00000000a0800000| Untracked 
| 521|0x00000000a0900000, 0x00000000a0900000, 0x00000000a0a00000|  0%| F|  |TAMS 0x00000000a0900000, 0x00000000a0900000| Untracked 
| 522|0x00000000a0a00000, 0x00000000a0a00000, 0x00000000a0b00000|  0%| F|  |TAMS 0x00000000a0a00000, 0x00000000a0a00000| Untracked 
| 523|0x00000000a0b00000, 0x00000000a0b00000, 0x00000000a0c00000|  0%| F|  |TAMS 0x00000000a0b00000, 0x00000000a0b00000| Untracked 
| 524|0x00000000a0c00000, 0x00000000a0c00000, 0x00000000a0d00000|  0%| F|  |TAMS 0x00000000a0c00000, 0x00000000a0c00000| Untracked 
| 525|0x00000000a0d00000, 0x00000000a0d00000, 0x00000000a0e00000|  0%| F|  |TAMS 0x00000000a0d00000, 0x00000000a0d00000| Untracked 
| 526|0x00000000a0e00000, 0x00000000a0e00000, 0x00000000a0f00000|  0%| F|  |TAMS 0x00000000a0e00000, 0x00000000a0e00000| Untracked 
| 527|0x00000000a0f00000, 0x00000000a0f00000, 0x00000000a1000000|  0%| F|  |TAMS 0x00000000a0f00000, 0x00000000a0f00000| Untracked 
| 528|0x00000000a1000000, 0x00000000a1000000, 0x00000000a1100000|  0%| F|  |TAMS 0x00000000a1000000, 0x00000000a1000000| Untracked 
| 529|0x00000000a1100000, 0x00000000a1100000, 0x00000000a1200000|  0%| F|  |TAMS 0x00000000a1100000, 0x00000000a1100000| Untracked 
| 530|0x00000000a1200000, 0x00000000a1200000, 0x00000000a1300000|  0%| F|  |TAMS 0x00000000a1200000, 0x00000000a1200000| Untracked 
| 531|0x00000000a1300000, 0x00000000a1300000, 0x00000000a1400000|  0%| F|  |TAMS 0x00000000a1300000, 0x00000000a1300000| Untracked 
| 532|0x00000000a1400000, 0x00000000a1400000, 0x00000000a1500000|  0%| F|  |TAMS 0x00000000a1400000, 0x00000000a1400000| Untracked 
| 533|0x00000000a1500000, 0x00000000a1500000, 0x00000000a1600000|  0%| F|  |TAMS 0x00000000a1500000, 0x00000000a1500000| Untracked 
| 534|0x00000000a1600000, 0x00000000a1600000, 0x00000000a1700000|  0%| F|  |TAMS 0x00000000a1600000, 0x00000000a1600000| Untracked 
| 535|0x00000000a1700000, 0x00000000a1700000, 0x00000000a1800000|  0%| F|  |TAMS 0x00000000a1700000, 0x00000000a1700000| Untracked 
| 536|0x00000000a1800000, 0x00000000a1800000, 0x00000000a1900000|  0%| F|  |TAMS 0x00000000a1800000, 0x00000000a1800000| Untracked 
| 537|0x00000000a1900000, 0x00000000a1900000, 0x00000000a1a00000|  0%| F|  |TAMS 0x00000000a1900000, 0x00000000a1900000| Untracked 
| 538|0x00000000a1a00000, 0x00000000a1a00000, 0x00000000a1b00000|  0%| F|  |TAMS 0x00000000a1a00000, 0x00000000a1a00000| Untracked 
| 539|0x00000000a1b00000, 0x00000000a1b00000, 0x00000000a1c00000|  0%| F|  |TAMS 0x00000000a1b00000, 0x00000000a1b00000| Untracked 

Card table byte_map: [0x000001f345380000,0x000001f345780000] _byte_map_base: 0x000001f344f80000

Marking Bits (Prev, Next): (CMBitMap*) 0x000001f32e6179f0, (CMBitMap*) 0x000001f32e617a30
 Prev Bits: [0x000001f345b80000, 0x000001f347b80000)
 Next Bits: [0x000001f347b80000, 0x000001f349b80000)

Polling page: 0x000001f32c550000

Metaspace:

Usage:
  Non-class:    107.19 MB used.
      Class:     17.20 MB used.
       Both:    124.39 MB used.

Virtual space:
  Non-class space:      128.00 MB reserved,     108.19 MB ( 85%) committed,  2 nodes.
      Class space:      416.00 MB reserved,      18.00 MB (  4%) committed,  1 nodes.
             Both:      544.00 MB reserved,     126.19 MB ( 23%) committed. 

Chunk freelists:
   Non-Class:  2.98 MB
       Class:  14.00 MB
        Both:  16.98 MB

MaxMetaspaceSize: 512.00 MB
CompressedClassSpaceSize: 416.00 MB
Initial GC threshold: 21.00 MB
Current GC threshold: 175.12 MB
CDS: on
MetaspaceReclaimPolicy: balanced
 - commit_granule_bytes: 65536.
 - commit_granule_words: 8192.
 - virtual_space_node_default_size: 8388608.
 - enlarge_chunks_in_place: 1.
 - new_chunks_are_fully_committed: 0.
 - uncommit_free_chunks: 1.
 - use_allocation_guard: 0.
 - handle_deallocations: 1.


Internal statistics:

num_allocs_failed_limit: 9.
num_arena_births: 2672.
num_arena_deaths: 0.
num_vsnodes_births: 3.
num_vsnodes_deaths: 0.
num_space_committed: 2019.
num_space_uncommitted: 0.
num_chunks_returned_to_freelist: 9.
num_chunks_taken_from_freelist: 8611.
num_chunk_merges: 9.
num_chunk_splits: 5403.
num_chunks_enlarged: 3143.
num_inconsistent_stats: 0.

CodeHeap 'non-profiled nmethods': size=120000Kb used=11389Kb max_used=12649Kb free=108610Kb
 bounds [0x000001f33d940000, 0x000001f33e5a0000, 0x000001f344e70000]
CodeHeap 'profiled nmethods': size=120000Kb used=32333Kb max_used=32432Kb free=87666Kb
 bounds [0x000001f335e70000, 0x000001f337eb0000, 0x000001f33d3a0000]
CodeHeap 'non-nmethods': size=5760Kb used=2477Kb max_used=2561Kb free=3283Kb
 bounds [0x000001f33d3a0000, 0x000001f33d640000, 0x000001f33d940000]
 total_blobs=18233 nmethods=17218 adapters=926
 compilation: enabled
              stopped_count=0, restarted_count=0
 full_count=0

Compilation events (20 events):
Event: 54.551 Thread 0x000001f34c370ee0 21418       2       com.android.tools.r8.graph.b1$$Lambda$2049/0x000001f34f17a8c8::apply (8 bytes)
Event: 54.551 Thread 0x000001f34c370ee0 nmethod 21418 0x000001f3365c0910 code [0x000001f3365c0aa0, 0x000001f3365c0bf8]
Event: 54.551 Thread 0x000001f34c370ee0 21419       2       com.android.tools.r8.graph.b1::F (2 bytes)
Event: 54.551 Thread 0x000001f34c370ee0 nmethod 21419 0x000001f3365c0590 code [0x000001f3365c0720, 0x000001f3365c0838]
Event: 54.551 Thread 0x000001f34c370ee0 21416       2       com.android.tools.r8.graph.T0$$Lambda$2036/0x000001f34f174a80::apply (8 bytes)
Event: 54.552 Thread 0x000001f34c370ee0 nmethod 21416 0x000001f3365c0190 code [0x000001f3365c0320, 0x000001f3365c0478]
Event: 54.552 Thread 0x000001f34c370ee0 21426       2       com.android.tools.r8.graph.s3::j (73 bytes)
Event: 54.552 Thread 0x000001f34c370ee0 nmethod 21426 0x000001f336c64410 code [0x000001f336c645e0, 0x000001f336c649c8]
Event: 54.552 Thread 0x000001f34c370ee0 21227       1       com.android.tools.r8.graph.j1$j::R0 (2 bytes)
Event: 54.552 Thread 0x000001f34c370ee0 nmethod 21227 0x000001f33de5fb10 code [0x000001f33de5fca0, 0x000001f33de5fd78]
Event: 54.552 Thread 0x000001f34c370ee0 21228       1       com.android.tools.r8.graph.j1$j::W0 (5 bytes)
Event: 54.552 Thread 0x000001f34c370ee0 nmethod 21228 0x000001f33de5f810 code [0x000001f33de5f9a0, 0x000001f33de5fa78]
Event: 54.552 Thread 0x000001f34c370ee0 21229       1       com.android.tools.r8.internal.PN::a (6 bytes)
Event: 54.552 Thread 0x000001f34c370ee0 nmethod 21229 0x000001f33de5f510 code [0x000001f33de5f6a0, 0x000001f33de5f7b8]
Event: 54.552 Thread 0x000001f34c370ee0 21431       2       com.android.tools.r8.dex.code.L0::<init> (20 bytes)
Event: 54.552 Thread 0x000001f34c370ee0 nmethod 21431 0x000001f3365bfb90 code [0x000001f3365bfd40, 0x000001f3365bff28]
Event: 54.552 Thread 0x000001f34c370ee0 21432       2       com.android.tools.r8.dex.code.L0::hashCode (21 bytes)
Event: 54.552 Thread 0x000001f34c370ee0 nmethod 21432 0x000001f336c64090 code [0x000001f336c64220, 0x000001f336c64388]
Event: 54.552 Thread 0x000001f34c370ee0 21434       2       com.android.tools.r8.dex.code.K0::hashCode (28 bytes)
Event: 54.589 Thread 0x000001f34c370ee0 nmethod 21434 0x000001f336c63d10 code [0x000001f336c63ea0, 0x000001f336c64008]

GC Heap History (20 events):
Event: 41.141 GC heap after
{Heap after GC invocations=49 (full 0):
 garbage-first heap   total 552960K, used 282846K [0x0000000080000000, 0x0000000100000000)
  region size 1024K, 10 young (10240K), 10 survivors (10240K)
 Metaspace       used 107162K, committed 108864K, reserved 557056K
  class space    used 14691K, committed 15488K, reserved 425984K
}
Event: 42.390 GC heap before
{Heap before GC invocations=49 (full 0):
 garbage-first heap   total 552960K, used 452830K [0x0000000080000000, 0x0000000100000000)
  region size 1024K, 169 young (173056K), 10 survivors (10240K)
 Metaspace       used 109590K, committed 111360K, reserved 557056K
  class space    used 14995K, committed 15808K, reserved 425984K
}
Event: 42.419 GC heap after
{Heap after GC invocations=50 (full 0):
 garbage-first heap   total 552960K, used 291978K [0x0000000080000000, 0x0000000100000000)
  region size 1024K, 22 young (22528K), 22 survivors (22528K)
 Metaspace       used 109590K, committed 111360K, reserved 557056K
  class space    used 14995K, committed 15808K, reserved 425984K
}
Event: 46.286 GC heap before
{Heap before GC invocations=50 (full 0):
 garbage-first heap   total 552960K, used 452746K [0x0000000080000000, 0x0000000100000000)
  region size 1024K, 172 young (176128K), 22 survivors (22528K)
 Metaspace       used 113801K, committed 115648K, reserved 557056K
  class space    used 15526K, committed 16384K, reserved 425984K
}
Event: 46.325 GC heap after
{Heap after GC invocations=51 (full 0):
 garbage-first heap   total 552960K, used 306187K [0x0000000080000000, 0x0000000100000000)
  region size 1024K, 14 young (14336K), 14 survivors (14336K)
 Metaspace       used 113801K, committed 115648K, reserved 557056K
  class space    used 15526K, committed 16384K, reserved 425984K
}
Event: 50.860 GC heap before
{Heap before GC invocations=51 (full 0):
 garbage-first heap   total 552960K, used 463883K [0x0000000080000000, 0x0000000100000000)
  region size 1024K, 155 young (158720K), 14 survivors (14336K)
 Metaspace       used 114991K, committed 116800K, reserved 557056K
  class space    used 15688K, committed 16512K, reserved 425984K
}
Event: 50.897 GC heap after
{Heap after GC invocations=52 (full 0):
 garbage-first heap   total 552960K, used 321376K [0x0000000080000000, 0x0000000100000000)
  region size 1024K, 10 young (10240K), 10 survivors (10240K)
 Metaspace       used 114991K, committed 116800K, reserved 557056K
  class space    used 15688K, committed 16512K, reserved 425984K
}
Event: 52.854 GC heap before
{Heap before GC invocations=52 (full 0):
 garbage-first heap   total 552960K, used 387936K [0x0000000080000000, 0x0000000100000000)
  region size 1024K, 46 young (47104K), 10 survivors (10240K)
 Metaspace       used 118188K, committed 120064K, reserved 557056K
  class space    used 16144K, committed 16960K, reserved 425984K
}
Event: 52.875 GC heap after
{Heap after GC invocations=53 (full 0):
 garbage-first heap   total 552960K, used 357175K [0x0000000080000000, 0x0000000100000000)
  region size 1024K, 19 young (19456K), 19 survivors (19456K)
 Metaspace       used 118188K, committed 120064K, reserved 557056K
  class space    used 16144K, committed 16960K, reserved 425984K
}
Event: 53.367 GC heap before
{Heap before GC invocations=53 (full 0):
 garbage-first heap   total 552960K, used 462647K [0x0000000080000000, 0x0000000100000000)
  region size 1024K, 94 young (96256K), 19 survivors (19456K)
 Metaspace       used 121941K, committed 123840K, reserved 557056K
  class space    used 16681K, committed 17536K, reserved 425984K
}
Event: 53.407 GC heap after
{Heap after GC invocations=54 (full 0):
 garbage-first heap   total 552960K, used 392569K [0x0000000080000000, 0x0000000100000000)
  region size 1024K, 12 young (12288K), 12 survivors (12288K)
 Metaspace       used 121941K, committed 123840K, reserved 557056K
  class space    used 16681K, committed 17536K, reserved 425984K
}
Event: 53.691 GC heap before
{Heap before GC invocations=54 (full 0):
 garbage-first heap   total 552960K, used 454009K [0x0000000080000000, 0x0000000100000000)
  region size 1024K, 69 young (70656K), 12 survivors (12288K)
 Metaspace       used 124133K, committed 125952K, reserved 557056K
  class space    used 17034K, committed 17856K, reserved 425984K
}
Event: 53.729 GC heap after
{Heap after GC invocations=55 (full 0):
 garbage-first heap   total 552960K, used 415430K [0x0000000080000000, 0x0000000100000000)
  region size 1024K, 9 young (9216K), 9 survivors (9216K)
 Metaspace       used 124133K, committed 125952K, reserved 557056K
  class space    used 17034K, committed 17856K, reserved 425984K
}
Event: 54.343 GC heap before
{Heap before GC invocations=55 (full 0):
 garbage-first heap   total 552960K, used 460486K [0x0000000080000000, 0x0000000100000000)
  region size 1024K, 54 young (55296K), 9 survivors (9216K)
 Metaspace       used 127260K, committed 129088K, reserved 557056K
  class space    used 17598K, committed 18432K, reserved 425984K
}
Event: 54.365 GC heap after
{Heap after GC invocations=56 (full 0):
 garbage-first heap   total 552960K, used 433035K [0x0000000080000000, 0x0000000100000000)
  region size 1024K, 7 young (7168K), 7 survivors (7168K)
 Metaspace       used 127260K, committed 129088K, reserved 557056K
  class space    used 17598K, committed 18432K, reserved 425984K
}
Event: 54.449 GC heap before
{Heap before GC invocations=56 (full 0):
 garbage-first heap   total 552960K, used 467851K [0x0000000080000000, 0x0000000100000000)
  region size 1024K, 42 young (43008K), 7 survivors (7168K)
 Metaspace       used 127303K, committed 129152K, reserved 557056K
  class space    used 17603K, committed 18432K, reserved 425984K
}
Event: 54.476 GC heap after
{Heap after GC invocations=57 (full 0):
 garbage-first heap   total 552960K, used 452491K [0x0000000080000000, 0x0000000100000000)
  region size 1024K, 6 young (6144K), 6 survivors (6144K)
 Metaspace       used 127303K, committed 129152K, reserved 557056K
  class space    used 17603K, committed 18432K, reserved 425984K
}
Event: 54.528 GC heap before
{Heap before GC invocations=57 (full 0):
 garbage-first heap   total 552960K, used 473995K [0x0000000080000000, 0x0000000100000000)
  region size 1024K, 28 young (28672K), 6 survivors (6144K)
 Metaspace       used 127358K, committed 129152K, reserved 557056K
  class space    used 17609K, committed 18432K, reserved 425984K
}
Event: 54.546 GC heap after
{Heap after GC invocations=58 (full 0):
 garbage-first heap   total 552960K, used 463755K [0x0000000080000000, 0x0000000100000000)
  region size 1024K, 4 young (4096K), 4 survivors (4096K)
 Metaspace       used 127358K, committed 129152K, reserved 557056K
  class space    used 17609K, committed 18432K, reserved 425984K
}
Event: 54.590 GC heap before
{Heap before GC invocations=58 (full 0):
 garbage-first heap   total 552960K, used 486283K [0x0000000080000000, 0x0000000100000000)
  region size 1024K, 27 young (27648K), 4 survivors (4096K)
 Metaspace       used 127370K, committed 129216K, reserved 557056K
  class space    used 17611K, committed 18432K, reserved 425984K
}

Deoptimization events (20 events):
Event: 53.779 Thread 0x000001f36feed810 DEOPT PACKING pc=0x000001f33de55b18 sp=0x0000004cc6df9a30
Event: 53.779 Thread 0x000001f36feed810 DEOPT UNPACKING pc=0x000001f33d3f23a3 sp=0x0000004cc6df9960 mode 2
Event: 53.779 Thread 0x000001f36feed810 Uncommon trap: trap_request=0xffffffc6 fr.pc=0x000001f33de55b18 relative=0x0000000000000358
Event: 53.779 Thread 0x000001f36feed810 Uncommon trap: reason=bimorphic_or_optimized_type_check action=maybe_recompile pc=0x000001f33de55b18 method=java.util.Comparator.lambda$comparing$77a9974f$1(Ljava/util/function/Function;Ljava/lang/Object;Ljava/lang/Object;)I @ 17 c2
Event: 53.779 Thread 0x000001f36feed810 DEOPT PACKING pc=0x000001f33de55b18 sp=0x0000004cc6df9990
Event: 53.779 Thread 0x000001f36feed810 DEOPT UNPACKING pc=0x000001f33d3f23a3 sp=0x0000004cc6df98c0 mode 2
Event: 54.077 Thread 0x000001f36fef0090 Uncommon trap: trap_request=0xffffffc6 fr.pc=0x000001f33d98a37c relative=0x000000000000033c
Event: 54.077 Thread 0x000001f36fef0090 Uncommon trap: reason=bimorphic_or_optimized_type_check action=maybe_recompile pc=0x000001f33d98a37c method=java.util.stream.StreamOpFlag.fromCharacteristics(Ljava/util/Spliterator;)I @ 14 c2
Event: 54.078 Thread 0x000001f36fef0090 DEOPT PACKING pc=0x000001f33d98a37c sp=0x0000004cc6efa2f0
Event: 54.078 Thread 0x000001f36fef0090 DEOPT UNPACKING pc=0x000001f33d3f23a3 sp=0x0000004cc6efa1d8 mode 2
Event: 54.281 Thread 0x000001f37b9b2ab0 DEOPT PACKING pc=0x000001f336c338a9 sp=0x0000004ccaefeb20
Event: 54.281 Thread 0x000001f37b9b2ab0 DEOPT UNPACKING pc=0x000001f33d3f2b43 sp=0x0000004ccaefe038 mode 0
Event: 54.318 Thread 0x000001f37b9b2090 Uncommon trap: trap_request=0xffffff45 fr.pc=0x000001f33e434a28 relative=0x0000000000000f28
Event: 54.318 Thread 0x000001f37b9b2090 Uncommon trap: reason=unstable_if action=reinterpret pc=0x000001f33e434a28 method=com.android.tools.r8.internal.Ju.d(I)V @ 38 c2
Event: 54.318 Thread 0x000001f37b9b2090 DEOPT PACKING pc=0x000001f33e434a28 sp=0x0000004ccaafe360
Event: 54.318 Thread 0x000001f37b9b2090 DEOPT UNPACKING pc=0x000001f33d3f23a3 sp=0x0000004ccaafe2c0 mode 2
Event: 54.368 Thread 0x000001f36fef0090 Uncommon trap: trap_request=0xffffffc6 fr.pc=0x000001f33d98a37c relative=0x000000000000033c
Event: 54.368 Thread 0x000001f36fef0090 Uncommon trap: reason=bimorphic_or_optimized_type_check action=maybe_recompile pc=0x000001f33d98a37c method=java.util.stream.StreamOpFlag.fromCharacteristics(Ljava/util/Spliterator;)I @ 14 c2
Event: 54.368 Thread 0x000001f36fef0090 DEOPT PACKING pc=0x000001f33d98a37c sp=0x0000004cc6efa2f0
Event: 54.368 Thread 0x000001f36fef0090 DEOPT UNPACKING pc=0x000001f33d3f23a3 sp=0x0000004cc6efa1d8 mode 2

Classes unloaded (0 events):
No events

Classes redefined (0 events):
No events

Internal exceptions (20 events):
Event: 52.992 Thread 0x000001f3706389b0 Exception <a 'java/lang/NoSuchMethodError'{0x00000000a056d7e8}: 'java.lang.Object java.lang.invoke.DirectMethodHandle$Holder.newInvokeSpecial(java.lang.Object, java.lang.Object, int, java.lang.Object, java.lang.Object)'> (0x00000000a056d7e8) 
thrown [s\open\src\hotspot\share\interpreter\linkResolver.cpp, line 759]
Event: 52.992 Thread 0x000001f36fef0090 Exception <a 'java/lang/NoSuchMethodError'{0x00000000a05562b8}: 'java.lang.Object java.lang.invoke.DirectMethodHandle$Holder.newInvokeSpecial(java.lang.Object, java.lang.Object, int, java.lang.Object, java.lang.Object)'> (0x00000000a05562b8) 
thrown [s\open\src\hotspot\share\interpreter\linkResolver.cpp, line 759]
Event: 52.993 Thread 0x000001f36feed810 Exception <a 'java/lang/NoSuchMethodError'{0x00000000a0593f90}: 'java.lang.Object java.lang.invoke.DirectMethodHandle$Holder.newInvokeSpecial(java.lang.Object, java.lang.Object, int, java.lang.Object, java.lang.Object)'> (0x00000000a0593f90) 
thrown [s\open\src\hotspot\share\interpreter\linkResolver.cpp, line 759]
Event: 53.197 Thread 0x000001f36feed810 Exception <a 'java/lang/NoSuchMethodError'{0x000000009da7a8f8}: 'void java.lang.invoke.DirectMethodHandle$Holder.invokeStatic(java.lang.Object, java.lang.Object, java.lang.Object, int)'> (0x000000009da7a8f8) 
thrown [s\open\src\hotspot\share\interpreter\linkResolver.cpp, line 759]
Event: 53.197 Thread 0x000001f36fef0090 Exception <a 'java/lang/NoSuchMethodError'{0x000000009daa4c08}: 'void java.lang.invoke.DirectMethodHandle$Holder.invokeStatic(java.lang.Object, java.lang.Object, java.lang.Object, int)'> (0x000000009daa4c08) 
thrown [s\open\src\hotspot\share\interpreter\linkResolver.cpp, line 759]
Event: 53.201 Thread 0x000001f36feed810 Exception <a 'java/lang/IncompatibleClassChangeError'{0x000000009daf3ce0}: Found class java.lang.Object, but interface was expected> (0x000000009daf3ce0) 
thrown [s\open\src\hotspot\share\interpreter\linkResolver.cpp, line 826]
Event: 53.468 Thread 0x000001f36feed810 Exception <a 'java/lang/NoSuchMethodError'{0x00000000a1090870}: 'java.lang.Object java.lang.invoke.DirectMethodHandle$Holder.invokeStatic(java.lang.Object, int, java.lang.Object, java.lang.Object)'> (0x00000000a1090870) 
thrown [s\open\src\hotspot\share\interpreter\linkResolver.cpp, line 759]
Event: 53.470 Thread 0x000001f36fef0090 Exception <a 'java/lang/NoSuchMethodError'{0x00000000a0f358d8}: 'java.lang.Object java.lang.invoke.DirectMethodHandle$Holder.invokeStatic(java.lang.Object, java.lang.Object, int, java.lang.Object, java.lang.Object)'> (0x00000000a0f358d8) 
thrown [s\open\src\hotspot\share\interpreter\linkResolver.cpp, line 759]
Event: 53.470 Thread 0x000001f3706389b0 Exception <a 'java/lang/NoSuchMethodError'{0x00000000a0f0d5a8}: 'java.lang.Object java.lang.invoke.DirectMethodHandle$Holder.invokeStatic(java.lang.Object, java.lang.Object, int, java.lang.Object, java.lang.Object)'> (0x00000000a0f0d5a8) 
thrown [s\open\src\hotspot\share\interpreter\linkResolver.cpp, line 759]
Event: 53.470 Thread 0x000001f36feed810 Exception <a 'java/lang/NoSuchMethodError'{0x00000000a0f305f0}: 'java.lang.Object java.lang.invoke.DirectMethodHandle$Holder.invokeStatic(java.lang.Object, java.lang.Object, int, java.lang.Object, java.lang.Object)'> (0x00000000a0f305f0) 
thrown [s\open\src\hotspot\share\interpreter\linkResolver.cpp, line 759]
Event: 53.553 Thread 0x000001f36fef0090 Exception <a 'java/lang/NoSuchMethodError'{0x00000000a00b3d40}: 'long java.lang.invoke.DirectMethodHandle$Holder.invokeStatic(java.lang.Object, java.lang.Object)'> (0x00000000a00b3d40) 
thrown [s\open\src\hotspot\share\interpreter\linkResolver.cpp, line 759]
Event: 53.553 Thread 0x000001f36feed810 Exception <a 'java/lang/NoSuchMethodError'{0x00000000a00a2580}: 'long java.lang.invoke.DirectMethodHandle$Holder.invokeStatic(java.lang.Object, java.lang.Object)'> (0x00000000a00a2580) 
thrown [s\open\src\hotspot\share\interpreter\linkResolver.cpp, line 759]
Event: 53.639 Thread 0x000001f36fef0090 Exception <a 'java/lang/IncompatibleClassChangeError'{0x000000009efaa8f0}: Found class java.lang.Object, but interface was expected> (0x000000009efaa8f0) 
thrown [s\open\src\hotspot\share\interpreter\linkResolver.cpp, line 826]
Event: 53.640 Thread 0x000001f36fef0090 Exception <a 'java/lang/IncompatibleClassChangeError'{0x000000009eff7b08}: Found class java.lang.Object, but interface was expected> (0x000000009eff7b08) 
thrown [s\open\src\hotspot\share\interpreter\linkResolver.cpp, line 826]
Event: 53.897 Thread 0x000001f37a366b70 Exception <a 'java/lang/NoSuchMethodError'{0x00000000a0c961b8}: 'long java.lang.invoke.DirectMethodHandle$Holder.invokeStatic(java.lang.Object, java.lang.Object, java.lang.Object)'> (0x00000000a0c961b8) 
thrown [s\open\src\hotspot\share\interpreter\linkResolver.cpp, line 759]
Event: 53.919 Thread 0x000001f36feed810 Exception <a 'java/lang/NoSuchMethodError'{0x00000000a0ce1a90}: 'void java.lang.invoke.DirectMethodHandle$Holder.invokeSpecial(java.lang.Object, java.lang.Object, int, java.lang.Object)'> (0x00000000a0ce1a90) 
thrown [s\open\src\hotspot\share\interpreter\linkResolver.cpp, line 759]
Event: 54.292 Thread 0x000001f36fef0090 Exception <a 'java/lang/NoSuchMethodError'{0x000000009f94a0f8}: 'int java.lang.invoke.DirectMethodHandle$Holder.invokeSpecial(java.lang.Object, java.lang.Object, java.lang.Object, int)'> (0x000000009f94a0f8) 
thrown [s\open\src\hotspot\share\interpreter\linkResolver.cpp, line 759]
Event: 54.304 Thread 0x000001f36fef0090 Exception <a 'java/lang/NoSuchMethodError'{0x000000009f6ac250}: 'int java.lang.invoke.DirectMethodHandle$Holder.invokeSpecial(java.lang.Object, java.lang.Object, java.lang.Object, int, java.lang.Object)'> (0x000000009f6ac250) 
thrown [s\open\src\hotspot\share\interpreter\linkResolver.cpp, line 759]
Event: 54.304 Thread 0x000001f36feed810 Exception <a 'java/lang/NoSuchMethodError'{0x000000009f694528}: 'int java.lang.invoke.DirectMethodHandle$Holder.invokeSpecial(java.lang.Object, java.lang.Object, java.lang.Object, int, java.lang.Object)'> (0x000000009f694528) 
thrown [s\open\src\hotspot\share\interpreter\linkResolver.cpp, line 759]
Event: 54.429 Thread 0x000001f3706389b0 Exception <a 'java/lang/NoSuchMethodError'{0x00000000a0239338}: 'void java.lang.invoke.DirectMethodHandle$Holder.invokeSpecial(java.lang.Object, java.lang.Object, java.lang.Object, java.lang.Object, java.lang.Object, java.lang.Object, java.lang.Object, java.lang.Object, java.lang.Object, java.lang.Object)'> (0x00000000a0239338) 
thrown [s\open\src\hotspot\share\interpreter\linkResolver.cpp, line 759]

VM Operations (20 events):
Event: 53.280 Executing VM operation: HandshakeAllThreads done
Event: 53.367 Executing VM operation: G1CollectForAllocation
Event: 53.408 Executing VM operation: G1CollectForAllocation done
Event: 53.600 Executing VM operation: HandshakeAllThreads
Event: 53.601 Executing VM operation: HandshakeAllThreads done
Event: 53.605 Executing VM operation: HandshakeAllThreads
Event: 53.607 Executing VM operation: HandshakeAllThreads done
Event: 53.686 Executing VM operation: G1CollectForAllocation
Event: 53.731 Executing VM operation: G1CollectForAllocation done
Event: 54.039 Executing VM operation: HandshakeAllThreads
Event: 54.043 Executing VM operation: HandshakeAllThreads done
Event: 54.129 Executing VM operation: HandshakeAllThreads
Event: 54.133 Executing VM operation: HandshakeAllThreads done
Event: 54.343 Executing VM operation: G1CollectForAllocation
Event: 54.369 Executing VM operation: G1CollectForAllocation done
Event: 54.449 Executing VM operation: G1CollectForAllocation
Event: 54.485 Executing VM operation: G1CollectForAllocation done
Event: 54.528 Executing VM operation: G1CollectForAllocation
Event: 54.550 Executing VM operation: G1CollectForAllocation done
Event: 54.589 Executing VM operation: G1CollectForAllocation

Events (20 events):
Event: 53.840 Thread 0x000001f37a366b70 Thread added: 0x000001f37a366b70
Event: 53.844 Thread 0x000001f37e298160 Thread added: 0x000001f37e298160
Event: 53.850 Thread 0x000001f37b9b2ab0 Thread added: 0x000001f37b9b2ab0
Event: 53.853 Thread 0x000001f37b9b09c0 Thread added: 0x000001f37b9b09c0
Event: 54.005 loading class java/nio/ShortBuffer
Event: 54.014 loading class java/nio/ShortBuffer done
Event: 54.014 loading class java/nio/HeapShortBuffer
Event: 54.018 loading class java/nio/HeapShortBuffer done
Event: 54.033 loading class java/util/SortedSet$1
Event: 54.036 loading class java/util/SortedSet$1 done
Event: 54.115 loading class java/util/stream/SliceOps
Event: 54.121 loading class java/util/stream/SliceOps done
Event: 54.123 loading class java/util/stream/SliceOps$1
Event: 54.124 loading class java/util/stream/SliceOps$1 done
Event: 54.144 loading class java/util/stream/SliceOps$1$1
Event: 54.144 loading class java/util/stream/SliceOps$1$1 done
Event: 54.145 loading class java/util/stream/SortedOps$RefSortingSink
Event: 54.146 loading class java/util/stream/SortedOps$RefSortingSink done
Event: 54.198 loading class java/util/PriorityQueue
Event: 54.198 loading class java/util/PriorityQueue done


Dynamic libraries:
0x00007ff656ae0000 - 0x00007ff656af0000 	C:\Program Files\Java\jdk-17\bin\java.exe
0x00007ffa0b0b0000 - 0x00007ffa0b2a8000 	C:\Windows\SYSTEM32\ntdll.dll
0x00007ffa098d0000 - 0x00007ffa09992000 	C:\Windows\System32\KERNEL32.DLL
0x00007ffa08810000 - 0x00007ffa08b0e000 	C:\Windows\System32\KERNELBASE.dll
0x00007ffa08f30000 - 0x00007ffa09030000 	C:\Windows\System32\ucrtbase.dll
0x00007ffa00760000 - 0x00007ffa00779000 	C:\Program Files\Java\jdk-17\bin\jli.dll
0x00007ffa01fb0000 - 0x00007ffa01fcb000 	C:\Program Files\Java\jdk-17\bin\VCRUNTIME140.dll
0x00007ffa0ace0000 - 0x00007ffa0ad91000 	C:\Windows\System32\ADVAPI32.dll
0x00007ffa09c80000 - 0x00007ffa09d1e000 	C:\Windows\System32\msvcrt.dll
0x00007ffa0aec0000 - 0x00007ffa0af5f000 	C:\Windows\System32\sechost.dll
0x00007ffa0a0e0000 - 0x00007ffa0a203000 	C:\Windows\System32\RPCRT4.dll
0x00007ffa08750000 - 0x00007ffa08777000 	C:\Windows\System32\bcrypt.dll
0x00007ffa09540000 - 0x00007ffa096dd000 	C:\Windows\System32\USER32.dll
0x00007ffa08d90000 - 0x00007ffa08db2000 	C:\Windows\System32\win32u.dll
0x00007ffa09bd0000 - 0x00007ffa09bfb000 	C:\Windows\System32\GDI32.dll
0x00007ff9ef900000 - 0x00007ff9efb9a000 	C:\Windows\WinSxS\amd64_microsoft.windows.common-controls_6595b64144ccf1df_6.0.19041.4355_none_60b8b9eb71f62e16\COMCTL32.dll
0x00007ffa08b10000 - 0x00007ffa08c27000 	C:\Windows\System32\gdi32full.dll
0x00007ffa09030000 - 0x00007ffa090cd000 	C:\Windows\System32\msvcp_win.dll
0x00007ffa04f20000 - 0x00007ffa04f2a000 	C:\Windows\SYSTEM32\VERSION.dll
0x00007ffa098a0000 - 0x00007ffa098cf000 	C:\Windows\System32\IMM32.DLL
0x00007ffa02830000 - 0x00007ffa0283c000 	C:\Program Files\Java\jdk-17\bin\vcruntime140_1.dll
0x00007ff9f0760000 - 0x00007ff9f07ee000 	C:\Program Files\Java\jdk-17\bin\msvcp140.dll
0x00007ff9da6f0000 - 0x00007ff9db2cf000 	C:\Program Files\Java\jdk-17\bin\server\jvm.dll
0x00007ffa09c60000 - 0x00007ffa09c68000 	C:\Windows\System32\PSAPI.DLL
0x00007ff9f9850000 - 0x00007ff9f9859000 	C:\Windows\SYSTEM32\WSOCK32.dll
0x00007ff9f6120000 - 0x00007ff9f6147000 	C:\Windows\SYSTEM32\WINMM.dll
0x00007ffa09ee0000 - 0x00007ffa09f4b000 	C:\Windows\System32\WS2_32.dll
0x00007ffa064d0000 - 0x00007ffa064e2000 	C:\Windows\SYSTEM32\kernel.appcore.dll
0x00007ffa02770000 - 0x00007ffa0277a000 	C:\Program Files\Java\jdk-17\bin\jimage.dll
0x00007ffa01810000 - 0x00007ffa019f4000 	C:\Windows\SYSTEM32\DBGHELP.DLL
0x00007ffa01490000 - 0x00007ffa014c4000 	C:\Windows\SYSTEM32\dbgcore.DLL
0x00007ffa08780000 - 0x00007ffa08802000 	C:\Windows\System32\bcryptPrimitives.dll
0x00007ff9fa810000 - 0x00007ff9fa835000 	C:\Program Files\Java\jdk-17\bin\java.dll
0x00007ff9e11d0000 - 0x00007ff9e12a7000 	C:\Program Files\Java\jdk-17\bin\jsvml.dll
0x00007ffa0a210000 - 0x00007ffa0a97d000 	C:\Windows\System32\SHELL32.dll
0x00007ffa067b0000 - 0x00007ffa06f54000 	C:\Windows\SYSTEM32\windows.storage.dll
0x00007ffa0a980000 - 0x00007ffa0acd3000 	C:\Windows\System32\combase.dll
0x00007ffa080b0000 - 0x00007ffa080de000 	C:\Windows\SYSTEM32\Wldp.dll
0x00007ffa09e10000 - 0x00007ffa09edd000 	C:\Windows\System32\OLEAUT32.dll
0x00007ffa0afc0000 - 0x00007ffa0b06d000 	C:\Windows\System32\SHCORE.dll
0x00007ffa09c00000 - 0x00007ffa09c55000 	C:\Windows\System32\shlwapi.dll
0x00007ffa08680000 - 0x00007ffa086a4000 	C:\Windows\SYSTEM32\profapi.dll
0x00007ff9fa7f0000 - 0x00007ff9fa809000 	C:\Program Files\Java\jdk-17\bin\net.dll
0x00007ffa028d0000 - 0x00007ffa029dd000 	C:\Windows\SYSTEM32\WINHTTP.dll
0x00007ffa07e10000 - 0x00007ffa07e7a000 	C:\Windows\system32\mswsock.dll
0x00007ff9f79b0000 - 0x00007ff9f79c6000 	C:\Program Files\Java\jdk-17\bin\nio.dll
0x00007ff9f7990000 - 0x00007ff9f79a8000 	C:\Program Files\Java\jdk-17\bin\zip.dll
0x00007ffa01fa0000 - 0x00007ffa01fb0000 	C:\Program Files\Java\jdk-17\bin\verify.dll
0x00007ff9e5c30000 - 0x00007ff9e5c57000 	C:\Users\Admin\.gradle\native\68d5fa5c4cc2d200863cafc0d521ce42e7d3e7ee720ec0a83991735586a16f82\windows-amd64\native-platform.dll
0x00007ff9b39a0000 - 0x00007ff9b3ae4000 	C:\Users\Admin\.gradle\native\e376f236ea51e6404a007f0833ffe2c6e607c4080706a723a18a27aeea778392\windows-amd64\native-platform-file-events.dll
0x00007ffa00c70000 - 0x00007ffa00c7a000 	C:\Program Files\Java\jdk-17\bin\management.dll
0x00007ff9fd170000 - 0x00007ff9fd17b000 	C:\Program Files\Java\jdk-17\bin\management_ext.dll
0x00007ffa08000000 - 0x00007ffa08018000 	C:\Windows\SYSTEM32\CRYPTSP.dll
0x00007ffa07730000 - 0x00007ffa07764000 	C:\Windows\system32\rsaenh.dll
0x00007ffa08640000 - 0x00007ffa0866e000 	C:\Windows\SYSTEM32\USERENV.dll
0x00007ffa08020000 - 0x00007ffa0802c000 	C:\Windows\SYSTEM32\CRYPTBASE.dll
0x00007ffa07af0000 - 0x00007ffa07b2b000 	C:\Windows\SYSTEM32\IPHLPAPI.DLL
0x00007ffa09890000 - 0x00007ffa09898000 	C:\Windows\System32\NSI.dll
0x00007ffa035b0000 - 0x00007ffa035c7000 	C:\Windows\SYSTEM32\dhcpcsvc6.DLL
0x00007ffa03470000 - 0x00007ffa0348d000 	C:\Windows\SYSTEM32\dhcpcsvc.DLL
0x00007ffa07b30000 - 0x00007ffa07bfa000 	C:\Windows\SYSTEM32\DNSAPI.dll
0x00007ffa03980000 - 0x00007ffa0398e000 	C:\Program Files\Java\jdk-17\bin\sunmscapi.dll
0x00007ffa08c30000 - 0x00007ffa08d8c000 	C:\Windows\System32\CRYPT32.dll
0x00007ffa08120000 - 0x00007ffa08147000 	C:\Windows\SYSTEM32\ncrypt.dll
0x00007ffa080e0000 - 0x00007ffa0811b000 	C:\Windows\SYSTEM32\NTASN1.dll
0x00007ffa01f90000 - 0x00007ffa01f97000 	C:\Windows\system32\wshunix.dll
0x00007ff9ec2d0000 - 0x00007ff9ec2e7000 	C:\Windows\system32\napinsp.dll
0x00007ff9ec2b0000 - 0x00007ff9ec2cb000 	C:\Windows\system32\pnrpnsp.dll
0x00007ff9efc80000 - 0x00007ff9efc95000 	C:\Windows\system32\wshbth.dll
0x00007ffa038a0000 - 0x00007ffa038bd000 	C:\Windows\system32\NLAapi.dll
0x00007ff9ec290000 - 0x00007ff9ec2a2000 	C:\Windows\System32\winrnr.dll
0x00007ffa02720000 - 0x00007ffa0272a000 	C:\Windows\System32\rasadhlp.dll
0x00007ffa013f0000 - 0x00007ffa01470000 	C:\Windows\System32\fwpuclnt.dll
0x00007ff9fecd0000 - 0x00007ff9fecee000 	C:\Users\Admin\AppData\Local\Temp\native-platform4518555368824992460dir\native-platform.dll
0x00007ff9fd580000 - 0x00007ff9fd59e000 	C:\Users\Admin\AppData\Local\Temp\native-platform10306617773785281307dir\native-platform.dll
0x00007ff9f7b60000 - 0x00007ff9f7b67000 	C:\Program Files\Java\jdk-17\bin\rmi.dll

dbghelp: loaded successfully - version: 4.0.5 - missing functions: none
symbol engine: initialized successfully - sym options: 0x614 - pdb path: .;C:\Program Files\Java\jdk-17\bin;C:\Windows\SYSTEM32;C:\Windows\WinSxS\amd64_microsoft.windows.common-controls_6595b64144ccf1df_6.0.19041.4355_none_60b8b9eb71f62e16;C:\Program Files\Java\jdk-17\bin\server;C:\Users\Admin\.gradle\native\68d5fa5c4cc2d200863cafc0d521ce42e7d3e7ee720ec0a83991735586a16f82\windows-amd64;C:\Users\Admin\.gradle\native\e376f236ea51e6404a007f0833ffe2c6e607c4080706a723a18a27aeea778392\windows-amd64;C:\Users\Admin\AppData\Local\Temp\native-platform4518555368824992460dir;C:\Users\Admin\AppData\Local\Temp\native-platform10306617773785281307dir

VM Arguments:
jvm_args: -XX:MaxMetaspaceSize=512m --add-opens=java.base/java.util=ALL-UNNAMED --add-opens=java.base/java.lang=ALL-UNNAMED --add-opens=java.base/java.lang.invoke=ALL-UNNAMED --add-opens=java.prefs/java.util.prefs=ALL-UNNAMED --add-opens=java.base/java.nio.charset=ALL-UNNAMED --add-opens=java.base/java.net=ALL-UNNAMED --add-opens=java.base/java.util.concurrent.atomic=ALL-UNNAMED -Xmx2048m -Dfile.encoding=windows-1252 -Duser.country=US -Duser.language=en -Duser.variant 
java_command: org.gradle.launcher.daemon.bootstrap.GradleDaemon 8.0.1
java_class_path (initial): C:\Users\Admin\.gradle\wrapper\dists\gradle-8.0.1-all\aro4hu1c3oeioove7l0i4i14o\gradle-8.0.1\lib\gradle-launcher-8.0.1.jar
Launcher Type: SUN_STANDARD

[Global flags]
     intx CICompilerCount                          = 3                                         {product} {ergonomic}
   size_t CompressedClassSpaceSize                 = 436207616                                 {product} {ergonomic}
     uint ConcGCThreads                            = 2                                         {product} {ergonomic}
     uint G1ConcRefinementThreads                  = 6                                         {product} {ergonomic}
   size_t G1HeapRegionSize                         = 1048576                                   {product} {ergonomic}
    uintx GCDrainStackTargetSize                   = 64                                        {product} {ergonomic}
   size_t InitialHeapSize                          = 132120576                                 {product} {ergonomic}
   size_t MarkStackSize                            = 4194304                                   {product} {ergonomic}
   size_t MaxHeapSize                              = 2147483648                                {product} {command line}
   size_t MaxMetaspaceSize                         = 536870912                                 {product} {command line}
   size_t MaxNewSize                               = 1287651328                                {product} {ergonomic}
   size_t MinHeapDeltaBytes                        = 1048576                                   {product} {ergonomic}
   size_t MinHeapSize                              = 8388608                                   {product} {ergonomic}
    uintx NonNMethodCodeHeapSize                   = 5832780                                {pd product} {ergonomic}
    uintx NonProfiledCodeHeapSize                  = 122912730                              {pd product} {ergonomic}
    uintx ProfiledCodeHeapSize                     = 122912730                              {pd product} {ergonomic}
    uintx ReservedCodeCacheSize                    = 251658240                              {pd product} {ergonomic}
     bool SegmentedCodeCache                       = true                                      {product} {ergonomic}
   size_t SoftMaxHeapSize                          = 2147483648                             {manageable} {ergonomic}
     bool UseCompressedClassPointers               = true                           {product lp64_product} {ergonomic}
     bool UseCompressedOops                        = true                           {product lp64_product} {ergonomic}
     bool UseG1GC                                  = true                                      {product} {ergonomic}
     bool UseLargePagesIndividualAllocation        = false                                  {pd product} {ergonomic}

Logging:
Log output configuration:
 #0: stdout all=warning uptime,level,tags
 #1: stderr all=off uptime,level,tags

Environment Variables:
JAVA_HOME=C:\Program Files\Java\jdk-17
CLASSPATH=E:\React Native\All Parking\Parking_Dual\android\\gradle\wrapper\gradle-wrapper.jar
PATH=E:\React Native\All Parking\Parking_Dual\node_modules\.bin;E:\React Native\All Parking\node_modules\.bin;E:\React Native\node_modules\.bin;E:\node_modules\.bin;C:\Users\Admin\AppData\Roaming\nvm\v16.13.0\node_modules\npm\node_modules\@npmcli\run-script\lib\node-gyp-bin;E:\React Native\All Parking\Parking_Dual\node_modules\.bin;E:\React Native\All Parking\node_modules\.bin;E:\React Native\node_modules\.bin;E:\node_modules\.bin;C:\Users\Admin\AppData\Roaming\nvm\v16.13.0\node_modules\npm\node_modules\@npmcli\run-script\lib\node-gyp-bin;C:\Program Files\Common Files\Oracle\Java\javapath;C:\Python312\Scripts\;C:\Python312\;C:\Windows\system32;C:\Windows;C:\Windows\System32\Wbem;C:\Windows\System32\WindowsPowerShell\v1.0\;C:\Windows\System32\OpenSSH\;C:\ProgramData\chocolatey\bin;C:\Program Files\Git\cmd;C:\Program Files\Java\jdk-17\bin;C:\Users\Admin\AppData\Local\Android\Sdk\platform-tools;C:\Users\Admin\AppData\Local\Android\Sdk\build-tools\34.0.0;C:\Program Files\Amazon\AWSCLIV2\;C:\Users\Admin\AppData\Roaming\nvm;C:\Program Files\nodejs;F:\xampp\php;C:\composer;C:\Users\Admin\AppData\Local\Microsoft\WindowsApps;C:\Users\Admin\AppData\Local\Programs\Microsoft VS Code\bin;C:\Users\Admin\AppData\Roaming\npm;C:\Program Files\Java\jdk-17\bin;C:\Users\Admin\AppData\Local\Android\Sdk\platform-tools;C:\Users\Admin\AppData\Local\Android\Sdk\build-tools\34.0.0;C:\Users\Admin\AppData\Roaming\nvm;C:\Program Files\nodejs;C:\Users\Admin\composer;C:\Users\Admin\AppData\Roaming\Composer\vendor\bin
USERNAME=Admin
LANG=en_US.UTF-8
OS=Windows_NT
PROCESSOR_IDENTIFIER=Intel64 Family 6 Model 158 Stepping 10, GenuineIntel



---------------  S Y S T E M  ---------------

OS:
 Windows 10 , 64 bit Build 19041 (10.0.19041.5072)
OS uptime: 1 days 22:14 hours

CPU: total 6 (initial active 6) (6 cores per cpu, 1 threads per core) family 6 model 158 stepping 10 microcode 0xb4, cx8, cmov, fxsr, mmx, 3dnowpref, sse, sse2, sse3, ssse3, sse4.1, sse4.2, popcnt, lzcnt, tsc, tscinvbit, avx, avx2, aes, erms, clmul, bmi1, bmi2, adx, fma, vzeroupper, clflush, clflushopt

Memory: 4k page, system-wide physical 8054M (411M free)
TotalPageFile size 20342M (AvailPageFile size 230M)
current process WorkingSet (physical memory assigned to process): 486M, peak: 727M
current process commit charge ("private bytes"): 997M, peak: 1326M

vm_info: Java HotSpot(TM) 64-Bit Server VM (17.0.10+11-LTS-240) for windows-amd64 JRE (17.0.10+11-LTS-240), built on Dec 19 2023 21:47:25 by "mach5one" with MS VC++ 17.1 (VS2022)

END.
