#
# There is insufficient memory for the Java Runtime Environment to continue.
# Native memory allocation (malloc) failed to allocate 2902416 bytes for Chunk::new
# Possible reasons:
#   The system is out of physical RAM or swap space
#   The process is running with CompressedOops enabled, and the Java Heap may be blocking the growth of the native heap
# Possible solutions:
#   Reduce memory load on the system
#   Increase physical memory or swap space
#   Check if swap backing store is full
#   Decrease Java heap size (-Xmx/-Xms)
#   Decrease number of Java threads
#   Decrease Java thread stack sizes (-Xss)
#   Set larger code cache with -XX:ReservedCodeCacheSize=
#   JVM is running with Unscaled Compressed Oops mode in which the Java heap is
#     placed in the first 4GB address space. The Java Heap base address is the
#     maximum limit for the native heap growth. Please use -XX:HeapBaseMinAddress
#     to set the Java Heap base and to place the Java Heap above 4GB virtual address.
# This output file may be truncated or incomplete.
#
#  Out of Memory Error (arena.cpp:189), pid=7384, tid=10660
#
# JRE version: Java(TM) SE Runtime Environment (17.0.10+11) (build 17.0.10+11-LTS-240)
# Java VM: Java HotSpot(TM) 64-Bit Server VM (17.0.10+11-LTS-240, mixed mode, sharing, tiered, compressed oops, compressed class ptrs, g1 gc, windows-amd64)
# No core dump will be written. Minidumps are not enabled by default on client versions of Windows
#

---------------  S U M M A R Y ------------

Command Line: -XX:MaxMetaspaceSize=512m --add-opens=java.base/java.util=ALL-UNNAMED --add-opens=java.base/java.lang=ALL-UNNAMED --add-opens=java.base/java.lang.invoke=ALL-UNNAMED --add-opens=java.prefs/java.util.prefs=ALL-UNNAMED --add-opens=java.base/java.nio.charset=ALL-UNNAMED --add-opens=java.base/java.net=ALL-UNNAMED --add-opens=java.base/java.util.concurrent.atomic=ALL-UNNAMED -Xmx2048m -Dfile.encoding=windows-1252 -Duser.country=US -Duser.language=en -Duser.variant org.gradle.launcher.daemon.bootstrap.GradleDaemon 8.0.1

Host: Intel(R) Core(TM) i5-8400 CPU @ 2.80GHz, 6 cores, 7G,  Windows 10 , 64 bit Build 19041 (10.0.19041.5072)
Time: Fri Nov 22 13:10:16 2024 India Standard Time elapsed time: 68.510127 seconds (0d 0h 1m 8s)

---------------  T H R E A D  ---------------

Current thread (0x000002c52820e2b0):  JavaThread "C2 CompilerThread0" daemon [_thread_in_native, id=10660, stack(0x000000d677500000,0x000000d677600000)]


Current CompileTask:
C2:  68510 14840 %     4       org.objectweb.asm.ClassReader::readCode @ 92 (5109 bytes)

Stack: [0x000000d677500000,0x000000d677600000]
Native frames: (J=compiled Java code, j=interpreted, Vv=VM code, C=native code)
V  [jvm.dll+0x677a5a]
V  [jvm.dll+0x7d8b2d]
V  [jvm.dll+0x7da48e]
V  [jvm.dll+0x7daaf3]
V  [jvm.dll+0x2455ff]
V  [jvm.dll+0xaaafb]
V  [jvm.dll+0xab09c]
V  [jvm.dll+0x361b5f]
V  [jvm.dll+0x32c211]
V  [jvm.dll+0x32b6aa]
V  [jvm.dll+0x21794f]
V  [jvm.dll+0x216d81]
V  [jvm.dll+0x1a3410]
V  [jvm.dll+0x226aeb]
V  [jvm.dll+0x224cab]
V  [jvm.dll+0x78e45c]
V  [jvm.dll+0x78888a]
V  [jvm.dll+0x676935]
C  [ucrtbase.dll+0x21bb2]
C  [KERNEL32.DLL+0x17374]
C  [ntdll.dll+0x4cc91]


---------------  P R O C E S S  ---------------

Threads class SMR info:
_java_thread_list=0x000002c54b7c8790, length=117, elements={
0x000002c50a430670, 0x000002c5281e0f10, 0x000002c5281e1ca0, 0x000002c5281f5ab0,
0x000002c5281fa7b0, 0x000002c5281fb080, 0x000002c528203960, 0x000002c52820e2b0,
0x000002c52820f080, 0x000002c5282261b0, 0x000002c52844dbc0, 0x000002c528454700,
0x000002c54818c1f0, 0x000002c5482fa320, 0x000002c548e8cba0, 0x000002c548d241d0,
0x000002c548f148f0, 0x000002c548f14e00, 0x000002c548f143e0, 0x000002c548f15310,
0x000002c548f12a90, 0x000002c548f15820, 0x000002c548f12580, 0x000002c548f12fa0,
0x000002c548f134b0, 0x000002c548f139c0, 0x000002c548f13ed0, 0x000002c54949fe20,
0x000002c5494a2190, 0x000002c5494a2bb0, 0x000002c5494a3ff0, 0x000002c5494a5940,
0x000002c5494a26a0, 0x000002c5494a30c0, 0x000002c5494a0330, 0x000002c5494a1260,
0x000002c5494a0840, 0x000002c5494a0d50, 0x000002c54949f400, 0x000002c5494a6360,
0x000002c5494a6870, 0x000002c5494a1770, 0x000002c5494a6d80, 0x000002c5494a35d0,
0x000002c54949f910, 0x000002c5494a3ae0, 0x000002c5494a4500, 0x000002c5494a4a10,
0x000002c5494a4f20, 0x000002c5289da670, 0x000002c5289db090, 0x000002c5289d9c50,
0x000002c5289d78e0, 0x000002c5289da160, 0x000002c5289db5a0, 0x000002c5289d7df0,
0x000002c5289d5f90, 0x000002c5289dab80, 0x000002c5289d5a80, 0x000002c5289d8300,
0x000002c5289dbfc0, 0x000002c5289d64a0, 0x000002c5289d9230, 0x000002c5289d8810,
0x000002c5289d6ec0, 0x000002c5289dbab0, 0x000002c5289d69b0, 0x000002c5289d8d20,
0x000002c5289dc4d0, 0x000002c5289dc9e0, 0x000002c54b09f460, 0x000002c54b0a0db0,
0x000002c54b09e530, 0x000002c54b0a12c0, 0x000002c54b09e020, 0x000002c54b0a08a0,
0x000002c54b0a17d0, 0x000002c54b09d0f0, 0x000002c54b09ea40, 0x000002c54b0a2700,
0x000002c54b0a1ce0, 0x000002c54b09f970, 0x000002c54b0a21f0, 0x000002c54b0a0390,
0x000002c54b09ef50, 0x000002c54b09db10, 0x000002c54b0a2c10, 0x000002c54b0a3120,
0x000002c54b09fe80, 0x000002c54b09cbe0, 0x000002c54b09c1c0, 0x000002c54b09bcb0,
0x000002c54b0a3630, 0x000002c54b09c6d0, 0x000002c54b294400, 0x000002c54b294e20,
0x000002c54b295330, 0x000002c54b292ab0, 0x000002c54b2934d0, 0x000002c54b295840,
0x000002c54b293ef0, 0x000002c54b294910, 0x000002c54b2925a0, 0x000002c54b292fc0,
0x000002c54b2939e0, 0x000002c54bbcf5d0, 0x000002c54bbcfae0, 0x000002c54bbcd770,
0x000002c54bbcd260, 0x000002c54bbcc840, 0x000002c54bbcdc80, 0x000002c54bbce190,
0x000002c54bbce6a0, 0x000002c54bbcebb0, 0x000002c54bbcf0c0, 0x000002c548fcc5c0,
0x000002c548fca760
}

Java Threads: ( => current thread )
  0x000002c50a430670 JavaThread "main" [_thread_blocked, id=12724, stack(0x000000d676800000,0x000000d676900000)]
  0x000002c5281e0f10 JavaThread "Reference Handler" daemon [_thread_blocked, id=21456, stack(0x000000d676f00000,0x000000d677000000)]
  0x000002c5281e1ca0 JavaThread "Finalizer" daemon [_thread_blocked, id=13672, stack(0x000000d677000000,0x000000d677100000)]
  0x000002c5281f5ab0 JavaThread "Signal Dispatcher" daemon [_thread_blocked, id=8556, stack(0x000000d677100000,0x000000d677200000)]
  0x000002c5281fa7b0 JavaThread "Attach Listener" daemon [_thread_blocked, id=10000, stack(0x000000d677200000,0x000000d677300000)]
  0x000002c5281fb080 JavaThread "Service Thread" daemon [_thread_blocked, id=11488, stack(0x000000d677300000,0x000000d677400000)]
  0x000002c528203960 JavaThread "Monitor Deflation Thread" daemon [_thread_blocked, id=13264, stack(0x000000d677400000,0x000000d677500000)]
=>0x000002c52820e2b0 JavaThread "C2 CompilerThread0" daemon [_thread_in_native, id=10660, stack(0x000000d677500000,0x000000d677600000)]
  0x000002c52820f080 JavaThread "C1 CompilerThread0" daemon [_thread_blocked, id=11948, stack(0x000000d677600000,0x000000d677700000)]
  0x000002c5282261b0 JavaThread "Sweeper thread" daemon [_thread_blocked, id=18592, stack(0x000000d677700000,0x000000d677800000)]
  0x000002c52844dbc0 JavaThread "Common-Cleaner" daemon [_thread_blocked, id=17328, stack(0x000000d677800000,0x000000d677900000)]
  0x000002c528454700 JavaThread "Notification Thread" daemon [_thread_blocked, id=10040, stack(0x000000d677900000,0x000000d677a00000)]
  0x000002c54818c1f0 JavaThread "Daemon health stats" [_thread_blocked, id=21600, stack(0x000000d677f00000,0x000000d678000000)]
  0x000002c5482fa320 JavaThread "Incoming local TCP Connector on port 55604" [_thread_in_native, id=15488, stack(0x000000d678000000,0x000000d678100000)]
  0x000002c548e8cba0 JavaThread "Daemon periodic checks" [_thread_blocked, id=20872, stack(0x000000d678100000,0x000000d678200000)]
  0x000002c548d241d0 JavaThread "Daemon" [_thread_blocked, id=19764, stack(0x000000d678200000,0x000000d678300000)]
  0x000002c548f148f0 JavaThread "Handler for socket connection from /127.0.0.1:55604 to /127.0.0.1:55605" [_thread_in_native, id=14756, stack(0x000000d678300000,0x000000d678400000)]
  0x000002c548f14e00 JavaThread "Cancel handler" [_thread_blocked, id=11760, stack(0x000000d678400000,0x000000d678500000)]
  0x000002c548f143e0 JavaThread "Daemon worker" [_thread_in_Java, id=18608, stack(0x000000d678500000,0x000000d678600000)]
  0x000002c548f15310 JavaThread "Asynchronous log dispatcher for DefaultDaemonConnection: socket connection from /127.0.0.1:55604 to /127.0.0.1:55605" [_thread_blocked, id=3956, stack(0x000000d678600000,0x000000d678700000)]
  0x000002c548f12a90 JavaThread "Stdin handler" [_thread_blocked, id=17596, stack(0x000000d678700000,0x000000d678800000)]
  0x000002c548f15820 JavaThread "Daemon client event forwarder" [_thread_blocked, id=9732, stack(0x000000d678800000,0x000000d678900000)]
  0x000002c548f12580 JavaThread "Cache worker for journal cache (C:\Users\Admin\.gradle\caches\journal-1)" [_thread_blocked, id=13788, stack(0x000000d678900000,0x000000d678a00000)]
  0x000002c548f12fa0 JavaThread "File lock request listener" [_thread_in_native, id=19460, stack(0x000000d678a00000,0x000000d678b00000)]
  0x000002c548f134b0 JavaThread "Cache worker for file hash cache (C:\Users\Admin\.gradle\caches\8.0.1\fileHashes)" [_thread_blocked, id=10108, stack(0x000000d678b00000,0x000000d678c00000)]
  0x000002c548f139c0 JavaThread "File watcher server" daemon [_thread_in_native, id=11096, stack(0x000000d678d00000,0x000000d678e00000)]
  0x000002c548f13ed0 JavaThread "File watcher consumer" daemon [_thread_blocked, id=17184, stack(0x000000d678e00000,0x000000d678f00000)]
  0x000002c54949fe20 JavaThread "Cache worker for checksums cache (E:\React Native\All Parking\Parking_Dual\android\.gradle\8.0.1\checksums)" [_thread_blocked, id=1964, stack(0x000000d678f00000,0x000000d679000000)]
  0x000002c5494a2190 JavaThread "Cache worker for cache directory md-rule (C:\Users\Admin\.gradle\caches\8.0.1\md-rule)" [_thread_blocked, id=1384, stack(0x000000d679000000,0x000000d679100000)]
  0x000002c5494a2bb0 JavaThread "Cache worker for file content cache (C:\Users\Admin\.gradle\caches\8.0.1\fileContent)" [_thread_blocked, id=21668, stack(0x000000d679100000,0x000000d679200000)]
  0x000002c5494a3ff0 JavaThread "Cache worker for file hash cache (E:\React Native\All Parking\Parking_Dual\android\.gradle\8.0.1\fileHashes)" [_thread_blocked, id=2852, stack(0x000000d679200000,0x000000d679300000)]
  0x000002c5494a5940 JavaThread "Cache worker for cache directory md-supplier (C:\Users\Admin\.gradle\caches\8.0.1\md-supplier)" [_thread_blocked, id=21424, stack(0x000000d679300000,0x000000d679400000)]
  0x000002c5494a26a0 JavaThread "Cache worker for execution history cache (C:\Users\Admin\.gradle\caches\8.0.1\executionHistory)" [_thread_blocked, id=17240, stack(0x000000d679600000,0x000000d679700000)]
  0x000002c5494a30c0 JavaThread "jar transforms" [_thread_blocked, id=7660, stack(0x000000d679700000,0x000000d679800000)]
  0x000002c5494a0330 JavaThread "jar transforms Thread 2" [_thread_blocked, id=1660, stack(0x000000d679800000,0x000000d679900000)]
  0x000002c5494a1260 JavaThread "jar transforms Thread 3" [_thread_blocked, id=15596, stack(0x000000d679900000,0x000000d679a00000)]
  0x000002c5494a0840 JavaThread "jar transforms Thread 4" [_thread_blocked, id=6552, stack(0x000000d679a00000,0x000000d679b00000)]
  0x000002c5494a0d50 JavaThread "Cache worker for kotlin-dsl (C:\Users\Admin\.gradle\caches\8.0.1\kotlin-dsl)" [_thread_blocked, id=20548, stack(0x000000d679c00000,0x000000d679d00000)]
  0x000002c54949f400 JavaThread "jar transforms Thread 5" [_thread_blocked, id=8736, stack(0x000000d679d00000,0x000000d679e00000)]
  0x000002c5494a6360 JavaThread "jar transforms Thread 6" [_thread_blocked, id=16544, stack(0x000000d679e00000,0x000000d679f00000)]
  0x000002c5494a6870 JavaThread "Cache worker for dependencies-accessors (E:\React Native\All Parking\Parking_Dual\android\.gradle\8.0.1\dependencies-accessors)" [_thread_blocked, id=20072, stack(0x000000d679f00000,0x000000d67a000000)]
  0x000002c5494a1770 JavaThread "Cache worker for Build Output Cleanup Cache (E:\React Native\All Parking\Parking_Dual\node_modules\@react-native\gradle-plugin\.gradle\buildOutputCleanup)" [_thread_blocked, id=10408, stack(0x000000d67a000000,0x000000d67a100000)]
  0x000002c5494a6d80 JavaThread "Unconstrained build operations" [_thread_blocked, id=1236, stack(0x000000d679b00000,0x000000d679c00000)]
  0x000002c5494a35d0 JavaThread "Unconstrained build operations Thread 2" [_thread_blocked, id=9760, stack(0x000000d67a200000,0x000000d67a300000)]
  0x000002c54949f910 JavaThread "Unconstrained build operations Thread 3" [_thread_blocked, id=12652, stack(0x000000d67a300000,0x000000d67a400000)]
  0x000002c5494a3ae0 JavaThread "Unconstrained build operations Thread 4" [_thread_blocked, id=20288, stack(0x000000d67a400000,0x000000d67a500000)]
  0x000002c5494a4500 JavaThread "Unconstrained build operations Thread 5" [_thread_blocked, id=8924, stack(0x000000d67a500000,0x000000d67a600000)]
  0x000002c5494a4a10 JavaThread "Unconstrained build operations Thread 6" [_thread_blocked, id=15984, stack(0x000000d67a600000,0x000000d67a700000)]
  0x000002c5494a4f20 JavaThread "Unconstrained build operations Thread 7" [_thread_blocked, id=3044, stack(0x000000d67a700000,0x000000d67a800000)]
  0x000002c5289da670 JavaThread "Unconstrained build operations Thread 8" [_thread_blocked, id=18764, stack(0x000000d67a800000,0x000000d67a900000)]
  0x000002c5289db090 JavaThread "Unconstrained build operations Thread 9" [_thread_blocked, id=9688, stack(0x000000d67a900000,0x000000d67aa00000)]
  0x000002c5289d9c50 JavaThread "Unconstrained build operations Thread 10" [_thread_blocked, id=8796, stack(0x000000d67aa00000,0x000000d67ab00000)]
  0x000002c5289d78e0 JavaThread "Unconstrained build operations Thread 11" [_thread_blocked, id=20736, stack(0x000000d67ab00000,0x000000d67ac00000)]
  0x000002c5289da160 JavaThread "Unconstrained build operations Thread 12" [_thread_blocked, id=5520, stack(0x000000d67ac00000,0x000000d67ad00000)]
  0x000002c5289db5a0 JavaThread "Unconstrained build operations Thread 13" [_thread_blocked, id=20948, stack(0x000000d67ad00000,0x000000d67ae00000)]
  0x000002c5289d7df0 JavaThread "Unconstrained build operations Thread 14" [_thread_blocked, id=1264, stack(0x000000d67ae00000,0x000000d67af00000)]
  0x000002c5289d5f90 JavaThread "Unconstrained build operations Thread 15" [_thread_blocked, id=16964, stack(0x000000d67af00000,0x000000d67b000000)]
  0x000002c5289dab80 JavaThread "Unconstrained build operations Thread 16" [_thread_blocked, id=19744, stack(0x000000d67b000000,0x000000d67b100000)]
  0x000002c5289d5a80 JavaThread "Unconstrained build operations Thread 17" [_thread_blocked, id=12032, stack(0x000000d67b100000,0x000000d67b200000)]
  0x000002c5289d8300 JavaThread "Unconstrained build operations Thread 18" [_thread_blocked, id=6040, stack(0x000000d67b200000,0x000000d67b300000)]
  0x000002c5289dbfc0 JavaThread "Unconstrained build operations Thread 19" [_thread_blocked, id=21936, stack(0x000000d67b300000,0x000000d67b400000)]
  0x000002c5289d64a0 JavaThread "Unconstrained build operations Thread 20" [_thread_blocked, id=17916, stack(0x000000d67b400000,0x000000d67b500000)]
  0x000002c5289d9230 JavaThread "Unconstrained build operations Thread 21" [_thread_blocked, id=8320, stack(0x000000d67b500000,0x000000d67b600000)]
  0x000002c5289d8810 JavaThread "Unconstrained build operations Thread 22" [_thread_blocked, id=14928, stack(0x000000d67b600000,0x000000d67b700000)]
  0x000002c5289d6ec0 JavaThread "Unconstrained build operations Thread 23" [_thread_blocked, id=1104, stack(0x000000d67b700000,0x000000d67b800000)]
  0x000002c5289dbab0 JavaThread "Unconstrained build operations Thread 24" [_thread_blocked, id=2564, stack(0x000000d67b800000,0x000000d67b900000)]
  0x000002c5289d69b0 JavaThread "Unconstrained build operations Thread 25" [_thread_blocked, id=18588, stack(0x000000d67b900000,0x000000d67ba00000)]
  0x000002c5289d8d20 JavaThread "Unconstrained build operations Thread 26" [_thread_blocked, id=19408, stack(0x000000d67ba00000,0x000000d67bb00000)]
  0x000002c5289dc4d0 JavaThread "Memory manager" [_thread_blocked, id=21284, stack(0x000000d67bb00000,0x000000d67bc00000)]
  0x000002c5289dc9e0 JavaThread "Cache worker for Build Output Cleanup Cache (E:\React Native\All Parking\Parking_Dual\android\.gradle\buildOutputCleanup)" [_thread_blocked, id=1216, stack(0x000000d67bc00000,0x000000d67bd00000)]
  0x000002c54b09f460 JavaThread "included builds" [_thread_blocked, id=14176, stack(0x000000d67bd00000,0x000000d67be00000)]
  0x000002c54b0a0db0 JavaThread "Execution worker" [_thread_blocked, id=16072, stack(0x000000d67be00000,0x000000d67bf00000)]
  0x000002c54b09e530 JavaThread "Execution worker Thread 2" [_thread_blocked, id=13272, stack(0x000000d67bf00000,0x000000d67c000000)]
  0x000002c54b0a12c0 JavaThread "Execution worker Thread 3" [_thread_blocked, id=14692, stack(0x000000d67c000000,0x000000d67c100000)]
  0x000002c54b09e020 JavaThread "Execution worker Thread 4" [_thread_blocked, id=9292, stack(0x000000d67c100000,0x000000d67c200000)]
  0x000002c54b0a08a0 JavaThread "Execution worker Thread 5" [_thread_blocked, id=7648, stack(0x000000d67c200000,0x000000d67c300000)]
  0x000002c54b0a17d0 JavaThread "Cache worker for execution history cache (E:\React Native\All Parking\Parking_Dual\node_modules\@react-native\gradle-plugin\.gradle\8.0.1\executionHistory)" [_thread_blocked, id=2032, stack(0x000000d67c300000,0x000000d67c400000)]
  0x000002c54b09d0f0 JavaThread "Unconstrained build operations Thread 27" [_thread_blocked, id=15336, stack(0x000000d67c400000,0x000000d67c500000)]
  0x000002c54b09ea40 JavaThread "Unconstrained build operations Thread 28" [_thread_blocked, id=22096, stack(0x000000d67c500000,0x000000d67c600000)]
  0x000002c54b0a2700 JavaThread "Unconstrained build operations Thread 29" [_thread_blocked, id=14948, stack(0x000000d67c600000,0x000000d67c700000)]
  0x000002c54b0a1ce0 JavaThread "Unconstrained build operations Thread 30" [_thread_blocked, id=14660, stack(0x000000d67c700000,0x000000d67c800000)]
  0x000002c54b09f970 JavaThread "Unconstrained build operations Thread 31" [_thread_blocked, id=20096, stack(0x000000d67c800000,0x000000d67c900000)]
  0x000002c54b0a21f0 JavaThread "Unconstrained build operations Thread 32" [_thread_blocked, id=3488, stack(0x000000d67c900000,0x000000d67ca00000)]
  0x000002c54b0a0390 JavaThread "Unconstrained build operations Thread 33" [_thread_blocked, id=6036, stack(0x000000d67ca00000,0x000000d67cb00000)]
  0x000002c54b09ef50 JavaThread "Unconstrained build operations Thread 34" [_thread_blocked, id=13560, stack(0x000000d67cb00000,0x000000d67cc00000)]
  0x000002c54b09db10 JavaThread "Unconstrained build operations Thread 35" [_thread_blocked, id=13328, stack(0x000000d67cc00000,0x000000d67cd00000)]
  0x000002c54b0a2c10 JavaThread "Unconstrained build operations Thread 36" [_thread_blocked, id=19940, stack(0x000000d67cd00000,0x000000d67ce00000)]
  0x000002c54b0a3120 JavaThread "Unconstrained build operations Thread 37" [_thread_blocked, id=17204, stack(0x000000d67ce00000,0x000000d67cf00000)]
  0x000002c54b09fe80 JavaThread "Unconstrained build operations Thread 38" [_thread_blocked, id=8100, stack(0x000000d67cf00000,0x000000d67d000000)]
  0x000002c54b09cbe0 JavaThread "Unconstrained build operations Thread 39" [_thread_blocked, id=19500, stack(0x000000d67d000000,0x000000d67d100000)]
  0x000002c54b09c1c0 JavaThread "Unconstrained build operations Thread 40" [_thread_blocked, id=8780, stack(0x000000d67d100000,0x000000d67d200000)]
  0x000002c54b09bcb0 JavaThread "Unconstrained build operations Thread 41" [_thread_blocked, id=9572, stack(0x000000d67d200000,0x000000d67d300000)]
  0x000002c54b0a3630 JavaThread "Unconstrained build operations Thread 42" [_thread_blocked, id=10932, stack(0x000000d67d300000,0x000000d67d400000)]
  0x000002c54b09c6d0 JavaThread "Unconstrained build operations Thread 43" [_thread_blocked, id=3676, stack(0x000000d67d400000,0x000000d67d500000)]
  0x000002c54b294400 JavaThread "Unconstrained build operations Thread 44" [_thread_blocked, id=10376, stack(0x000000d67d500000,0x000000d67d600000)]
  0x000002c54b294e20 JavaThread "Unconstrained build operations Thread 45" [_thread_blocked, id=18756, stack(0x000000d67d600000,0x000000d67d700000)]
  0x000002c54b295330 JavaThread "Unconstrained build operations Thread 46" [_thread_blocked, id=12048, stack(0x000000d67d700000,0x000000d67d800000)]
  0x000002c54b292ab0 JavaThread "Unconstrained build operations Thread 47" [_thread_blocked, id=13036, stack(0x000000d67d800000,0x000000d67d900000)]
  0x000002c54b2934d0 JavaThread "Unconstrained build operations Thread 48" [_thread_blocked, id=12268, stack(0x000000d67d900000,0x000000d67da00000)]
  0x000002c54b295840 JavaThread "Unconstrained build operations Thread 49" [_thread_blocked, id=8864, stack(0x000000d67da00000,0x000000d67db00000)]
  0x000002c54b293ef0 JavaThread "Unconstrained build operations Thread 50" [_thread_blocked, id=21836, stack(0x000000d67db00000,0x000000d67dc00000)]
  0x000002c54b294910 JavaThread "Unconstrained build operations Thread 51" [_thread_blocked, id=12564, stack(0x000000d67dc00000,0x000000d67dd00000)]
  0x000002c54b2925a0 JavaThread "Unconstrained build operations Thread 52" [_thread_blocked, id=20664, stack(0x000000d67dd00000,0x000000d67de00000)]
  0x000002c54b292fc0 JavaThread "WorkerExecutor Queue" [_thread_blocked, id=16524, stack(0x000000d67de00000,0x000000d67df00000)]
  0x000002c54b2939e0 JavaThread "RMI Scheduler(0)" daemon [_thread_blocked, id=13908, stack(0x000000d67df00000,0x000000d67e000000)]
  0x000002c54bbcf5d0 JavaThread "RMI GC Daemon" daemon [_thread_blocked, id=11876, stack(0x000000d67e100000,0x000000d67e200000)]
  0x000002c54bbcfae0 JavaThread "RMI TCP Accept-0" daemon [_thread_in_native, id=18256, stack(0x000000d67e200000,0x000000d67e300000)]
  0x000002c54bbcd770 JavaThread "RMI Reaper" [_thread_blocked, id=19892, stack(0x000000d67e300000,0x000000d67e400000)]
  0x000002c54bbcd260 JavaThread "RMI TCP Connection(2)-127.0.0.1" daemon [_thread_in_native, id=7764, stack(0x000000d67e400000,0x000000d67e500000)]
  0x000002c54bbcc840 JavaThread "Unconstrained build operations Thread 53" [_thread_blocked, id=20172, stack(0x000000d67e700000,0x000000d67e800000)]
  0x000002c54bbcdc80 JavaThread "Unconstrained build operations Thread 54" [_thread_blocked, id=7312, stack(0x000000d67e800000,0x000000d67e900000)]
  0x000002c54bbce190 JavaThread "Unconstrained build operations Thread 55" [_thread_blocked, id=19848, stack(0x000000d67e900000,0x000000d67ea00000)]
  0x000002c54bbce6a0 JavaThread "Unconstrained build operations Thread 56" [_thread_blocked, id=3500, stack(0x000000d67ea00000,0x000000d67eb00000)]
  0x000002c54bbcebb0 JavaThread "Unconstrained build operations Thread 57" [_thread_blocked, id=18788, stack(0x000000d67eb00000,0x000000d67ec00000)]
  0x000002c54bbcf0c0 JavaThread "Unconstrained build operations Thread 58" [_thread_blocked, id=8708, stack(0x000000d67ec00000,0x000000d67ed00000)]
  0x000002c548fcc5c0 JavaThread "Unconstrained build operations Thread 59" [_thread_blocked, id=13872, stack(0x000000d67ed00000,0x000000d67ee00000)]
  0x000002c548fca760 JavaThread "Unconstrained build operations Thread 60" [_thread_blocked, id=9444, stack(0x000000d67ee00000,0x000000d67ef00000)]

Other Threads:
  0x000002c5281dbb30 VMThread "VM Thread" [stack: 0x000000d676e00000,0x000000d676f00000] [id=1016]
  0x000002c528456000 WatcherThread [stack: 0x000000d677a00000,0x000000d677b00000] [id=2376]
  0x000002c50a488580 GCTaskThread "GC Thread#0" [stack: 0x000000d676900000,0x000000d676a00000] [id=14900]
  0x000002c528dba810 GCTaskThread "GC Thread#1" [stack: 0x000000d677b00000,0x000000d677c00000] [id=12548]
  0x000002c528dbaad0 GCTaskThread "GC Thread#2" [stack: 0x000000d677c00000,0x000000d677d00000] [id=18804]
  0x000002c5289423d0 GCTaskThread "GC Thread#3" [stack: 0x000000d677d00000,0x000000d677e00000] [id=14272]
  0x000002c5480bf880 GCTaskThread "GC Thread#4" [stack: 0x000000d677e00000,0x000000d677f00000] [id=20068]
  0x000002c548c21070 GCTaskThread "GC Thread#5" [stack: 0x000000d678c00000,0x000000d678d00000] [id=22044]
  0x000002c50a499b80 ConcurrentGCThread "G1 Main Marker" [stack: 0x000000d676a00000,0x000000d676b00000] [id=3440]
  0x000002c50a49a4a0 ConcurrentGCThread "G1 Conc#0" [stack: 0x000000d676b00000,0x000000d676c00000] [id=7836]
  0x000002c5499a3cc0 ConcurrentGCThread "G1 Conc#1" [stack: 0x000000d679400000,0x000000d679500000] [id=17376]
  0x000002c50a4fe600 ConcurrentGCThread "G1 Refine#0" [stack: 0x000000d676c00000,0x000000d676d00000] [id=16080]
  0x000002c549e2cbe0 ConcurrentGCThread "G1 Refine#1" [stack: 0x000000d679500000,0x000000d679600000] [id=13572]
  0x000002c5280964f0 ConcurrentGCThread "G1 Service" [stack: 0x000000d676d00000,0x000000d676e00000] [id=13664]

Threads with active compile tasks:
C2 CompilerThread0    68575 14840 %     4       org.objectweb.asm.ClassReader::readCode @ 92 (5109 bytes)

VM state: not at safepoint (normal execution)

VM Mutex/Monitor currently owned by a thread: None

Heap address: 0x0000000080000000, size: 2048 MB, Compressed Oops mode: 32-bit

CDS archive(s) mapped at: [0x000002c529000000-0x000002c529bd0000-0x000002c529bd0000), size 12386304, SharedBaseAddress: 0x000002c529000000, ArchiveRelocationMode: 1.
Compressed class space mapped at: 0x000002c52a000000-0x000002c544000000, reserved size: 436207616
Narrow klass base: 0x000002c529000000, Narrow klass shift: 0, Narrow klass range: 0x100000000

GC Precious Log:
 CPUs: 6 total, 6 available
 Memory: 8054M
 Large Page Support: Disabled
 NUMA Support: Disabled
 Compressed Oops: Enabled (32-bit)
 Heap Region Size: 1M
 Heap Min Capacity: 8M
 Heap Initial Capacity: 126M
 Heap Max Capacity: 2G
 Pre-touch: Disabled
 Parallel Workers: 6
 Concurrent Workers: 2
 Concurrent Refinement Workers: 6
 Periodic GC: Disabled

Heap:
 garbage-first heap   total 847872K, used 461881K [0x0000000080000000, 0x0000000100000000)
  region size 1024K, 315 young (322560K), 1 survivors (1024K)
 Metaspace       used 100145K, committed 101248K, reserved 557056K
  class space    used 13821K, committed 14336K, reserved 425984K

Heap Regions: E=young(eden), S=young(survivor), O=old, HS=humongous(starts), HC=humongous(continues), CS=collection set, F=free, OA=open archive, CA=closed archive, TAMS=top-at-mark-start (previous, next)
|   0|0x0000000080000000, 0x0000000080100000, 0x0000000080100000|100%|HS|  |TAMS 0x0000000080100000, 0x0000000080000000| Complete 
|   1|0x0000000080100000, 0x0000000080200000, 0x0000000080200000|100%|HC|  |TAMS 0x0000000080200000, 0x0000000080100000| Complete 
|   2|0x0000000080200000, 0x0000000080300000, 0x0000000080300000|100%|HC|  |TAMS 0x0000000080300000, 0x0000000080200000| Complete 
|   3|0x0000000080300000, 0x0000000080400000, 0x0000000080400000|100%|HC|  |TAMS 0x0000000080400000, 0x0000000080300000| Complete 
|   4|0x0000000080400000, 0x0000000080500000, 0x0000000080500000|100%| O|  |TAMS 0x0000000080500000, 0x0000000080400000| Untracked 
|   5|0x0000000080500000, 0x0000000080600000, 0x0000000080600000|100%| O|  |TAMS 0x0000000080600000, 0x0000000080500000| Untracked 
|   6|0x0000000080600000, 0x0000000080700000, 0x0000000080700000|100%| O|  |TAMS 0x0000000080700000, 0x0000000080600000| Untracked 
|   7|0x0000000080700000, 0x0000000080800000, 0x0000000080800000|100%| O|  |TAMS 0x0000000080800000, 0x0000000080700000| Untracked 
|   8|0x0000000080800000, 0x0000000080900000, 0x0000000080900000|100%| O|  |TAMS 0x0000000080900000, 0x0000000080800000| Untracked 
|   9|0x0000000080900000, 0x0000000080a00000, 0x0000000080a00000|100%| O|  |TAMS 0x0000000080a00000, 0x0000000080900000| Untracked 
|  10|0x0000000080a00000, 0x0000000080b00000, 0x0000000080b00000|100%| O|  |TAMS 0x0000000080b00000, 0x0000000080a00000| Untracked 
|  11|0x0000000080b00000, 0x0000000080c00000, 0x0000000080c00000|100%| O|  |TAMS 0x0000000080c00000, 0x0000000080b00000| Untracked 
|  12|0x0000000080c00000, 0x0000000080d00000, 0x0000000080d00000|100%| O|  |TAMS 0x0000000080d00000, 0x0000000080c00000| Untracked 
|  13|0x0000000080d00000, 0x0000000080e00000, 0x0000000080e00000|100%| O|  |TAMS 0x0000000080e00000, 0x0000000080d00000| Untracked 
|  14|0x0000000080e00000, 0x0000000080f00000, 0x0000000080f00000|100%| O|  |TAMS 0x0000000080f00000, 0x0000000080e00000| Untracked 
|  15|0x0000000080f00000, 0x0000000081000000, 0x0000000081000000|100%| O|  |TAMS 0x0000000081000000, 0x0000000080f00000| Untracked 
|  16|0x0000000081000000, 0x0000000081100000, 0x0000000081100000|100%| O|  |TAMS 0x0000000081100000, 0x0000000081000000| Untracked 
|  17|0x0000000081100000, 0x0000000081200000, 0x0000000081200000|100%| O|  |TAMS 0x0000000081200000, 0x0000000081100000| Untracked 
|  18|0x0000000081200000, 0x0000000081300000, 0x0000000081300000|100%| O|  |TAMS 0x0000000081300000, 0x0000000081200000| Untracked 
|  19|0x0000000081300000, 0x0000000081400000, 0x0000000081400000|100%| O|  |TAMS 0x0000000081400000, 0x0000000081300000| Untracked 
|  20|0x0000000081400000, 0x0000000081500000, 0x0000000081500000|100%| O|  |TAMS 0x0000000081500000, 0x0000000081400000| Untracked 
|  21|0x0000000081500000, 0x0000000081600000, 0x0000000081600000|100%| O|  |TAMS 0x0000000081600000, 0x0000000081500000| Untracked 
|  22|0x0000000081600000, 0x0000000081700000, 0x0000000081700000|100%| O|  |TAMS 0x0000000081700000, 0x0000000081600000| Untracked 
|  23|0x0000000081700000, 0x0000000081800000, 0x0000000081800000|100%| O|  |TAMS 0x0000000081800000, 0x0000000081700000| Untracked 
|  24|0x0000000081800000, 0x0000000081900000, 0x0000000081900000|100%| O|  |TAMS 0x0000000081900000, 0x0000000081800000| Untracked 
|  25|0x0000000081900000, 0x0000000081a00000, 0x0000000081a00000|100%| O|  |TAMS 0x0000000081a00000, 0x0000000081900000| Untracked 
|  26|0x0000000081a00000, 0x0000000081b00000, 0x0000000081b00000|100%| O|  |TAMS 0x0000000081b00000, 0x0000000081a00000| Untracked 
|  27|0x0000000081b00000, 0x0000000081c00000, 0x0000000081c00000|100%| O|  |TAMS 0x0000000081c00000, 0x0000000081b00000| Untracked 
|  28|0x0000000081c00000, 0x0000000081d00000, 0x0000000081d00000|100%| O|  |TAMS 0x0000000081d00000, 0x0000000081c00000| Untracked 
|  29|0x0000000081d00000, 0x0000000081e00000, 0x0000000081e00000|100%|HS|  |TAMS 0x0000000081e00000, 0x0000000081d00000| Complete 
|  30|0x0000000081e00000, 0x0000000081f00000, 0x0000000081f00000|100%|HC|  |TAMS 0x0000000081f00000, 0x0000000081e00000| Complete 
|  31|0x0000000081f00000, 0x0000000082000000, 0x0000000082000000|100%| O|  |TAMS 0x0000000082000000, 0x0000000081f00000| Untracked 
|  32|0x0000000082000000, 0x0000000082100000, 0x0000000082100000|100%| O|  |TAMS 0x0000000082100000, 0x0000000082000000| Untracked 
|  33|0x0000000082100000, 0x0000000082200000, 0x0000000082200000|100%| O|  |TAMS 0x0000000082200000, 0x0000000082100000| Untracked 
|  34|0x0000000082200000, 0x0000000082300000, 0x0000000082300000|100%| O|  |TAMS 0x0000000082300000, 0x0000000082200000| Untracked 
|  35|0x0000000082300000, 0x0000000082400000, 0x0000000082400000|100%| O|  |TAMS 0x0000000082400000, 0x0000000082300000| Untracked 
|  36|0x0000000082400000, 0x0000000082500000, 0x0000000082500000|100%| O|  |TAMS 0x0000000082500000, 0x0000000082400000| Untracked 
|  37|0x0000000082500000, 0x0000000082600000, 0x0000000082600000|100%| O|  |TAMS 0x0000000082600000, 0x0000000082500000| Untracked 
|  38|0x0000000082600000, 0x0000000082700000, 0x0000000082700000|100%|HS|  |TAMS 0x0000000082700000, 0x0000000082600000| Complete 
|  39|0x0000000082700000, 0x0000000082800000, 0x0000000082800000|100%|HC|  |TAMS 0x0000000082800000, 0x0000000082700000| Complete 
|  40|0x0000000082800000, 0x0000000082900000, 0x0000000082900000|100%|HC|  |TAMS 0x0000000082900000, 0x0000000082800000| Complete 
|  41|0x0000000082900000, 0x0000000082a00000, 0x0000000082a00000|100%|HC|  |TAMS 0x0000000082a00000, 0x0000000082900000| Complete 
|  42|0x0000000082a00000, 0x0000000082b00000, 0x0000000082b00000|100%| O|  |TAMS 0x0000000082b00000, 0x0000000082a00000| Untracked 
|  43|0x0000000082b00000, 0x0000000082c00000, 0x0000000082c00000|100%| O|  |TAMS 0x0000000082c00000, 0x0000000082b00000| Untracked 
|  44|0x0000000082c00000, 0x0000000082d00000, 0x0000000082d00000|100%| O|  |TAMS 0x0000000082d00000, 0x0000000082c00000| Untracked 
|  45|0x0000000082d00000, 0x0000000082e00000, 0x0000000082e00000|100%| O|  |TAMS 0x0000000082e00000, 0x0000000082d00000| Untracked 
|  46|0x0000000082e00000, 0x0000000082f00000, 0x0000000082f00000|100%| O|  |TAMS 0x0000000082f00000, 0x0000000082e00000| Untracked 
|  47|0x0000000082f00000, 0x0000000083000000, 0x0000000083000000|100%| O|  |TAMS 0x0000000083000000, 0x0000000082f00000| Untracked 
|  48|0x0000000083000000, 0x0000000083100000, 0x0000000083100000|100%| O|  |TAMS 0x0000000083100000, 0x0000000083000000| Untracked 
|  49|0x0000000083100000, 0x0000000083200000, 0x0000000083200000|100%| O|  |TAMS 0x0000000083200000, 0x0000000083100000| Untracked 
|  50|0x0000000083200000, 0x0000000083300000, 0x0000000083300000|100%| O|  |TAMS 0x0000000083300000, 0x0000000083200000| Untracked 
|  51|0x0000000083300000, 0x0000000083400000, 0x0000000083400000|100%| O|  |TAMS 0x0000000083400000, 0x0000000083300000| Untracked 
|  52|0x0000000083400000, 0x0000000083500000, 0x0000000083500000|100%| O|  |TAMS 0x0000000083500000, 0x0000000083400000| Untracked 
|  53|0x0000000083500000, 0x0000000083600000, 0x0000000083600000|100%| O|  |TAMS 0x0000000083600000, 0x0000000083500000| Untracked 
|  54|0x0000000083600000, 0x0000000083700000, 0x0000000083700000|100%| O|  |TAMS 0x0000000083700000, 0x0000000083600000| Untracked 
|  55|0x0000000083700000, 0x0000000083800000, 0x0000000083800000|100%| O|  |TAMS 0x0000000083800000, 0x0000000083700000| Untracked 
|  56|0x0000000083800000, 0x0000000083900000, 0x0000000083900000|100%| O|  |TAMS 0x0000000083900000, 0x0000000083800000| Untracked 
|  57|0x0000000083900000, 0x0000000083a00000, 0x0000000083a00000|100%| O|  |TAMS 0x0000000083a00000, 0x0000000083900000| Untracked 
|  58|0x0000000083a00000, 0x0000000083b00000, 0x0000000083b00000|100%| O|  |TAMS 0x0000000083b00000, 0x0000000083a00000| Untracked 
|  59|0x0000000083b00000, 0x0000000083c00000, 0x0000000083c00000|100%|HS|  |TAMS 0x0000000083c00000, 0x0000000083b00000| Complete 
|  60|0x0000000083c00000, 0x0000000083d00000, 0x0000000083d00000|100%| O|  |TAMS 0x0000000083d00000, 0x0000000083c00000| Untracked 
|  61|0x0000000083d00000, 0x0000000083e00000, 0x0000000083e00000|100%| O|  |TAMS 0x0000000083e00000, 0x0000000083d00000| Untracked 
|  62|0x0000000083e00000, 0x0000000083f00000, 0x0000000083f00000|100%| O|  |TAMS 0x0000000083f00000, 0x0000000083e00000| Untracked 
|  63|0x0000000083f00000, 0x0000000084000000, 0x0000000084000000|100%| O|  |TAMS 0x0000000084000000, 0x0000000083f00000| Untracked 
|  64|0x0000000084000000, 0x0000000084100000, 0x0000000084100000|100%| O|  |TAMS 0x0000000084100000, 0x0000000084000000| Untracked 
|  65|0x0000000084100000, 0x0000000084200000, 0x0000000084200000|100%| O|  |TAMS 0x0000000084200000, 0x0000000084100000| Untracked 
|  66|0x0000000084200000, 0x0000000084300000, 0x0000000084300000|100%| O|  |TAMS 0x0000000084300000, 0x0000000084200000| Untracked 
|  67|0x0000000084300000, 0x0000000084400000, 0x0000000084400000|100%| O|  |TAMS 0x0000000084400000, 0x0000000084300000| Untracked 
|  68|0x0000000084400000, 0x0000000084500000, 0x0000000084500000|100%| O|  |TAMS 0x0000000084500000, 0x0000000084400000| Untracked 
|  69|0x0000000084500000, 0x0000000084600000, 0x0000000084600000|100%|HS|  |TAMS 0x0000000084600000, 0x0000000084500000| Complete 
|  70|0x0000000084600000, 0x0000000084700000, 0x0000000084700000|100%| O|  |TAMS 0x0000000084700000, 0x0000000084600000| Untracked 
|  71|0x0000000084700000, 0x0000000084800000, 0x0000000084800000|100%| O|  |TAMS 0x0000000084800000, 0x0000000084700000| Untracked 
|  72|0x0000000084800000, 0x0000000084900000, 0x0000000084900000|100%| O|  |TAMS 0x0000000084900000, 0x0000000084800000| Untracked 
|  73|0x0000000084900000, 0x0000000084a00000, 0x0000000084a00000|100%| O|  |TAMS 0x0000000084a00000, 0x0000000084900000| Untracked 
|  74|0x0000000084a00000, 0x0000000084b00000, 0x0000000084b00000|100%| O|  |TAMS 0x0000000084b00000, 0x0000000084a00000| Untracked 
|  75|0x0000000084b00000, 0x0000000084c00000, 0x0000000084c00000|100%| O|  |TAMS 0x0000000084c00000, 0x0000000084b00000| Untracked 
|  76|0x0000000084c00000, 0x0000000084d00000, 0x0000000084d00000|100%|HS|  |TAMS 0x0000000084d00000, 0x0000000084c00000| Complete 
|  77|0x0000000084d00000, 0x0000000084e00000, 0x0000000084e00000|100%| O|  |TAMS 0x0000000084e00000, 0x0000000084d00000| Untracked 
|  78|0x0000000084e00000, 0x0000000084f00000, 0x0000000084f00000|100%| O|  |TAMS 0x0000000084f00000, 0x0000000084e00000| Untracked 
|  79|0x0000000084f00000, 0x0000000085000000, 0x0000000085000000|100%| O|  |TAMS 0x0000000085000000, 0x0000000084f00000| Untracked 
|  80|0x0000000085000000, 0x0000000085100000, 0x0000000085100000|100%| O|  |TAMS 0x0000000085100000, 0x0000000085000000| Untracked 
|  81|0x0000000085100000, 0x0000000085200000, 0x0000000085200000|100%| O|  |TAMS 0x0000000085200000, 0x0000000085100000| Untracked 
|  82|0x0000000085200000, 0x0000000085300000, 0x0000000085300000|100%| O|  |TAMS 0x0000000085300000, 0x0000000085200000| Untracked 
|  83|0x0000000085300000, 0x0000000085400000, 0x0000000085400000|100%| O|  |TAMS 0x0000000085400000, 0x0000000085300000| Untracked 
|  84|0x0000000085400000, 0x0000000085500000, 0x0000000085500000|100%| O|  |TAMS 0x0000000085500000, 0x0000000085400000| Untracked 
|  85|0x0000000085500000, 0x0000000085600000, 0x0000000085600000|100%| O|  |TAMS 0x0000000085600000, 0x0000000085500000| Untracked 
|  86|0x0000000085600000, 0x0000000085700000, 0x0000000085700000|100%| O|  |TAMS 0x0000000085700000, 0x0000000085600000| Untracked 
|  87|0x0000000085700000, 0x0000000085800000, 0x0000000085800000|100%| O|  |TAMS 0x0000000085800000, 0x0000000085700000| Untracked 
|  88|0x0000000085800000, 0x0000000085900000, 0x0000000085900000|100%| O|  |TAMS 0x0000000085900000, 0x0000000085800000| Untracked 
|  89|0x0000000085900000, 0x0000000085a00000, 0x0000000085a00000|100%| O|  |TAMS 0x0000000085a00000, 0x0000000085900000| Untracked 
|  90|0x0000000085a00000, 0x0000000085b00000, 0x0000000085b00000|100%|HS|  |TAMS 0x0000000085b00000, 0x0000000085a00000| Complete 
|  91|0x0000000085b00000, 0x0000000085c00000, 0x0000000085c00000|100%|HS|  |TAMS 0x0000000085c00000, 0x0000000085b00000| Complete 
|  92|0x0000000085c00000, 0x0000000085d00000, 0x0000000085d00000|100%|HS|  |TAMS 0x0000000085d00000, 0x0000000085c00000| Complete 
|  93|0x0000000085d00000, 0x0000000085e00000, 0x0000000085e00000|100%|HC|  |TAMS 0x0000000085e00000, 0x0000000085d00000| Complete 
|  94|0x0000000085e00000, 0x0000000085f00000, 0x0000000085f00000|100%|HC|  |TAMS 0x0000000085f00000, 0x0000000085e00000| Complete 
|  95|0x0000000085f00000, 0x0000000086000000, 0x0000000086000000|100%|HS|  |TAMS 0x0000000086000000, 0x0000000085f00000| Complete 
|  96|0x0000000086000000, 0x0000000086100000, 0x0000000086100000|100%|HC|  |TAMS 0x0000000086100000, 0x0000000086000000| Complete 
|  97|0x0000000086100000, 0x0000000086200000, 0x0000000086200000|100%|HS|  |TAMS 0x0000000086200000, 0x0000000086100000| Complete 
|  98|0x0000000086200000, 0x0000000086300000, 0x0000000086300000|100%|HC|  |TAMS 0x0000000086300000, 0x0000000086200000| Complete 
|  99|0x0000000086300000, 0x0000000086400000, 0x0000000086400000|100%|HC|  |TAMS 0x0000000086400000, 0x0000000086300000| Complete 
| 100|0x0000000086400000, 0x0000000086500000, 0x0000000086500000|100%|HS|  |TAMS 0x0000000086500000, 0x0000000086400000| Complete 
| 101|0x0000000086500000, 0x0000000086600000, 0x0000000086600000|100%|HC|  |TAMS 0x0000000086600000, 0x0000000086500000| Complete 
| 102|0x0000000086600000, 0x0000000086700000, 0x0000000086700000|100%| O|  |TAMS 0x0000000086700000, 0x0000000086600000| Untracked 
| 103|0x0000000086700000, 0x0000000086700000, 0x0000000086800000|  0%| F|  |TAMS 0x0000000086700000, 0x0000000086700000| Untracked 
| 104|0x0000000086800000, 0x0000000086900000, 0x0000000086900000|100%| O|  |TAMS 0x0000000086900000, 0x0000000086800000| Untracked 
| 105|0x0000000086900000, 0x0000000086a00000, 0x0000000086a00000|100%| O|  |TAMS 0x0000000086a00000, 0x0000000086900000| Untracked 
| 106|0x0000000086a00000, 0x0000000086b00000, 0x0000000086b00000|100%| O|  |TAMS 0x0000000086b00000, 0x0000000086a00000| Untracked 
| 107|0x0000000086b00000, 0x0000000086c00000, 0x0000000086c00000|100%| O|  |TAMS 0x0000000086c00000, 0x0000000086b00000| Untracked 
| 108|0x0000000086c00000, 0x0000000086d00000, 0x0000000086d00000|100%| O|  |TAMS 0x0000000086d00000, 0x0000000086c00000| Untracked 
| 109|0x0000000086d00000, 0x0000000086e00000, 0x0000000086e00000|100%| O|  |TAMS 0x0000000086e00000, 0x0000000086d00000| Untracked 
| 110|0x0000000086e00000, 0x0000000086f00000, 0x0000000086f00000|100%| O|  |TAMS 0x0000000086f00000, 0x0000000086e00000| Untracked 
| 111|0x0000000086f00000, 0x0000000087000000, 0x0000000087000000|100%| O|  |TAMS 0x0000000087000000, 0x0000000086f00000| Untracked 
| 112|0x0000000087000000, 0x0000000087100000, 0x0000000087100000|100%| O|  |TAMS 0x0000000087100000, 0x0000000087000000| Untracked 
| 113|0x0000000087100000, 0x0000000087200000, 0x0000000087200000|100%| O|  |TAMS 0x0000000087200000, 0x0000000087100000| Untracked 
| 114|0x0000000087200000, 0x0000000087300000, 0x0000000087300000|100%| O|  |TAMS 0x0000000087300000, 0x0000000087200000| Untracked 
| 115|0x0000000087300000, 0x0000000087400000, 0x0000000087400000|100%| O|  |TAMS 0x0000000087400000, 0x0000000087300000| Untracked 
| 116|0x0000000087400000, 0x0000000087500000, 0x0000000087500000|100%| O|  |TAMS 0x0000000087500000, 0x0000000087400000| Untracked 
| 117|0x0000000087500000, 0x0000000087600000, 0x0000000087600000|100%| O|  |TAMS 0x0000000087600000, 0x0000000087500000| Untracked 
| 118|0x0000000087600000, 0x0000000087700000, 0x0000000087700000|100%| O|  |TAMS 0x0000000087700000, 0x0000000087600000| Untracked 
| 119|0x0000000087700000, 0x0000000087800000, 0x0000000087800000|100%| O|  |TAMS 0x0000000087800000, 0x0000000087700000| Untracked 
| 120|0x0000000087800000, 0x0000000087900000, 0x0000000087900000|100%| O|  |TAMS 0x0000000087900000, 0x0000000087800000| Untracked 
| 121|0x0000000087900000, 0x0000000087a00000, 0x0000000087a00000|100%| O|  |TAMS 0x0000000087a00000, 0x0000000087900000| Untracked 
| 122|0x0000000087a00000, 0x0000000087b00000, 0x0000000087b00000|100%| O|  |TAMS 0x0000000087b00000, 0x0000000087a00000| Untracked 
| 123|0x0000000087b00000, 0x0000000087c00000, 0x0000000087c00000|100%| O|  |TAMS 0x0000000087c00000, 0x0000000087b00000| Untracked 
| 124|0x0000000087c00000, 0x0000000087d00000, 0x0000000087d00000|100%| O|  |TAMS 0x0000000087d00000, 0x0000000087c00000| Untracked 
| 125|0x0000000087d00000, 0x0000000087e00000, 0x0000000087e00000|100%| O|  |TAMS 0x0000000087e00000, 0x0000000087d00000| Untracked 
| 126|0x0000000087e00000, 0x0000000087f00000, 0x0000000087f00000|100%| O|  |TAMS 0x0000000087f00000, 0x0000000087e00000| Untracked 
| 127|0x0000000087f00000, 0x0000000088000000, 0x0000000088000000|100%| O|  |TAMS 0x0000000088000000, 0x0000000087f00000| Untracked 
| 128|0x0000000088000000, 0x0000000088100000, 0x0000000088100000|100%| O|  |TAMS 0x0000000088100000, 0x0000000088000000| Untracked 
| 129|0x0000000088100000, 0x0000000088200000, 0x0000000088200000|100%| O|  |TAMS 0x0000000088200000, 0x0000000088100000| Untracked 
| 130|0x0000000088200000, 0x0000000088200000, 0x0000000088300000|  0%| F|  |TAMS 0x0000000088200000, 0x0000000088200000| Untracked 
| 131|0x0000000088300000, 0x0000000088400000, 0x0000000088400000|100%| O|  |TAMS 0x0000000088400000, 0x0000000088300000| Untracked 
| 132|0x0000000088400000, 0x0000000088500000, 0x0000000088500000|100%| O|  |TAMS 0x0000000088500000, 0x0000000088400000| Untracked 
| 133|0x0000000088500000, 0x0000000088600000, 0x0000000088600000|100%| O|  |TAMS 0x0000000088600000, 0x0000000088500000| Untracked 
| 134|0x0000000088600000, 0x0000000088700000, 0x0000000088700000|100%| O|  |TAMS 0x0000000088700000, 0x0000000088600000| Untracked 
| 135|0x0000000088700000, 0x0000000088800000, 0x0000000088800000|100%| O|  |TAMS 0x0000000088800000, 0x0000000088700000| Untracked 
| 136|0x0000000088800000, 0x0000000088900000, 0x0000000088900000|100%| O|  |TAMS 0x0000000088900000, 0x0000000088800000| Untracked 
| 137|0x0000000088900000, 0x0000000088a00000, 0x0000000088a00000|100%| O|  |TAMS 0x0000000088a00000, 0x0000000088900000| Complete 
| 138|0x0000000088a00000, 0x0000000088b00000, 0x0000000088b00000|100%| O|  |TAMS 0x0000000088b00000, 0x0000000088a00000| Untracked 
| 139|0x0000000088b00000, 0x0000000088c00000, 0x0000000088c00000|100%| O|  |TAMS 0x0000000088c00000, 0x0000000088b00000| Complete 
| 140|0x0000000088c00000, 0x0000000088c6b800, 0x0000000088d00000| 41%| O|  |TAMS 0x0000000088c6b800, 0x0000000088c00000| Untracked 
| 141|0x0000000088d00000, 0x0000000088d00000, 0x0000000088e00000|  0%| F|  |TAMS 0x0000000088d00000, 0x0000000088d00000| Untracked 
| 142|0x0000000088e00000, 0x0000000088e00000, 0x0000000088f00000|  0%| F|  |TAMS 0x0000000088e00000, 0x0000000088e00000| Untracked 
| 143|0x0000000088f00000, 0x0000000088f00000, 0x0000000089000000|  0%| F|  |TAMS 0x0000000088f00000, 0x0000000088f00000| Untracked 
| 144|0x0000000089000000, 0x0000000089000000, 0x0000000089100000|  0%| F|  |TAMS 0x0000000089000000, 0x0000000089000000| Untracked 
| 145|0x0000000089100000, 0x0000000089100000, 0x0000000089200000|  0%| F|  |TAMS 0x0000000089100000, 0x0000000089100000| Untracked 
| 146|0x0000000089200000, 0x0000000089200000, 0x0000000089300000|  0%| F|  |TAMS 0x0000000089200000, 0x0000000089200000| Untracked 
| 147|0x0000000089300000, 0x0000000089300000, 0x0000000089400000|  0%| F|  |TAMS 0x0000000089300000, 0x0000000089300000| Untracked 
| 148|0x0000000089400000, 0x0000000089400000, 0x0000000089500000|  0%| F|  |TAMS 0x0000000089400000, 0x0000000089400000| Untracked 
| 149|0x0000000089500000, 0x0000000089500000, 0x0000000089600000|  0%| F|  |TAMS 0x0000000089500000, 0x0000000089500000| Untracked 
| 150|0x0000000089600000, 0x0000000089600000, 0x0000000089700000|  0%| F|  |TAMS 0x0000000089600000, 0x0000000089600000| Untracked 
| 151|0x0000000089700000, 0x0000000089700000, 0x0000000089800000|  0%| F|  |TAMS 0x0000000089700000, 0x0000000089700000| Untracked 
| 152|0x0000000089800000, 0x0000000089800000, 0x0000000089900000|  0%| F|  |TAMS 0x0000000089800000, 0x0000000089800000| Untracked 
| 153|0x0000000089900000, 0x0000000089900000, 0x0000000089a00000|  0%| F|  |TAMS 0x0000000089900000, 0x0000000089900000| Untracked 
| 154|0x0000000089a00000, 0x0000000089a00000, 0x0000000089b00000|  0%| F|  |TAMS 0x0000000089a00000, 0x0000000089a00000| Untracked 
| 155|0x0000000089b00000, 0x0000000089b00000, 0x0000000089c00000|  0%| F|  |TAMS 0x0000000089b00000, 0x0000000089b00000| Untracked 
| 156|0x0000000089c00000, 0x0000000089c00000, 0x0000000089d00000|  0%| F|  |TAMS 0x0000000089c00000, 0x0000000089c00000| Untracked 
| 157|0x0000000089d00000, 0x0000000089d00000, 0x0000000089e00000|  0%| F|  |TAMS 0x0000000089d00000, 0x0000000089d00000| Untracked 
| 158|0x0000000089e00000, 0x0000000089e00000, 0x0000000089f00000|  0%| F|  |TAMS 0x0000000089e00000, 0x0000000089e00000| Untracked 
| 159|0x0000000089f00000, 0x0000000089f00000, 0x000000008a000000|  0%| F|  |TAMS 0x0000000089f00000, 0x0000000089f00000| Untracked 
| 160|0x000000008a000000, 0x000000008a000000, 0x000000008a100000|  0%| F|  |TAMS 0x000000008a000000, 0x000000008a000000| Untracked 
| 161|0x000000008a100000, 0x000000008a100000, 0x000000008a200000|  0%| F|  |TAMS 0x000000008a100000, 0x000000008a100000| Untracked 
| 162|0x000000008a200000, 0x000000008a200000, 0x000000008a300000|  0%| F|  |TAMS 0x000000008a200000, 0x000000008a200000| Untracked 
| 163|0x000000008a300000, 0x000000008a300000, 0x000000008a400000|  0%| F|  |TAMS 0x000000008a300000, 0x000000008a300000| Untracked 
| 164|0x000000008a400000, 0x000000008a400000, 0x000000008a500000|  0%| F|  |TAMS 0x000000008a400000, 0x000000008a400000| Untracked 
| 165|0x000000008a500000, 0x000000008a500000, 0x000000008a600000|  0%| F|  |TAMS 0x000000008a500000, 0x000000008a500000| Untracked 
| 166|0x000000008a600000, 0x000000008a600000, 0x000000008a700000|  0%| F|  |TAMS 0x000000008a600000, 0x000000008a600000| Untracked 
| 167|0x000000008a700000, 0x000000008a700000, 0x000000008a800000|  0%| F|  |TAMS 0x000000008a700000, 0x000000008a700000| Untracked 
| 168|0x000000008a800000, 0x000000008a800000, 0x000000008a900000|  0%| F|  |TAMS 0x000000008a800000, 0x000000008a800000| Untracked 
| 169|0x000000008a900000, 0x000000008a900000, 0x000000008aa00000|  0%| F|  |TAMS 0x000000008a900000, 0x000000008a900000| Untracked 
| 170|0x000000008aa00000, 0x000000008aa00000, 0x000000008ab00000|  0%| F|  |TAMS 0x000000008aa00000, 0x000000008aa00000| Untracked 
| 171|0x000000008ab00000, 0x000000008ab00000, 0x000000008ac00000|  0%| F|  |TAMS 0x000000008ab00000, 0x000000008ab00000| Untracked 
| 172|0x000000008ac00000, 0x000000008ac00000, 0x000000008ad00000|  0%| F|  |TAMS 0x000000008ac00000, 0x000000008ac00000| Untracked 
| 173|0x000000008ad00000, 0x000000008ad00000, 0x000000008ae00000|  0%| F|  |TAMS 0x000000008ad00000, 0x000000008ad00000| Untracked 
| 174|0x000000008ae00000, 0x000000008ae00000, 0x000000008af00000|  0%| F|  |TAMS 0x000000008ae00000, 0x000000008ae00000| Untracked 
| 175|0x000000008af00000, 0x000000008af00000, 0x000000008b000000|  0%| F|  |TAMS 0x000000008af00000, 0x000000008af00000| Untracked 
| 176|0x000000008b000000, 0x000000008b000000, 0x000000008b100000|  0%| F|  |TAMS 0x000000008b000000, 0x000000008b000000| Untracked 
| 177|0x000000008b100000, 0x000000008b100000, 0x000000008b200000|  0%| F|  |TAMS 0x000000008b100000, 0x000000008b100000| Untracked 
| 178|0x000000008b200000, 0x000000008b200000, 0x000000008b300000|  0%| F|  |TAMS 0x000000008b200000, 0x000000008b200000| Untracked 
| 179|0x000000008b300000, 0x000000008b300000, 0x000000008b400000|  0%| F|  |TAMS 0x000000008b300000, 0x000000008b300000| Untracked 
| 180|0x000000008b400000, 0x000000008b400000, 0x000000008b500000|  0%| F|  |TAMS 0x000000008b400000, 0x000000008b400000| Untracked 
| 181|0x000000008b500000, 0x000000008b500000, 0x000000008b600000|  0%| F|  |TAMS 0x000000008b500000, 0x000000008b500000| Untracked 
| 182|0x000000008b600000, 0x000000008b600000, 0x000000008b700000|  0%| F|  |TAMS 0x000000008b600000, 0x000000008b600000| Untracked 
| 183|0x000000008b700000, 0x000000008b700000, 0x000000008b800000|  0%| F|  |TAMS 0x000000008b700000, 0x000000008b700000| Untracked 
| 184|0x000000008b800000, 0x000000008b800000, 0x000000008b900000|  0%| F|  |TAMS 0x000000008b800000, 0x000000008b800000| Untracked 
| 185|0x000000008b900000, 0x000000008b900000, 0x000000008ba00000|  0%| F|  |TAMS 0x000000008b900000, 0x000000008b900000| Untracked 
| 186|0x000000008ba00000, 0x000000008ba00000, 0x000000008bb00000|  0%| F|  |TAMS 0x000000008ba00000, 0x000000008ba00000| Untracked 
| 187|0x000000008bb00000, 0x000000008bb00000, 0x000000008bc00000|  0%| F|  |TAMS 0x000000008bb00000, 0x000000008bb00000| Untracked 
| 188|0x000000008bc00000, 0x000000008bc00000, 0x000000008bd00000|  0%| F|  |TAMS 0x000000008bc00000, 0x000000008bc00000| Untracked 
| 189|0x000000008bd00000, 0x000000008bd00000, 0x000000008be00000|  0%| F|  |TAMS 0x000000008bd00000, 0x000000008bd00000| Untracked 
| 190|0x000000008be00000, 0x000000008be00000, 0x000000008bf00000|  0%| F|  |TAMS 0x000000008be00000, 0x000000008be00000| Untracked 
| 191|0x000000008bf00000, 0x000000008bf00000, 0x000000008c000000|  0%| F|  |TAMS 0x000000008bf00000, 0x000000008bf00000| Untracked 
| 192|0x000000008c000000, 0x000000008c000000, 0x000000008c100000|  0%| F|  |TAMS 0x000000008c000000, 0x000000008c000000| Untracked 
| 193|0x000000008c100000, 0x000000008c100000, 0x000000008c200000|  0%| F|  |TAMS 0x000000008c100000, 0x000000008c100000| Untracked 
| 194|0x000000008c200000, 0x000000008c200000, 0x000000008c300000|  0%| F|  |TAMS 0x000000008c200000, 0x000000008c200000| Untracked 
| 195|0x000000008c300000, 0x000000008c300000, 0x000000008c400000|  0%| F|  |TAMS 0x000000008c300000, 0x000000008c300000| Untracked 
| 196|0x000000008c400000, 0x000000008c400000, 0x000000008c500000|  0%| F|  |TAMS 0x000000008c400000, 0x000000008c400000| Untracked 
| 197|0x000000008c500000, 0x000000008c500000, 0x000000008c600000|  0%| F|  |TAMS 0x000000008c500000, 0x000000008c500000| Untracked 
| 198|0x000000008c600000, 0x000000008c600000, 0x000000008c700000|  0%| F|  |TAMS 0x000000008c600000, 0x000000008c600000| Untracked 
| 199|0x000000008c700000, 0x000000008c7a2f00, 0x000000008c800000| 63%| S|CS|TAMS 0x000000008c700000, 0x000000008c700000| Complete 
| 200|0x000000008c800000, 0x000000008c800000, 0x000000008c900000|  0%| F|  |TAMS 0x000000008c800000, 0x000000008c800000| Untracked 
| 201|0x000000008c900000, 0x000000008c900000, 0x000000008ca00000|  0%| F|  |TAMS 0x000000008c900000, 0x000000008c900000| Untracked 
| 202|0x000000008ca00000, 0x000000008ca00000, 0x000000008cb00000|  0%| F|  |TAMS 0x000000008ca00000, 0x000000008ca00000| Untracked 
| 203|0x000000008cb00000, 0x000000008cb00000, 0x000000008cc00000|  0%| F|  |TAMS 0x000000008cb00000, 0x000000008cb00000| Untracked 
| 204|0x000000008cc00000, 0x000000008cc00000, 0x000000008cd00000|  0%| F|  |TAMS 0x000000008cc00000, 0x000000008cc00000| Untracked 
| 205|0x000000008cd00000, 0x000000008cd00000, 0x000000008ce00000|  0%| F|  |TAMS 0x000000008cd00000, 0x000000008cd00000| Untracked 
| 206|0x000000008ce00000, 0x000000008ce00000, 0x000000008cf00000|  0%| F|  |TAMS 0x000000008ce00000, 0x000000008ce00000| Untracked 
| 207|0x000000008cf00000, 0x000000008cf00000, 0x000000008d000000|  0%| F|  |TAMS 0x000000008cf00000, 0x000000008cf00000| Untracked 
| 208|0x000000008d000000, 0x000000008d000000, 0x000000008d100000|  0%| F|  |TAMS 0x000000008d000000, 0x000000008d000000| Untracked 
| 209|0x000000008d100000, 0x000000008d100000, 0x000000008d200000|  0%| F|  |TAMS 0x000000008d100000, 0x000000008d100000| Untracked 
| 210|0x000000008d200000, 0x000000008d200000, 0x000000008d300000|  0%| F|  |TAMS 0x000000008d200000, 0x000000008d200000| Untracked 
| 211|0x000000008d300000, 0x000000008d300000, 0x000000008d400000|  0%| F|  |TAMS 0x000000008d300000, 0x000000008d300000| Untracked 
| 212|0x000000008d400000, 0x000000008d400000, 0x000000008d500000|  0%| F|  |TAMS 0x000000008d400000, 0x000000008d400000| Untracked 
| 213|0x000000008d500000, 0x000000008d500000, 0x000000008d600000|  0%| F|  |TAMS 0x000000008d500000, 0x000000008d500000| Untracked 
| 214|0x000000008d600000, 0x000000008d600000, 0x000000008d700000|  0%| F|  |TAMS 0x000000008d600000, 0x000000008d600000| Untracked 
| 215|0x000000008d700000, 0x000000008d700000, 0x000000008d800000|  0%| F|  |TAMS 0x000000008d700000, 0x000000008d700000| Untracked 
| 216|0x000000008d800000, 0x000000008d800000, 0x000000008d900000|  0%| F|  |TAMS 0x000000008d800000, 0x000000008d800000| Untracked 
| 217|0x000000008d900000, 0x000000008d900000, 0x000000008da00000|  0%| F|  |TAMS 0x000000008d900000, 0x000000008d900000| Untracked 
| 218|0x000000008da00000, 0x000000008da00000, 0x000000008db00000|  0%| F|  |TAMS 0x000000008da00000, 0x000000008da00000| Untracked 
| 219|0x000000008db00000, 0x000000008db00000, 0x000000008dc00000|  0%| F|  |TAMS 0x000000008db00000, 0x000000008db00000| Untracked 
| 220|0x000000008dc00000, 0x000000008dc00000, 0x000000008dd00000|  0%| F|  |TAMS 0x000000008dc00000, 0x000000008dc00000| Untracked 
| 221|0x000000008dd00000, 0x000000008dd00000, 0x000000008de00000|  0%| F|  |TAMS 0x000000008dd00000, 0x000000008dd00000| Untracked 
| 222|0x000000008de00000, 0x000000008de00000, 0x000000008df00000|  0%| F|  |TAMS 0x000000008de00000, 0x000000008de00000| Untracked 
| 223|0x000000008df00000, 0x000000008df00000, 0x000000008e000000|  0%| F|  |TAMS 0x000000008df00000, 0x000000008df00000| Untracked 
| 224|0x000000008e000000, 0x000000008e000000, 0x000000008e100000|  0%| F|  |TAMS 0x000000008e000000, 0x000000008e000000| Untracked 
| 225|0x000000008e100000, 0x000000008e100000, 0x000000008e200000|  0%| F|  |TAMS 0x000000008e100000, 0x000000008e100000| Untracked 
| 226|0x000000008e200000, 0x000000008e200000, 0x000000008e300000|  0%| F|  |TAMS 0x000000008e200000, 0x000000008e200000| Untracked 
| 227|0x000000008e300000, 0x000000008e300000, 0x000000008e400000|  0%| F|  |TAMS 0x000000008e300000, 0x000000008e300000| Untracked 
| 228|0x000000008e400000, 0x000000008e400000, 0x000000008e500000|  0%| F|  |TAMS 0x000000008e400000, 0x000000008e400000| Untracked 
| 229|0x000000008e500000, 0x000000008e500000, 0x000000008e600000|  0%| F|  |TAMS 0x000000008e500000, 0x000000008e500000| Untracked 
| 230|0x000000008e600000, 0x000000008e600000, 0x000000008e700000|  0%| F|  |TAMS 0x000000008e600000, 0x000000008e600000| Untracked 
| 231|0x000000008e700000, 0x000000008e700000, 0x000000008e800000|  0%| F|  |TAMS 0x000000008e700000, 0x000000008e700000| Untracked 
| 232|0x000000008e800000, 0x000000008e800000, 0x000000008e900000|  0%| F|  |TAMS 0x000000008e800000, 0x000000008e800000| Untracked 
| 233|0x000000008e900000, 0x000000008e900000, 0x000000008ea00000|  0%| F|  |TAMS 0x000000008e900000, 0x000000008e900000| Untracked 
| 234|0x000000008ea00000, 0x000000008ea00000, 0x000000008eb00000|  0%| F|  |TAMS 0x000000008ea00000, 0x000000008ea00000| Untracked 
| 235|0x000000008eb00000, 0x000000008eb00000, 0x000000008ec00000|  0%| F|  |TAMS 0x000000008eb00000, 0x000000008eb00000| Untracked 
| 236|0x000000008ec00000, 0x000000008ec00000, 0x000000008ed00000|  0%| F|  |TAMS 0x000000008ec00000, 0x000000008ec00000| Untracked 
| 237|0x000000008ed00000, 0x000000008ed00000, 0x000000008ee00000|  0%| F|  |TAMS 0x000000008ed00000, 0x000000008ed00000| Untracked 
| 238|0x000000008ee00000, 0x000000008ee00000, 0x000000008ef00000|  0%| F|  |TAMS 0x000000008ee00000, 0x000000008ee00000| Untracked 
| 239|0x000000008ef00000, 0x000000008ef00000, 0x000000008f000000|  0%| F|  |TAMS 0x000000008ef00000, 0x000000008ef00000| Untracked 
| 240|0x000000008f000000, 0x000000008f000000, 0x000000008f100000|  0%| F|  |TAMS 0x000000008f000000, 0x000000008f000000| Untracked 
| 241|0x000000008f100000, 0x000000008f100000, 0x000000008f200000|  0%| F|  |TAMS 0x000000008f100000, 0x000000008f100000| Untracked 
| 242|0x000000008f200000, 0x000000008f200000, 0x000000008f300000|  0%| F|  |TAMS 0x000000008f200000, 0x000000008f200000| Untracked 
| 243|0x000000008f300000, 0x000000008f300000, 0x000000008f400000|  0%| F|  |TAMS 0x000000008f300000, 0x000000008f300000| Untracked 
| 244|0x000000008f400000, 0x000000008f400000, 0x000000008f500000|  0%| F|  |TAMS 0x000000008f400000, 0x000000008f400000| Untracked 
| 245|0x000000008f500000, 0x000000008f500000, 0x000000008f600000|  0%| F|  |TAMS 0x000000008f500000, 0x000000008f500000| Untracked 
| 246|0x000000008f600000, 0x000000008f600000, 0x000000008f700000|  0%| F|  |TAMS 0x000000008f600000, 0x000000008f600000| Untracked 
| 247|0x000000008f700000, 0x000000008f700000, 0x000000008f800000|  0%| F|  |TAMS 0x000000008f700000, 0x000000008f700000| Untracked 
| 248|0x000000008f800000, 0x000000008f800000, 0x000000008f900000|  0%| F|  |TAMS 0x000000008f800000, 0x000000008f800000| Untracked 
| 249|0x000000008f900000, 0x000000008f900000, 0x000000008fa00000|  0%| F|  |TAMS 0x000000008f900000, 0x000000008f900000| Untracked 
| 250|0x000000008fa00000, 0x000000008fa00000, 0x000000008fb00000|  0%| F|  |TAMS 0x000000008fa00000, 0x000000008fa00000| Untracked 
| 251|0x000000008fb00000, 0x000000008fb00000, 0x000000008fc00000|  0%| F|  |TAMS 0x000000008fb00000, 0x000000008fb00000| Untracked 
| 252|0x000000008fc00000, 0x000000008fc00000, 0x000000008fd00000|  0%| F|  |TAMS 0x000000008fc00000, 0x000000008fc00000| Untracked 
| 253|0x000000008fd00000, 0x000000008fd00000, 0x000000008fe00000|  0%| F|  |TAMS 0x000000008fd00000, 0x000000008fd00000| Untracked 
| 254|0x000000008fe00000, 0x000000008fe00000, 0x000000008ff00000|  0%| F|  |TAMS 0x000000008fe00000, 0x000000008fe00000| Untracked 
| 255|0x000000008ff00000, 0x000000008ff00000, 0x0000000090000000|  0%| F|  |TAMS 0x000000008ff00000, 0x000000008ff00000| Untracked 
| 256|0x0000000090000000, 0x0000000090000000, 0x0000000090100000|  0%| F|  |TAMS 0x0000000090000000, 0x0000000090000000| Untracked 
| 257|0x0000000090100000, 0x0000000090100000, 0x0000000090200000|  0%| F|  |TAMS 0x0000000090100000, 0x0000000090100000| Untracked 
| 258|0x0000000090200000, 0x0000000090200000, 0x0000000090300000|  0%| F|  |TAMS 0x0000000090200000, 0x0000000090200000| Untracked 
| 259|0x0000000090300000, 0x0000000090300000, 0x0000000090400000|  0%| F|  |TAMS 0x0000000090300000, 0x0000000090300000| Untracked 
| 260|0x0000000090400000, 0x0000000090400000, 0x0000000090500000|  0%| F|  |TAMS 0x0000000090400000, 0x0000000090400000| Untracked 
| 261|0x0000000090500000, 0x0000000090500000, 0x0000000090600000|  0%| F|  |TAMS 0x0000000090500000, 0x0000000090500000| Untracked 
| 262|0x0000000090600000, 0x0000000090600000, 0x0000000090700000|  0%| F|  |TAMS 0x0000000090600000, 0x0000000090600000| Untracked 
| 263|0x0000000090700000, 0x0000000090700000, 0x0000000090800000|  0%| F|  |TAMS 0x0000000090700000, 0x0000000090700000| Untracked 
| 264|0x0000000090800000, 0x0000000090800000, 0x0000000090900000|  0%| F|  |TAMS 0x0000000090800000, 0x0000000090800000| Untracked 
| 265|0x0000000090900000, 0x0000000090900000, 0x0000000090a00000|  0%| F|  |TAMS 0x0000000090900000, 0x0000000090900000| Untracked 
| 266|0x0000000090a00000, 0x0000000090a00000, 0x0000000090b00000|  0%| F|  |TAMS 0x0000000090a00000, 0x0000000090a00000| Untracked 
| 267|0x0000000090b00000, 0x0000000090b00000, 0x0000000090c00000|  0%| F|  |TAMS 0x0000000090b00000, 0x0000000090b00000| Untracked 
| 268|0x0000000090c00000, 0x0000000090c00000, 0x0000000090d00000|  0%| F|  |TAMS 0x0000000090c00000, 0x0000000090c00000| Untracked 
| 269|0x0000000090d00000, 0x0000000090d00000, 0x0000000090e00000|  0%| F|  |TAMS 0x0000000090d00000, 0x0000000090d00000| Untracked 
| 270|0x0000000090e00000, 0x0000000090e00000, 0x0000000090f00000|  0%| F|  |TAMS 0x0000000090e00000, 0x0000000090e00000| Untracked 
| 271|0x0000000090f00000, 0x0000000090f00000, 0x0000000091000000|  0%| F|  |TAMS 0x0000000090f00000, 0x0000000090f00000| Untracked 
| 272|0x0000000091000000, 0x0000000091000000, 0x0000000091100000|  0%| F|  |TAMS 0x0000000091000000, 0x0000000091000000| Untracked 
| 273|0x0000000091100000, 0x0000000091100000, 0x0000000091200000|  0%| F|  |TAMS 0x0000000091100000, 0x0000000091100000| Untracked 
| 274|0x0000000091200000, 0x0000000091200000, 0x0000000091300000|  0%| F|  |TAMS 0x0000000091200000, 0x0000000091200000| Untracked 
| 275|0x0000000091300000, 0x0000000091300000, 0x0000000091400000|  0%| F|  |TAMS 0x0000000091300000, 0x0000000091300000| Untracked 
| 276|0x0000000091400000, 0x0000000091400000, 0x0000000091500000|  0%| F|  |TAMS 0x0000000091400000, 0x0000000091400000| Untracked 
| 277|0x0000000091500000, 0x0000000091500000, 0x0000000091600000|  0%| F|  |TAMS 0x0000000091500000, 0x0000000091500000| Untracked 
| 278|0x0000000091600000, 0x0000000091600000, 0x0000000091700000|  0%| F|  |TAMS 0x0000000091600000, 0x0000000091600000| Untracked 
| 279|0x0000000091700000, 0x0000000091700000, 0x0000000091800000|  0%| F|  |TAMS 0x0000000091700000, 0x0000000091700000| Untracked 
| 280|0x0000000091800000, 0x0000000091800000, 0x0000000091900000|  0%| F|  |TAMS 0x0000000091800000, 0x0000000091800000| Untracked 
| 281|0x0000000091900000, 0x0000000091900000, 0x0000000091a00000|  0%| F|  |TAMS 0x0000000091900000, 0x0000000091900000| Untracked 
| 282|0x0000000091a00000, 0x0000000091a00000, 0x0000000091b00000|  0%| F|  |TAMS 0x0000000091a00000, 0x0000000091a00000| Untracked 
| 283|0x0000000091b00000, 0x0000000091b00000, 0x0000000091c00000|  0%| F|  |TAMS 0x0000000091b00000, 0x0000000091b00000| Untracked 
| 284|0x0000000091c00000, 0x0000000091c00000, 0x0000000091d00000|  0%| F|  |TAMS 0x0000000091c00000, 0x0000000091c00000| Untracked 
| 285|0x0000000091d00000, 0x0000000091d00000, 0x0000000091e00000|  0%| F|  |TAMS 0x0000000091d00000, 0x0000000091d00000| Untracked 
| 286|0x0000000091e00000, 0x0000000091e00000, 0x0000000091f00000|  0%| F|  |TAMS 0x0000000091e00000, 0x0000000091e00000| Untracked 
| 287|0x0000000091f00000, 0x0000000091f00000, 0x0000000092000000|  0%| F|  |TAMS 0x0000000091f00000, 0x0000000091f00000| Untracked 
| 288|0x0000000092000000, 0x0000000092000000, 0x0000000092100000|  0%| F|  |TAMS 0x0000000092000000, 0x0000000092000000| Untracked 
| 289|0x0000000092100000, 0x0000000092100000, 0x0000000092200000|  0%| F|  |TAMS 0x0000000092100000, 0x0000000092100000| Untracked 
| 290|0x0000000092200000, 0x0000000092200000, 0x0000000092300000|  0%| F|  |TAMS 0x0000000092200000, 0x0000000092200000| Untracked 
| 291|0x0000000092300000, 0x0000000092300000, 0x0000000092400000|  0%| F|  |TAMS 0x0000000092300000, 0x0000000092300000| Untracked 
| 292|0x0000000092400000, 0x0000000092400000, 0x0000000092500000|  0%| F|  |TAMS 0x0000000092400000, 0x0000000092400000| Untracked 
| 293|0x0000000092500000, 0x0000000092500000, 0x0000000092600000|  0%| F|  |TAMS 0x0000000092500000, 0x0000000092500000| Untracked 
| 294|0x0000000092600000, 0x0000000092600000, 0x0000000092700000|  0%| F|  |TAMS 0x0000000092600000, 0x0000000092600000| Untracked 
| 295|0x0000000092700000, 0x0000000092700000, 0x0000000092800000|  0%| F|  |TAMS 0x0000000092700000, 0x0000000092700000| Untracked 
| 296|0x0000000092800000, 0x0000000092800000, 0x0000000092900000|  0%| F|  |TAMS 0x0000000092800000, 0x0000000092800000| Untracked 
| 297|0x0000000092900000, 0x0000000092900000, 0x0000000092a00000|  0%| F|  |TAMS 0x0000000092900000, 0x0000000092900000| Untracked 
| 298|0x0000000092a00000, 0x0000000092a00000, 0x0000000092b00000|  0%| F|  |TAMS 0x0000000092a00000, 0x0000000092a00000| Untracked 
| 299|0x0000000092b00000, 0x0000000092b00000, 0x0000000092c00000|  0%| F|  |TAMS 0x0000000092b00000, 0x0000000092b00000| Untracked 
| 300|0x0000000092c00000, 0x0000000092c00000, 0x0000000092d00000|  0%| F|  |TAMS 0x0000000092c00000, 0x0000000092c00000| Untracked 
| 301|0x0000000092d00000, 0x0000000092d00000, 0x0000000092e00000|  0%| F|  |TAMS 0x0000000092d00000, 0x0000000092d00000| Untracked 
| 302|0x0000000092e00000, 0x0000000092e00000, 0x0000000092f00000|  0%| F|  |TAMS 0x0000000092e00000, 0x0000000092e00000| Untracked 
| 303|0x0000000092f00000, 0x0000000092f00000, 0x0000000093000000|  0%| F|  |TAMS 0x0000000092f00000, 0x0000000092f00000| Untracked 
| 304|0x0000000093000000, 0x0000000093000000, 0x0000000093100000|  0%| F|  |TAMS 0x0000000093000000, 0x0000000093000000| Untracked 
| 305|0x0000000093100000, 0x0000000093100000, 0x0000000093200000|  0%| F|  |TAMS 0x0000000093100000, 0x0000000093100000| Untracked 
| 306|0x0000000093200000, 0x0000000093200000, 0x0000000093300000|  0%| F|  |TAMS 0x0000000093200000, 0x0000000093200000| Untracked 
| 307|0x0000000093300000, 0x0000000093300000, 0x0000000093400000|  0%| F|  |TAMS 0x0000000093300000, 0x0000000093300000| Untracked 
| 308|0x0000000093400000, 0x0000000093400000, 0x0000000093500000|  0%| F|  |TAMS 0x0000000093400000, 0x0000000093400000| Untracked 
| 309|0x0000000093500000, 0x0000000093500000, 0x0000000093600000|  0%| F|  |TAMS 0x0000000093500000, 0x0000000093500000| Untracked 
| 310|0x0000000093600000, 0x0000000093600000, 0x0000000093700000|  0%| F|  |TAMS 0x0000000093600000, 0x0000000093600000| Untracked 
| 311|0x0000000093700000, 0x0000000093700000, 0x0000000093800000|  0%| F|  |TAMS 0x0000000093700000, 0x0000000093700000| Untracked 
| 312|0x0000000093800000, 0x0000000093800000, 0x0000000093900000|  0%| F|  |TAMS 0x0000000093800000, 0x0000000093800000| Untracked 
| 313|0x0000000093900000, 0x0000000093900000, 0x0000000093a00000|  0%| F|  |TAMS 0x0000000093900000, 0x0000000093900000| Untracked 
| 314|0x0000000093a00000, 0x0000000093a00000, 0x0000000093b00000|  0%| F|  |TAMS 0x0000000093a00000, 0x0000000093a00000| Untracked 
| 315|0x0000000093b00000, 0x0000000093b00000, 0x0000000093c00000|  0%| F|  |TAMS 0x0000000093b00000, 0x0000000093b00000| Untracked 
| 316|0x0000000093c00000, 0x0000000093c00000, 0x0000000093d00000|  0%| F|  |TAMS 0x0000000093c00000, 0x0000000093c00000| Untracked 
| 317|0x0000000093d00000, 0x0000000093d00000, 0x0000000093e00000|  0%| F|  |TAMS 0x0000000093d00000, 0x0000000093d00000| Untracked 
| 318|0x0000000093e00000, 0x0000000093e00000, 0x0000000093f00000|  0%| F|  |TAMS 0x0000000093e00000, 0x0000000093e00000| Untracked 
| 319|0x0000000093f00000, 0x0000000093f00000, 0x0000000094000000|  0%| F|  |TAMS 0x0000000093f00000, 0x0000000093f00000| Untracked 
| 320|0x0000000094000000, 0x0000000094000000, 0x0000000094100000|  0%| F|  |TAMS 0x0000000094000000, 0x0000000094000000| Untracked 
| 321|0x0000000094100000, 0x0000000094100000, 0x0000000094200000|  0%| F|  |TAMS 0x0000000094100000, 0x0000000094100000| Untracked 
| 322|0x0000000094200000, 0x0000000094200000, 0x0000000094300000|  0%| F|  |TAMS 0x0000000094200000, 0x0000000094200000| Untracked 
| 323|0x0000000094300000, 0x0000000094300000, 0x0000000094400000|  0%| F|  |TAMS 0x0000000094300000, 0x0000000094300000| Untracked 
| 324|0x0000000094400000, 0x0000000094400000, 0x0000000094500000|  0%| F|  |TAMS 0x0000000094400000, 0x0000000094400000| Untracked 
| 325|0x0000000094500000, 0x0000000094500000, 0x0000000094600000|  0%| F|  |TAMS 0x0000000094500000, 0x0000000094500000| Untracked 
| 326|0x0000000094600000, 0x0000000094600000, 0x0000000094700000|  0%| F|  |TAMS 0x0000000094600000, 0x0000000094600000| Untracked 
| 327|0x0000000094700000, 0x0000000094700000, 0x0000000094800000|  0%| F|  |TAMS 0x0000000094700000, 0x0000000094700000| Untracked 
| 328|0x0000000094800000, 0x0000000094800000, 0x0000000094900000|  0%| F|  |TAMS 0x0000000094800000, 0x0000000094800000| Untracked 
| 329|0x0000000094900000, 0x0000000094900000, 0x0000000094a00000|  0%| F|  |TAMS 0x0000000094900000, 0x0000000094900000| Untracked 
| 330|0x0000000094a00000, 0x0000000094a00000, 0x0000000094b00000|  0%| F|  |TAMS 0x0000000094a00000, 0x0000000094a00000| Untracked 
| 331|0x0000000094b00000, 0x0000000094b00000, 0x0000000094c00000|  0%| F|  |TAMS 0x0000000094b00000, 0x0000000094b00000| Untracked 
| 332|0x0000000094c00000, 0x0000000094c00000, 0x0000000094d00000|  0%| F|  |TAMS 0x0000000094c00000, 0x0000000094c00000| Untracked 
| 333|0x0000000094d00000, 0x0000000094d00000, 0x0000000094e00000|  0%| F|  |TAMS 0x0000000094d00000, 0x0000000094d00000| Untracked 
| 334|0x0000000094e00000, 0x0000000094e00000, 0x0000000094f00000|  0%| F|  |TAMS 0x0000000094e00000, 0x0000000094e00000| Untracked 
| 335|0x0000000094f00000, 0x0000000094f00000, 0x0000000095000000|  0%| F|  |TAMS 0x0000000094f00000, 0x0000000094f00000| Untracked 
| 336|0x0000000095000000, 0x0000000095000000, 0x0000000095100000|  0%| F|  |TAMS 0x0000000095000000, 0x0000000095000000| Untracked 
| 337|0x0000000095100000, 0x0000000095100000, 0x0000000095200000|  0%| F|  |TAMS 0x0000000095100000, 0x0000000095100000| Untracked 
| 338|0x0000000095200000, 0x0000000095200000, 0x0000000095300000|  0%| F|  |TAMS 0x0000000095200000, 0x0000000095200000| Untracked 
| 339|0x0000000095300000, 0x0000000095300000, 0x0000000095400000|  0%| F|  |TAMS 0x0000000095300000, 0x0000000095300000| Untracked 
| 340|0x0000000095400000, 0x0000000095400000, 0x0000000095500000|  0%| F|  |TAMS 0x0000000095400000, 0x0000000095400000| Untracked 
| 341|0x0000000095500000, 0x0000000095500000, 0x0000000095600000|  0%| F|  |TAMS 0x0000000095500000, 0x0000000095500000| Untracked 
| 342|0x0000000095600000, 0x0000000095600000, 0x0000000095700000|  0%| F|  |TAMS 0x0000000095600000, 0x0000000095600000| Untracked 
| 343|0x0000000095700000, 0x0000000095700000, 0x0000000095800000|  0%| F|  |TAMS 0x0000000095700000, 0x0000000095700000| Untracked 
| 344|0x0000000095800000, 0x0000000095800000, 0x0000000095900000|  0%| F|  |TAMS 0x0000000095800000, 0x0000000095800000| Untracked 
| 345|0x0000000095900000, 0x0000000095900000, 0x0000000095a00000|  0%| F|  |TAMS 0x0000000095900000, 0x0000000095900000| Untracked 
| 346|0x0000000095a00000, 0x0000000095a00000, 0x0000000095b00000|  0%| F|  |TAMS 0x0000000095a00000, 0x0000000095a00000| Untracked 
| 347|0x0000000095b00000, 0x0000000095b00000, 0x0000000095c00000|  0%| F|  |TAMS 0x0000000095b00000, 0x0000000095b00000| Untracked 
| 348|0x0000000095c00000, 0x0000000095c00000, 0x0000000095d00000|  0%| F|  |TAMS 0x0000000095c00000, 0x0000000095c00000| Untracked 
| 349|0x0000000095d00000, 0x0000000095d00000, 0x0000000095e00000|  0%| F|  |TAMS 0x0000000095d00000, 0x0000000095d00000| Untracked 
| 350|0x0000000095e00000, 0x0000000095e00000, 0x0000000095f00000|  0%| F|  |TAMS 0x0000000095e00000, 0x0000000095e00000| Untracked 
| 351|0x0000000095f00000, 0x0000000095f00000, 0x0000000096000000|  0%| F|  |TAMS 0x0000000095f00000, 0x0000000095f00000| Untracked 
| 352|0x0000000096000000, 0x0000000096000000, 0x0000000096100000|  0%| F|  |TAMS 0x0000000096000000, 0x0000000096000000| Untracked 
| 353|0x0000000096100000, 0x0000000096100000, 0x0000000096200000|  0%| F|  |TAMS 0x0000000096100000, 0x0000000096100000| Untracked 
| 354|0x0000000096200000, 0x0000000096200000, 0x0000000096300000|  0%| F|  |TAMS 0x0000000096200000, 0x0000000096200000| Untracked 
| 355|0x0000000096300000, 0x0000000096300000, 0x0000000096400000|  0%| F|  |TAMS 0x0000000096300000, 0x0000000096300000| Untracked 
| 356|0x0000000096400000, 0x0000000096400000, 0x0000000096500000|  0%| F|  |TAMS 0x0000000096400000, 0x0000000096400000| Untracked 
| 357|0x0000000096500000, 0x0000000096500000, 0x0000000096600000|  0%| F|  |TAMS 0x0000000096500000, 0x0000000096500000| Untracked 
| 358|0x0000000096600000, 0x0000000096600000, 0x0000000096700000|  0%| F|  |TAMS 0x0000000096600000, 0x0000000096600000| Untracked 
| 359|0x0000000096700000, 0x0000000096700000, 0x0000000096800000|  0%| F|  |TAMS 0x0000000096700000, 0x0000000096700000| Untracked 
| 360|0x0000000096800000, 0x0000000096800000, 0x0000000096900000|  0%| F|  |TAMS 0x0000000096800000, 0x0000000096800000| Untracked 
| 361|0x0000000096900000, 0x0000000096900000, 0x0000000096a00000|  0%| F|  |TAMS 0x0000000096900000, 0x0000000096900000| Untracked 
| 362|0x0000000096a00000, 0x0000000096a00000, 0x0000000096b00000|  0%| F|  |TAMS 0x0000000096a00000, 0x0000000096a00000| Untracked 
| 363|0x0000000096b00000, 0x0000000096b00000, 0x0000000096c00000|  0%| F|  |TAMS 0x0000000096b00000, 0x0000000096b00000| Untracked 
| 364|0x0000000096c00000, 0x0000000096c00000, 0x0000000096d00000|  0%| F|  |TAMS 0x0000000096c00000, 0x0000000096c00000| Untracked 
| 365|0x0000000096d00000, 0x0000000096d00000, 0x0000000096e00000|  0%| F|  |TAMS 0x0000000096d00000, 0x0000000096d00000| Untracked 
| 366|0x0000000096e00000, 0x0000000096e00000, 0x0000000096f00000|  0%| F|  |TAMS 0x0000000096e00000, 0x0000000096e00000| Untracked 
| 367|0x0000000096f00000, 0x0000000096f00000, 0x0000000097000000|  0%| F|  |TAMS 0x0000000096f00000, 0x0000000096f00000| Untracked 
| 368|0x0000000097000000, 0x0000000097000000, 0x0000000097100000|  0%| F|  |TAMS 0x0000000097000000, 0x0000000097000000| Untracked 
| 369|0x0000000097100000, 0x0000000097100000, 0x0000000097200000|  0%| F|  |TAMS 0x0000000097100000, 0x0000000097100000| Untracked 
| 370|0x0000000097200000, 0x0000000097200000, 0x0000000097300000|  0%| F|  |TAMS 0x0000000097200000, 0x0000000097200000| Untracked 
| 371|0x0000000097300000, 0x0000000097300000, 0x0000000097400000|  0%| F|  |TAMS 0x0000000097300000, 0x0000000097300000| Untracked 
| 372|0x0000000097400000, 0x0000000097400000, 0x0000000097500000|  0%| F|  |TAMS 0x0000000097400000, 0x0000000097400000| Untracked 
| 373|0x0000000097500000, 0x0000000097500000, 0x0000000097600000|  0%| F|  |TAMS 0x0000000097500000, 0x0000000097500000| Untracked 
| 374|0x0000000097600000, 0x0000000097600000, 0x0000000097700000|  0%| F|  |TAMS 0x0000000097600000, 0x0000000097600000| Untracked 
| 375|0x0000000097700000, 0x0000000097700000, 0x0000000097800000|  0%| F|  |TAMS 0x0000000097700000, 0x0000000097700000| Untracked 
| 376|0x0000000097800000, 0x0000000097800000, 0x0000000097900000|  0%| F|  |TAMS 0x0000000097800000, 0x0000000097800000| Untracked 
| 377|0x0000000097900000, 0x0000000097900000, 0x0000000097a00000|  0%| F|  |TAMS 0x0000000097900000, 0x0000000097900000| Untracked 
| 378|0x0000000097a00000, 0x0000000097a00000, 0x0000000097b00000|  0%| F|  |TAMS 0x0000000097a00000, 0x0000000097a00000| Untracked 
| 379|0x0000000097b00000, 0x0000000097b00000, 0x0000000097c00000|  0%| F|  |TAMS 0x0000000097b00000, 0x0000000097b00000| Untracked 
| 380|0x0000000097c00000, 0x0000000097c00000, 0x0000000097d00000|  0%| F|  |TAMS 0x0000000097c00000, 0x0000000097c00000| Untracked 
| 381|0x0000000097d00000, 0x0000000097d00000, 0x0000000097e00000|  0%| F|  |TAMS 0x0000000097d00000, 0x0000000097d00000| Untracked 
| 382|0x0000000097e00000, 0x0000000097e00000, 0x0000000097f00000|  0%| F|  |TAMS 0x0000000097e00000, 0x0000000097e00000| Untracked 
| 383|0x0000000097f00000, 0x0000000097f00000, 0x0000000098000000|  0%| F|  |TAMS 0x0000000097f00000, 0x0000000097f00000| Untracked 
| 384|0x0000000098000000, 0x0000000098000000, 0x0000000098100000|  0%| F|  |TAMS 0x0000000098000000, 0x0000000098000000| Untracked 
| 385|0x0000000098100000, 0x0000000098100000, 0x0000000098200000|  0%| F|  |TAMS 0x0000000098100000, 0x0000000098100000| Untracked 
| 386|0x0000000098200000, 0x0000000098200000, 0x0000000098300000|  0%| F|  |TAMS 0x0000000098200000, 0x0000000098200000| Untracked 
| 387|0x0000000098300000, 0x0000000098300000, 0x0000000098400000|  0%| F|  |TAMS 0x0000000098300000, 0x0000000098300000| Untracked 
| 388|0x0000000098400000, 0x0000000098400000, 0x0000000098500000|  0%| F|  |TAMS 0x0000000098400000, 0x0000000098400000| Untracked 
| 389|0x0000000098500000, 0x0000000098500000, 0x0000000098600000|  0%| F|  |TAMS 0x0000000098500000, 0x0000000098500000| Untracked 
| 390|0x0000000098600000, 0x0000000098600000, 0x0000000098700000|  0%| F|  |TAMS 0x0000000098600000, 0x0000000098600000| Untracked 
| 391|0x0000000098700000, 0x0000000098700000, 0x0000000098800000|  0%| F|  |TAMS 0x0000000098700000, 0x0000000098700000| Untracked 
| 392|0x0000000098800000, 0x0000000098800000, 0x0000000098900000|  0%| F|  |TAMS 0x0000000098800000, 0x0000000098800000| Untracked 
| 393|0x0000000098900000, 0x0000000098900000, 0x0000000098a00000|  0%| F|  |TAMS 0x0000000098900000, 0x0000000098900000| Untracked 
| 394|0x0000000098a00000, 0x0000000098a00000, 0x0000000098b00000|  0%| F|  |TAMS 0x0000000098a00000, 0x0000000098a00000| Untracked 
| 395|0x0000000098b00000, 0x0000000098b00000, 0x0000000098c00000|  0%| F|  |TAMS 0x0000000098b00000, 0x0000000098b00000| Untracked 
| 396|0x0000000098c00000, 0x0000000098c00000, 0x0000000098d00000|  0%| F|  |TAMS 0x0000000098c00000, 0x0000000098c00000| Untracked 
| 397|0x0000000098d00000, 0x0000000098d00000, 0x0000000098e00000|  0%| F|  |TAMS 0x0000000098d00000, 0x0000000098d00000| Untracked 
| 398|0x0000000098e00000, 0x0000000098e00000, 0x0000000098f00000|  0%| F|  |TAMS 0x0000000098e00000, 0x0000000098e00000| Untracked 
| 399|0x0000000098f00000, 0x0000000098f00000, 0x0000000099000000|  0%| F|  |TAMS 0x0000000098f00000, 0x0000000098f00000| Untracked 
| 400|0x0000000099000000, 0x0000000099000000, 0x0000000099100000|  0%| F|  |TAMS 0x0000000099000000, 0x0000000099000000| Untracked 
| 401|0x0000000099100000, 0x0000000099100000, 0x0000000099200000|  0%| F|  |TAMS 0x0000000099100000, 0x0000000099100000| Untracked 
| 402|0x0000000099200000, 0x0000000099200000, 0x0000000099300000|  0%| F|  |TAMS 0x0000000099200000, 0x0000000099200000| Untracked 
| 403|0x0000000099300000, 0x0000000099300000, 0x0000000099400000|  0%| F|  |TAMS 0x0000000099300000, 0x0000000099300000| Untracked 
| 404|0x0000000099400000, 0x0000000099400000, 0x0000000099500000|  0%| F|  |TAMS 0x0000000099400000, 0x0000000099400000| Untracked 
| 405|0x0000000099500000, 0x0000000099500000, 0x0000000099600000|  0%| F|  |TAMS 0x0000000099500000, 0x0000000099500000| Untracked 
| 406|0x0000000099600000, 0x0000000099600000, 0x0000000099700000|  0%| F|  |TAMS 0x0000000099600000, 0x0000000099600000| Untracked 
| 407|0x0000000099700000, 0x0000000099700000, 0x0000000099800000|  0%| F|  |TAMS 0x0000000099700000, 0x0000000099700000| Untracked 
| 408|0x0000000099800000, 0x0000000099800000, 0x0000000099900000|  0%| F|  |TAMS 0x0000000099800000, 0x0000000099800000| Untracked 
| 409|0x0000000099900000, 0x0000000099900000, 0x0000000099a00000|  0%| F|  |TAMS 0x0000000099900000, 0x0000000099900000| Untracked 
| 410|0x0000000099a00000, 0x0000000099a00000, 0x0000000099b00000|  0%| F|  |TAMS 0x0000000099a00000, 0x0000000099a00000| Untracked 
| 411|0x0000000099b00000, 0x0000000099b00000, 0x0000000099c00000|  0%| F|  |TAMS 0x0000000099b00000, 0x0000000099b00000| Untracked 
| 412|0x0000000099c00000, 0x0000000099c00000, 0x0000000099d00000|  0%| F|  |TAMS 0x0000000099c00000, 0x0000000099c00000| Untracked 
| 413|0x0000000099d00000, 0x0000000099d00000, 0x0000000099e00000|  0%| F|  |TAMS 0x0000000099d00000, 0x0000000099d00000| Untracked 
| 414|0x0000000099e00000, 0x0000000099e00000, 0x0000000099f00000|  0%| F|  |TAMS 0x0000000099e00000, 0x0000000099e00000| Untracked 
| 415|0x0000000099f00000, 0x0000000099f00000, 0x000000009a000000|  0%| F|  |TAMS 0x0000000099f00000, 0x0000000099f00000| Untracked 
| 416|0x000000009a000000, 0x000000009a000000, 0x000000009a100000|  0%| F|  |TAMS 0x000000009a000000, 0x000000009a000000| Untracked 
| 417|0x000000009a100000, 0x000000009a100000, 0x000000009a200000|  0%| F|  |TAMS 0x000000009a100000, 0x000000009a100000| Untracked 
| 418|0x000000009a200000, 0x000000009a200000, 0x000000009a300000|  0%| F|  |TAMS 0x000000009a200000, 0x000000009a200000| Untracked 
| 419|0x000000009a300000, 0x000000009a300000, 0x000000009a400000|  0%| F|  |TAMS 0x000000009a300000, 0x000000009a300000| Untracked 
| 420|0x000000009a400000, 0x000000009a400000, 0x000000009a500000|  0%| F|  |TAMS 0x000000009a400000, 0x000000009a400000| Untracked 
| 421|0x000000009a500000, 0x000000009a500000, 0x000000009a600000|  0%| F|  |TAMS 0x000000009a500000, 0x000000009a500000| Untracked 
| 422|0x000000009a600000, 0x000000009a600000, 0x000000009a700000|  0%| F|  |TAMS 0x000000009a600000, 0x000000009a600000| Untracked 
| 423|0x000000009a700000, 0x000000009a700000, 0x000000009a800000|  0%| F|  |TAMS 0x000000009a700000, 0x000000009a700000| Untracked 
| 424|0x000000009a800000, 0x000000009a800000, 0x000000009a900000|  0%| F|  |TAMS 0x000000009a800000, 0x000000009a800000| Untracked 
| 425|0x000000009a900000, 0x000000009a900000, 0x000000009aa00000|  0%| F|  |TAMS 0x000000009a900000, 0x000000009a900000| Untracked 
| 426|0x000000009aa00000, 0x000000009aa00000, 0x000000009ab00000|  0%| F|  |TAMS 0x000000009aa00000, 0x000000009aa00000| Untracked 
| 427|0x000000009ab00000, 0x000000009ab00000, 0x000000009ac00000|  0%| F|  |TAMS 0x000000009ab00000, 0x000000009ab00000| Untracked 
| 428|0x000000009ac00000, 0x000000009ac00000, 0x000000009ad00000|  0%| F|  |TAMS 0x000000009ac00000, 0x000000009ac00000| Untracked 
| 429|0x000000009ad00000, 0x000000009ad00000, 0x000000009ae00000|  0%| F|  |TAMS 0x000000009ad00000, 0x000000009ad00000| Untracked 
| 430|0x000000009ae00000, 0x000000009ae00000, 0x000000009af00000|  0%| F|  |TAMS 0x000000009ae00000, 0x000000009ae00000| Untracked 
| 431|0x000000009af00000, 0x000000009af00000, 0x000000009b000000|  0%| F|  |TAMS 0x000000009af00000, 0x000000009af00000| Untracked 
| 432|0x000000009b000000, 0x000000009b000000, 0x000000009b100000|  0%| F|  |TAMS 0x000000009b000000, 0x000000009b000000| Untracked 
| 433|0x000000009b100000, 0x000000009b100000, 0x000000009b200000|  0%| F|  |TAMS 0x000000009b100000, 0x000000009b100000| Untracked 
| 434|0x000000009b200000, 0x000000009b200000, 0x000000009b300000|  0%| F|  |TAMS 0x000000009b200000, 0x000000009b200000| Untracked 
| 435|0x000000009b300000, 0x000000009b300000, 0x000000009b400000|  0%| F|  |TAMS 0x000000009b300000, 0x000000009b300000| Untracked 
| 436|0x000000009b400000, 0x000000009b400000, 0x000000009b500000|  0%| F|  |TAMS 0x000000009b400000, 0x000000009b400000| Untracked 
| 437|0x000000009b500000, 0x000000009b500000, 0x000000009b600000|  0%| F|  |TAMS 0x000000009b500000, 0x000000009b500000| Untracked 
| 438|0x000000009b600000, 0x000000009b600000, 0x000000009b700000|  0%| F|  |TAMS 0x000000009b600000, 0x000000009b600000| Untracked 
| 439|0x000000009b700000, 0x000000009b700000, 0x000000009b800000|  0%| F|  |TAMS 0x000000009b700000, 0x000000009b700000| Untracked 
| 440|0x000000009b800000, 0x000000009b800000, 0x000000009b900000|  0%| F|  |TAMS 0x000000009b800000, 0x000000009b800000| Untracked 
| 441|0x000000009b900000, 0x000000009b900000, 0x000000009ba00000|  0%| F|  |TAMS 0x000000009b900000, 0x000000009b900000| Untracked 
| 442|0x000000009ba00000, 0x000000009ba00000, 0x000000009bb00000|  0%| F|  |TAMS 0x000000009ba00000, 0x000000009ba00000| Untracked 
| 443|0x000000009bb00000, 0x000000009bb00000, 0x000000009bc00000|  0%| F|  |TAMS 0x000000009bb00000, 0x000000009bb00000| Untracked 
| 444|0x000000009bc00000, 0x000000009bc00000, 0x000000009bd00000|  0%| F|  |TAMS 0x000000009bc00000, 0x000000009bc00000| Untracked 
| 445|0x000000009bd00000, 0x000000009bd00000, 0x000000009be00000|  0%| F|  |TAMS 0x000000009bd00000, 0x000000009bd00000| Untracked 
| 446|0x000000009be00000, 0x000000009be00000, 0x000000009bf00000|  0%| F|  |TAMS 0x000000009be00000, 0x000000009be00000| Untracked 
| 447|0x000000009bf00000, 0x000000009bf00000, 0x000000009c000000|  0%| F|  |TAMS 0x000000009bf00000, 0x000000009bf00000| Untracked 
| 448|0x000000009c000000, 0x000000009c000000, 0x000000009c100000|  0%| F|  |TAMS 0x000000009c000000, 0x000000009c000000| Untracked 
| 449|0x000000009c100000, 0x000000009c100000, 0x000000009c200000|  0%| F|  |TAMS 0x000000009c100000, 0x000000009c100000| Untracked 
| 450|0x000000009c200000, 0x000000009c200000, 0x000000009c300000|  0%| F|  |TAMS 0x000000009c200000, 0x000000009c200000| Untracked 
| 451|0x000000009c300000, 0x000000009c300000, 0x000000009c400000|  0%| F|  |TAMS 0x000000009c300000, 0x000000009c300000| Untracked 
| 452|0x000000009c400000, 0x000000009c400000, 0x000000009c500000|  0%| F|  |TAMS 0x000000009c400000, 0x000000009c400000| Untracked 
| 453|0x000000009c500000, 0x000000009c500000, 0x000000009c600000|  0%| F|  |TAMS 0x000000009c500000, 0x000000009c500000| Untracked 
| 454|0x000000009c600000, 0x000000009c600000, 0x000000009c700000|  0%| F|  |TAMS 0x000000009c600000, 0x000000009c600000| Untracked 
| 455|0x000000009c700000, 0x000000009c700000, 0x000000009c800000|  0%| F|  |TAMS 0x000000009c700000, 0x000000009c700000| Untracked 
| 456|0x000000009c800000, 0x000000009c800000, 0x000000009c900000|  0%| F|  |TAMS 0x000000009c800000, 0x000000009c800000| Untracked 
| 457|0x000000009c900000, 0x000000009c900000, 0x000000009ca00000|  0%| F|  |TAMS 0x000000009c900000, 0x000000009c900000| Untracked 
| 458|0x000000009ca00000, 0x000000009ca00000, 0x000000009cb00000|  0%| F|  |TAMS 0x000000009ca00000, 0x000000009ca00000| Untracked 
| 459|0x000000009cb00000, 0x000000009cb00000, 0x000000009cc00000|  0%| F|  |TAMS 0x000000009cb00000, 0x000000009cb00000| Untracked 
| 460|0x000000009cc00000, 0x000000009cc00000, 0x000000009cd00000|  0%| F|  |TAMS 0x000000009cc00000, 0x000000009cc00000| Untracked 
| 461|0x000000009cd00000, 0x000000009cd00000, 0x000000009ce00000|  0%| F|  |TAMS 0x000000009cd00000, 0x000000009cd00000| Untracked 
| 462|0x000000009ce00000, 0x000000009ce00000, 0x000000009cf00000|  0%| F|  |TAMS 0x000000009ce00000, 0x000000009ce00000| Untracked 
| 463|0x000000009cf00000, 0x000000009cf00000, 0x000000009d000000|  0%| F|  |TAMS 0x000000009cf00000, 0x000000009cf00000| Untracked 
| 464|0x000000009d000000, 0x000000009d000000, 0x000000009d100000|  0%| F|  |TAMS 0x000000009d000000, 0x000000009d000000| Untracked 
| 465|0x000000009d100000, 0x000000009d100000, 0x000000009d200000|  0%| F|  |TAMS 0x000000009d100000, 0x000000009d100000| Untracked 
| 466|0x000000009d200000, 0x000000009d200000, 0x000000009d300000|  0%| F|  |TAMS 0x000000009d200000, 0x000000009d200000| Untracked 
| 467|0x000000009d300000, 0x000000009d300000, 0x000000009d400000|  0%| F|  |TAMS 0x000000009d300000, 0x000000009d300000| Untracked 
| 468|0x000000009d400000, 0x000000009d400000, 0x000000009d500000|  0%| F|  |TAMS 0x000000009d400000, 0x000000009d400000| Untracked 
| 469|0x000000009d500000, 0x000000009d500000, 0x000000009d600000|  0%| F|  |TAMS 0x000000009d500000, 0x000000009d500000| Untracked 
| 470|0x000000009d600000, 0x000000009d600000, 0x000000009d700000|  0%| F|  |TAMS 0x000000009d600000, 0x000000009d600000| Untracked 
| 471|0x000000009d700000, 0x000000009d700000, 0x000000009d800000|  0%| F|  |TAMS 0x000000009d700000, 0x000000009d700000| Untracked 
| 472|0x000000009d800000, 0x000000009d800000, 0x000000009d900000|  0%| F|  |TAMS 0x000000009d800000, 0x000000009d800000| Untracked 
| 473|0x000000009d900000, 0x000000009d900000, 0x000000009da00000|  0%| F|  |TAMS 0x000000009d900000, 0x000000009d900000| Untracked 
| 474|0x000000009da00000, 0x000000009da00000, 0x000000009db00000|  0%| F|  |TAMS 0x000000009da00000, 0x000000009da00000| Untracked 
| 475|0x000000009db00000, 0x000000009db00000, 0x000000009dc00000|  0%| F|  |TAMS 0x000000009db00000, 0x000000009db00000| Untracked 
| 476|0x000000009dc00000, 0x000000009dc00000, 0x000000009dd00000|  0%| F|  |TAMS 0x000000009dc00000, 0x000000009dc00000| Untracked 
| 477|0x000000009dd00000, 0x000000009dd00000, 0x000000009de00000|  0%| F|  |TAMS 0x000000009dd00000, 0x000000009dd00000| Untracked 
| 478|0x000000009de00000, 0x000000009de00000, 0x000000009df00000|  0%| F|  |TAMS 0x000000009de00000, 0x000000009de00000| Untracked 
| 479|0x000000009df00000, 0x000000009df00000, 0x000000009e000000|  0%| F|  |TAMS 0x000000009df00000, 0x000000009df00000| Untracked 
| 480|0x000000009e000000, 0x000000009e000000, 0x000000009e100000|  0%| F|  |TAMS 0x000000009e000000, 0x000000009e000000| Untracked 
| 481|0x000000009e100000, 0x000000009e100000, 0x000000009e200000|  0%| F|  |TAMS 0x000000009e100000, 0x000000009e100000| Untracked 
| 482|0x000000009e200000, 0x000000009e200000, 0x000000009e300000|  0%| F|  |TAMS 0x000000009e200000, 0x000000009e200000| Untracked 
| 483|0x000000009e300000, 0x000000009e300000, 0x000000009e400000|  0%| F|  |TAMS 0x000000009e300000, 0x000000009e300000| Untracked 
| 484|0x000000009e400000, 0x000000009e400000, 0x000000009e500000|  0%| F|  |TAMS 0x000000009e400000, 0x000000009e400000| Untracked 
| 485|0x000000009e500000, 0x000000009e500000, 0x000000009e600000|  0%| F|  |TAMS 0x000000009e500000, 0x000000009e500000| Untracked 
| 486|0x000000009e600000, 0x000000009e600000, 0x000000009e700000|  0%| F|  |TAMS 0x000000009e600000, 0x000000009e600000| Untracked 
| 487|0x000000009e700000, 0x000000009e700000, 0x000000009e800000|  0%| F|  |TAMS 0x000000009e700000, 0x000000009e700000| Untracked 
| 488|0x000000009e800000, 0x000000009e800000, 0x000000009e900000|  0%| F|  |TAMS 0x000000009e800000, 0x000000009e800000| Untracked 
| 489|0x000000009e900000, 0x000000009e900000, 0x000000009ea00000|  0%| F|  |TAMS 0x000000009e900000, 0x000000009e900000| Untracked 
| 490|0x000000009ea00000, 0x000000009ea00000, 0x000000009eb00000|  0%| F|  |TAMS 0x000000009ea00000, 0x000000009ea00000| Untracked 
| 491|0x000000009eb00000, 0x000000009eb00000, 0x000000009ec00000|  0%| F|  |TAMS 0x000000009eb00000, 0x000000009eb00000| Untracked 
| 492|0x000000009ec00000, 0x000000009ec00000, 0x000000009ed00000|  0%| F|  |TAMS 0x000000009ec00000, 0x000000009ec00000| Untracked 
| 493|0x000000009ed00000, 0x000000009ed00000, 0x000000009ee00000|  0%| F|  |TAMS 0x000000009ed00000, 0x000000009ed00000| Untracked 
| 494|0x000000009ee00000, 0x000000009ee00000, 0x000000009ef00000|  0%| F|  |TAMS 0x000000009ee00000, 0x000000009ee00000| Untracked 
| 495|0x000000009ef00000, 0x000000009ef00000, 0x000000009f000000|  0%| F|  |TAMS 0x000000009ef00000, 0x000000009ef00000| Untracked 
| 496|0x000000009f000000, 0x000000009f000000, 0x000000009f100000|  0%| F|  |TAMS 0x000000009f000000, 0x000000009f000000| Untracked 
| 497|0x000000009f100000, 0x000000009f100000, 0x000000009f200000|  0%| F|  |TAMS 0x000000009f100000, 0x000000009f100000| Untracked 
| 498|0x000000009f200000, 0x000000009f200000, 0x000000009f300000|  0%| F|  |TAMS 0x000000009f200000, 0x000000009f200000| Untracked 
| 499|0x000000009f300000, 0x000000009f300000, 0x000000009f400000|  0%| F|  |TAMS 0x000000009f300000, 0x000000009f300000| Untracked 
| 500|0x000000009f400000, 0x000000009f400000, 0x000000009f500000|  0%| F|  |TAMS 0x000000009f400000, 0x000000009f400000| Untracked 
| 501|0x000000009f500000, 0x000000009f500000, 0x000000009f600000|  0%| F|  |TAMS 0x000000009f500000, 0x000000009f500000| Untracked 
| 502|0x000000009f600000, 0x000000009f600000, 0x000000009f700000|  0%| F|  |TAMS 0x000000009f600000, 0x000000009f600000| Untracked 
| 503|0x000000009f700000, 0x000000009f700000, 0x000000009f800000|  0%| F|  |TAMS 0x000000009f700000, 0x000000009f700000| Untracked 
| 504|0x000000009f800000, 0x000000009f800000, 0x000000009f900000|  0%| F|  |TAMS 0x000000009f800000, 0x000000009f800000| Untracked 
| 505|0x000000009f900000, 0x000000009f900000, 0x000000009fa00000|  0%| F|  |TAMS 0x000000009f900000, 0x000000009f900000| Untracked 
| 506|0x000000009fa00000, 0x000000009fa00000, 0x000000009fb00000|  0%| F|  |TAMS 0x000000009fa00000, 0x000000009fa00000| Untracked 
| 507|0x000000009fb00000, 0x000000009fb00000, 0x000000009fc00000|  0%| F|  |TAMS 0x000000009fb00000, 0x000000009fb00000| Untracked 
| 508|0x000000009fc00000, 0x000000009fc00000, 0x000000009fd00000|  0%| F|  |TAMS 0x000000009fc00000, 0x000000009fc00000| Untracked 
| 509|0x000000009fd00000, 0x000000009fd00000, 0x000000009fe00000|  0%| F|  |TAMS 0x000000009fd00000, 0x000000009fd00000| Untracked 
| 510|0x000000009fe00000, 0x000000009fe00000, 0x000000009ff00000|  0%| F|  |TAMS 0x000000009fe00000, 0x000000009fe00000| Untracked 
| 511|0x000000009ff00000, 0x000000009ff00000, 0x00000000a0000000|  0%| F|  |TAMS 0x000000009ff00000, 0x000000009ff00000| Untracked 
| 512|0x00000000a0000000, 0x00000000a0000000, 0x00000000a0100000|  0%| F|  |TAMS 0x00000000a0000000, 0x00000000a0000000| Untracked 
| 513|0x00000000a0100000, 0x00000000a0100000, 0x00000000a0200000|  0%| F|  |TAMS 0x00000000a0100000, 0x00000000a0100000| Untracked 
| 514|0x00000000a0200000, 0x00000000a02c7738, 0x00000000a0300000| 77%| E|  |TAMS 0x00000000a0200000, 0x00000000a0200000| Complete 
| 515|0x00000000a0300000, 0x00000000a0400000, 0x00000000a0400000|100%| E|CS|TAMS 0x00000000a0300000, 0x00000000a0300000| Complete 
| 516|0x00000000a0400000, 0x00000000a0500000, 0x00000000a0500000|100%| E|CS|TAMS 0x00000000a0400000, 0x00000000a0400000| Complete 
| 517|0x00000000a0500000, 0x00000000a0600000, 0x00000000a0600000|100%| E|CS|TAMS 0x00000000a0500000, 0x00000000a0500000| Complete 
| 518|0x00000000a0600000, 0x00000000a0700000, 0x00000000a0700000|100%| E|CS|TAMS 0x00000000a0600000, 0x00000000a0600000| Complete 
| 519|0x00000000a0700000, 0x00000000a0800000, 0x00000000a0800000|100%| E|CS|TAMS 0x00000000a0700000, 0x00000000a0700000| Complete 
| 520|0x00000000a0800000, 0x00000000a0900000, 0x00000000a0900000|100%| E|CS|TAMS 0x00000000a0800000, 0x00000000a0800000| Complete 
| 521|0x00000000a0900000, 0x00000000a0a00000, 0x00000000a0a00000|100%| E|CS|TAMS 0x00000000a0900000, 0x00000000a0900000| Complete 
| 522|0x00000000a0a00000, 0x00000000a0b00000, 0x00000000a0b00000|100%| E|CS|TAMS 0x00000000a0a00000, 0x00000000a0a00000| Complete 
| 523|0x00000000a0b00000, 0x00000000a0c00000, 0x00000000a0c00000|100%| E|CS|TAMS 0x00000000a0b00000, 0x00000000a0b00000| Complete 
| 524|0x00000000a0c00000, 0x00000000a0d00000, 0x00000000a0d00000|100%| E|CS|TAMS 0x00000000a0c00000, 0x00000000a0c00000| Complete 
| 525|0x00000000a0d00000, 0x00000000a0e00000, 0x00000000a0e00000|100%| E|CS|TAMS 0x00000000a0d00000, 0x00000000a0d00000| Complete 
| 526|0x00000000a0e00000, 0x00000000a0f00000, 0x00000000a0f00000|100%| E|CS|TAMS 0x00000000a0e00000, 0x00000000a0e00000| Complete 
| 527|0x00000000a0f00000, 0x00000000a1000000, 0x00000000a1000000|100%| E|CS|TAMS 0x00000000a0f00000, 0x00000000a0f00000| Complete 
| 528|0x00000000a1000000, 0x00000000a1100000, 0x00000000a1100000|100%| E|CS|TAMS 0x00000000a1000000, 0x00000000a1000000| Complete 
| 529|0x00000000a1100000, 0x00000000a1200000, 0x00000000a1200000|100%| E|  |TAMS 0x00000000a1100000, 0x00000000a1100000| Complete 
| 530|0x00000000a1200000, 0x00000000a1300000, 0x00000000a1300000|100%| E|CS|TAMS 0x00000000a1200000, 0x00000000a1200000| Complete 
| 531|0x00000000a1300000, 0x00000000a1400000, 0x00000000a1400000|100%| E|CS|TAMS 0x00000000a1300000, 0x00000000a1300000| Complete 
| 532|0x00000000a1400000, 0x00000000a1500000, 0x00000000a1500000|100%| E|CS|TAMS 0x00000000a1400000, 0x00000000a1400000| Complete 
| 533|0x00000000a1500000, 0x00000000a1600000, 0x00000000a1600000|100%| E|CS|TAMS 0x00000000a1500000, 0x00000000a1500000| Complete 
| 534|0x00000000a1600000, 0x00000000a1700000, 0x00000000a1700000|100%| E|CS|TAMS 0x00000000a1600000, 0x00000000a1600000| Complete 
| 535|0x00000000a1700000, 0x00000000a1800000, 0x00000000a1800000|100%| E|CS|TAMS 0x00000000a1700000, 0x00000000a1700000| Complete 
| 536|0x00000000a1800000, 0x00000000a1900000, 0x00000000a1900000|100%| E|CS|TAMS 0x00000000a1800000, 0x00000000a1800000| Complete 
| 537|0x00000000a1900000, 0x00000000a1a00000, 0x00000000a1a00000|100%| E|CS|TAMS 0x00000000a1900000, 0x00000000a1900000| Complete 
| 538|0x00000000a1a00000, 0x00000000a1b00000, 0x00000000a1b00000|100%| E|CS|TAMS 0x00000000a1a00000, 0x00000000a1a00000| Complete 
| 539|0x00000000a1b00000, 0x00000000a1c00000, 0x00000000a1c00000|100%| E|CS|TAMS 0x00000000a1b00000, 0x00000000a1b00000| Complete 
| 540|0x00000000a1c00000, 0x00000000a1d00000, 0x00000000a1d00000|100%| E|CS|TAMS 0x00000000a1c00000, 0x00000000a1c00000| Complete 
| 541|0x00000000a1d00000, 0x00000000a1e00000, 0x00000000a1e00000|100%| E|CS|TAMS 0x00000000a1d00000, 0x00000000a1d00000| Complete 
| 542|0x00000000a1e00000, 0x00000000a1f00000, 0x00000000a1f00000|100%| E|CS|TAMS 0x00000000a1e00000, 0x00000000a1e00000| Complete 
| 543|0x00000000a1f00000, 0x00000000a2000000, 0x00000000a2000000|100%| E|CS|TAMS 0x00000000a1f00000, 0x00000000a1f00000| Complete 
| 544|0x00000000a2000000, 0x00000000a2100000, 0x00000000a2100000|100%| E|CS|TAMS 0x00000000a2000000, 0x00000000a2000000| Complete 
| 545|0x00000000a2100000, 0x00000000a2200000, 0x00000000a2200000|100%| E|CS|TAMS 0x00000000a2100000, 0x00000000a2100000| Complete 
| 546|0x00000000a2200000, 0x00000000a2300000, 0x00000000a2300000|100%| E|CS|TAMS 0x00000000a2200000, 0x00000000a2200000| Complete 
| 547|0x00000000a2300000, 0x00000000a2400000, 0x00000000a2400000|100%| E|CS|TAMS 0x00000000a2300000, 0x00000000a2300000| Complete 
| 548|0x00000000a2400000, 0x00000000a2500000, 0x00000000a2500000|100%| E|CS|TAMS 0x00000000a2400000, 0x00000000a2400000| Complete 
| 549|0x00000000a2500000, 0x00000000a2600000, 0x00000000a2600000|100%| E|CS|TAMS 0x00000000a2500000, 0x00000000a2500000| Complete 
| 550|0x00000000a2600000, 0x00000000a2700000, 0x00000000a2700000|100%| E|CS|TAMS 0x00000000a2600000, 0x00000000a2600000| Complete 
| 551|0x00000000a2700000, 0x00000000a2800000, 0x00000000a2800000|100%| E|CS|TAMS 0x00000000a2700000, 0x00000000a2700000| Complete 
| 552|0x00000000a2800000, 0x00000000a2900000, 0x00000000a2900000|100%| E|CS|TAMS 0x00000000a2800000, 0x00000000a2800000| Complete 
| 553|0x00000000a2900000, 0x00000000a2a00000, 0x00000000a2a00000|100%| E|CS|TAMS 0x00000000a2900000, 0x00000000a2900000| Complete 
| 554|0x00000000a2a00000, 0x00000000a2b00000, 0x00000000a2b00000|100%| E|CS|TAMS 0x00000000a2a00000, 0x00000000a2a00000| Complete 
| 555|0x00000000a2b00000, 0x00000000a2c00000, 0x00000000a2c00000|100%| E|CS|TAMS 0x00000000a2b00000, 0x00000000a2b00000| Complete 
| 556|0x00000000a2c00000, 0x00000000a2d00000, 0x00000000a2d00000|100%| E|CS|TAMS 0x00000000a2c00000, 0x00000000a2c00000| Complete 
| 557|0x00000000a2d00000, 0x00000000a2e00000, 0x00000000a2e00000|100%| E|CS|TAMS 0x00000000a2d00000, 0x00000000a2d00000| Complete 
| 558|0x00000000a2e00000, 0x00000000a2f00000, 0x00000000a2f00000|100%| E|CS|TAMS 0x00000000a2e00000, 0x00000000a2e00000| Complete 
| 559|0x00000000a2f00000, 0x00000000a3000000, 0x00000000a3000000|100%| E|CS|TAMS 0x00000000a2f00000, 0x00000000a2f00000| Complete 
| 560|0x00000000a3000000, 0x00000000a3100000, 0x00000000a3100000|100%| E|CS|TAMS 0x00000000a3000000, 0x00000000a3000000| Complete 
| 561|0x00000000a3100000, 0x00000000a3200000, 0x00000000a3200000|100%| E|CS|TAMS 0x00000000a3100000, 0x00000000a3100000| Complete 
| 562|0x00000000a3200000, 0x00000000a3300000, 0x00000000a3300000|100%| E|CS|TAMS 0x00000000a3200000, 0x00000000a3200000| Complete 
| 563|0x00000000a3300000, 0x00000000a3400000, 0x00000000a3400000|100%| E|CS|TAMS 0x00000000a3300000, 0x00000000a3300000| Complete 
| 564|0x00000000a3400000, 0x00000000a3500000, 0x00000000a3500000|100%| E|CS|TAMS 0x00000000a3400000, 0x00000000a3400000| Complete 
| 565|0x00000000a3500000, 0x00000000a3600000, 0x00000000a3600000|100%| E|CS|TAMS 0x00000000a3500000, 0x00000000a3500000| Complete 
| 566|0x00000000a3600000, 0x00000000a3700000, 0x00000000a3700000|100%| E|CS|TAMS 0x00000000a3600000, 0x00000000a3600000| Complete 
| 567|0x00000000a3700000, 0x00000000a3800000, 0x00000000a3800000|100%| E|CS|TAMS 0x00000000a3700000, 0x00000000a3700000| Complete 
| 568|0x00000000a3800000, 0x00000000a3900000, 0x00000000a3900000|100%| E|CS|TAMS 0x00000000a3800000, 0x00000000a3800000| Complete 
| 569|0x00000000a3900000, 0x00000000a3a00000, 0x00000000a3a00000|100%| E|CS|TAMS 0x00000000a3900000, 0x00000000a3900000| Complete 
| 570|0x00000000a3a00000, 0x00000000a3b00000, 0x00000000a3b00000|100%| E|CS|TAMS 0x00000000a3a00000, 0x00000000a3a00000| Complete 
| 571|0x00000000a3b00000, 0x00000000a3c00000, 0x00000000a3c00000|100%| E|CS|TAMS 0x00000000a3b00000, 0x00000000a3b00000| Complete 
| 572|0x00000000a3c00000, 0x00000000a3d00000, 0x00000000a3d00000|100%| E|CS|TAMS 0x00000000a3c00000, 0x00000000a3c00000| Complete 
| 573|0x00000000a3d00000, 0x00000000a3e00000, 0x00000000a3e00000|100%| E|CS|TAMS 0x00000000a3d00000, 0x00000000a3d00000| Complete 
| 574|0x00000000a3e00000, 0x00000000a3f00000, 0x00000000a3f00000|100%| E|CS|TAMS 0x00000000a3e00000, 0x00000000a3e00000| Complete 
| 575|0x00000000a3f00000, 0x00000000a4000000, 0x00000000a4000000|100%| E|CS|TAMS 0x00000000a3f00000, 0x00000000a3f00000| Complete 
| 576|0x00000000a4000000, 0x00000000a4100000, 0x00000000a4100000|100%| E|CS|TAMS 0x00000000a4000000, 0x00000000a4000000| Complete 
| 577|0x00000000a4100000, 0x00000000a4200000, 0x00000000a4200000|100%| E|CS|TAMS 0x00000000a4100000, 0x00000000a4100000| Complete 
| 578|0x00000000a4200000, 0x00000000a4300000, 0x00000000a4300000|100%| E|CS|TAMS 0x00000000a4200000, 0x00000000a4200000| Complete 
| 579|0x00000000a4300000, 0x00000000a4400000, 0x00000000a4400000|100%| E|CS|TAMS 0x00000000a4300000, 0x00000000a4300000| Complete 
| 580|0x00000000a4400000, 0x00000000a4500000, 0x00000000a4500000|100%| E|CS|TAMS 0x00000000a4400000, 0x00000000a4400000| Complete 
| 581|0x00000000a4500000, 0x00000000a4600000, 0x00000000a4600000|100%| E|CS|TAMS 0x00000000a4500000, 0x00000000a4500000| Complete 
| 582|0x00000000a4600000, 0x00000000a4700000, 0x00000000a4700000|100%| E|CS|TAMS 0x00000000a4600000, 0x00000000a4600000| Complete 
| 583|0x00000000a4700000, 0x00000000a4800000, 0x00000000a4800000|100%| E|CS|TAMS 0x00000000a4700000, 0x00000000a4700000| Complete 
| 584|0x00000000a4800000, 0x00000000a4900000, 0x00000000a4900000|100%| E|CS|TAMS 0x00000000a4800000, 0x00000000a4800000| Complete 
| 585|0x00000000a4900000, 0x00000000a4a00000, 0x00000000a4a00000|100%| E|CS|TAMS 0x00000000a4900000, 0x00000000a4900000| Complete 
| 586|0x00000000a4a00000, 0x00000000a4b00000, 0x00000000a4b00000|100%| E|CS|TAMS 0x00000000a4a00000, 0x00000000a4a00000| Complete 
| 587|0x00000000a4b00000, 0x00000000a4c00000, 0x00000000a4c00000|100%| E|CS|TAMS 0x00000000a4b00000, 0x00000000a4b00000| Complete 
| 588|0x00000000a4c00000, 0x00000000a4d00000, 0x00000000a4d00000|100%| E|CS|TAMS 0x00000000a4c00000, 0x00000000a4c00000| Complete 
| 589|0x00000000a4d00000, 0x00000000a4e00000, 0x00000000a4e00000|100%| E|CS|TAMS 0x00000000a4d00000, 0x00000000a4d00000| Complete 
| 590|0x00000000a4e00000, 0x00000000a4f00000, 0x00000000a4f00000|100%| E|CS|TAMS 0x00000000a4e00000, 0x00000000a4e00000| Complete 
| 591|0x00000000a4f00000, 0x00000000a5000000, 0x00000000a5000000|100%| E|CS|TAMS 0x00000000a4f00000, 0x00000000a4f00000| Complete 
| 592|0x00000000a5000000, 0x00000000a5100000, 0x00000000a5100000|100%| E|CS|TAMS 0x00000000a5000000, 0x00000000a5000000| Complete 
| 593|0x00000000a5100000, 0x00000000a5200000, 0x00000000a5200000|100%| E|CS|TAMS 0x00000000a5100000, 0x00000000a5100000| Complete 
| 594|0x00000000a5200000, 0x00000000a5300000, 0x00000000a5300000|100%| E|CS|TAMS 0x00000000a5200000, 0x00000000a5200000| Complete 
| 595|0x00000000a5300000, 0x00000000a5400000, 0x00000000a5400000|100%| E|CS|TAMS 0x00000000a5300000, 0x00000000a5300000| Complete 
| 596|0x00000000a5400000, 0x00000000a5500000, 0x00000000a5500000|100%| E|CS|TAMS 0x00000000a5400000, 0x00000000a5400000| Complete 
| 597|0x00000000a5500000, 0x00000000a5600000, 0x00000000a5600000|100%| E|CS|TAMS 0x00000000a5500000, 0x00000000a5500000| Complete 
| 598|0x00000000a5600000, 0x00000000a5700000, 0x00000000a5700000|100%| E|CS|TAMS 0x00000000a5600000, 0x00000000a5600000| Complete 
| 599|0x00000000a5700000, 0x00000000a5800000, 0x00000000a5800000|100%| E|CS|TAMS 0x00000000a5700000, 0x00000000a5700000| Complete 
| 600|0x00000000a5800000, 0x00000000a5900000, 0x00000000a5900000|100%| E|CS|TAMS 0x00000000a5800000, 0x00000000a5800000| Complete 
| 601|0x00000000a5900000, 0x00000000a5a00000, 0x00000000a5a00000|100%| E|CS|TAMS 0x00000000a5900000, 0x00000000a5900000| Complete 
| 602|0x00000000a5a00000, 0x00000000a5b00000, 0x00000000a5b00000|100%| E|CS|TAMS 0x00000000a5a00000, 0x00000000a5a00000| Complete 
| 603|0x00000000a5b00000, 0x00000000a5c00000, 0x00000000a5c00000|100%| E|CS|TAMS 0x00000000a5b00000, 0x00000000a5b00000| Complete 
| 604|0x00000000a5c00000, 0x00000000a5d00000, 0x00000000a5d00000|100%| E|CS|TAMS 0x00000000a5c00000, 0x00000000a5c00000| Complete 
| 605|0x00000000a5d00000, 0x00000000a5e00000, 0x00000000a5e00000|100%| E|CS|TAMS 0x00000000a5d00000, 0x00000000a5d00000| Complete 
| 606|0x00000000a5e00000, 0x00000000a5f00000, 0x00000000a5f00000|100%| E|CS|TAMS 0x00000000a5e00000, 0x00000000a5e00000| Complete 
| 607|0x00000000a5f00000, 0x00000000a6000000, 0x00000000a6000000|100%| E|CS|TAMS 0x00000000a5f00000, 0x00000000a5f00000| Complete 
| 608|0x00000000a6000000, 0x00000000a6100000, 0x00000000a6100000|100%| E|CS|TAMS 0x00000000a6000000, 0x00000000a6000000| Complete 
| 609|0x00000000a6100000, 0x00000000a6200000, 0x00000000a6200000|100%| E|CS|TAMS 0x00000000a6100000, 0x00000000a6100000| Complete 
| 610|0x00000000a6200000, 0x00000000a6300000, 0x00000000a6300000|100%| E|CS|TAMS 0x00000000a6200000, 0x00000000a6200000| Complete 
| 611|0x00000000a6300000, 0x00000000a6400000, 0x00000000a6400000|100%| E|CS|TAMS 0x00000000a6300000, 0x00000000a6300000| Complete 
| 612|0x00000000a6400000, 0x00000000a6500000, 0x00000000a6500000|100%| E|CS|TAMS 0x00000000a6400000, 0x00000000a6400000| Complete 
| 613|0x00000000a6500000, 0x00000000a6600000, 0x00000000a6600000|100%| E|CS|TAMS 0x00000000a6500000, 0x00000000a6500000| Complete 
| 614|0x00000000a6600000, 0x00000000a6700000, 0x00000000a6700000|100%| E|CS|TAMS 0x00000000a6600000, 0x00000000a6600000| Complete 
| 615|0x00000000a6700000, 0x00000000a6800000, 0x00000000a6800000|100%| E|CS|TAMS 0x00000000a6700000, 0x00000000a6700000| Complete 
| 616|0x00000000a6800000, 0x00000000a6900000, 0x00000000a6900000|100%| E|CS|TAMS 0x00000000a6800000, 0x00000000a6800000| Complete 
| 617|0x00000000a6900000, 0x00000000a6a00000, 0x00000000a6a00000|100%| E|CS|TAMS 0x00000000a6900000, 0x00000000a6900000| Complete 
| 618|0x00000000a6a00000, 0x00000000a6b00000, 0x00000000a6b00000|100%| E|CS|TAMS 0x00000000a6a00000, 0x00000000a6a00000| Complete 
| 619|0x00000000a6b00000, 0x00000000a6c00000, 0x00000000a6c00000|100%| E|CS|TAMS 0x00000000a6b00000, 0x00000000a6b00000| Complete 
| 620|0x00000000a6c00000, 0x00000000a6d00000, 0x00000000a6d00000|100%| E|CS|TAMS 0x00000000a6c00000, 0x00000000a6c00000| Complete 
| 621|0x00000000a6d00000, 0x00000000a6e00000, 0x00000000a6e00000|100%| E|CS|TAMS 0x00000000a6d00000, 0x00000000a6d00000| Complete 
| 622|0x00000000a6e00000, 0x00000000a6f00000, 0x00000000a6f00000|100%| E|CS|TAMS 0x00000000a6e00000, 0x00000000a6e00000| Complete 
| 623|0x00000000a6f00000, 0x00000000a7000000, 0x00000000a7000000|100%| E|CS|TAMS 0x00000000a6f00000, 0x00000000a6f00000| Complete 
| 624|0x00000000a7000000, 0x00000000a7100000, 0x00000000a7100000|100%| E|CS|TAMS 0x00000000a7000000, 0x00000000a7000000| Complete 
| 625|0x00000000a7100000, 0x00000000a7200000, 0x00000000a7200000|100%| E|CS|TAMS 0x00000000a7100000, 0x00000000a7100000| Complete 
| 626|0x00000000a7200000, 0x00000000a7300000, 0x00000000a7300000|100%| E|CS|TAMS 0x00000000a7200000, 0x00000000a7200000| Complete 
| 627|0x00000000a7300000, 0x00000000a7400000, 0x00000000a7400000|100%| E|CS|TAMS 0x00000000a7300000, 0x00000000a7300000| Complete 
| 628|0x00000000a7400000, 0x00000000a7500000, 0x00000000a7500000|100%| E|CS|TAMS 0x00000000a7400000, 0x00000000a7400000| Complete 
| 629|0x00000000a7500000, 0x00000000a7600000, 0x00000000a7600000|100%| E|CS|TAMS 0x00000000a7500000, 0x00000000a7500000| Complete 
| 630|0x00000000a7600000, 0x00000000a7700000, 0x00000000a7700000|100%| E|CS|TAMS 0x00000000a7600000, 0x00000000a7600000| Complete 
| 631|0x00000000a7700000, 0x00000000a7800000, 0x00000000a7800000|100%| E|CS|TAMS 0x00000000a7700000, 0x00000000a7700000| Complete 
| 632|0x00000000a7800000, 0x00000000a7900000, 0x00000000a7900000|100%| E|CS|TAMS 0x00000000a7800000, 0x00000000a7800000| Complete 
| 633|0x00000000a7900000, 0x00000000a7a00000, 0x00000000a7a00000|100%| E|CS|TAMS 0x00000000a7900000, 0x00000000a7900000| Complete 
| 634|0x00000000a7a00000, 0x00000000a7b00000, 0x00000000a7b00000|100%| E|CS|TAMS 0x00000000a7a00000, 0x00000000a7a00000| Complete 
| 635|0x00000000a7b00000, 0x00000000a7c00000, 0x00000000a7c00000|100%| E|CS|TAMS 0x00000000a7b00000, 0x00000000a7b00000| Complete 
| 636|0x00000000a7c00000, 0x00000000a7d00000, 0x00000000a7d00000|100%| E|CS|TAMS 0x00000000a7c00000, 0x00000000a7c00000| Complete 
| 637|0x00000000a7d00000, 0x00000000a7e00000, 0x00000000a7e00000|100%| E|CS|TAMS 0x00000000a7d00000, 0x00000000a7d00000| Complete 
| 638|0x00000000a7e00000, 0x00000000a7f00000, 0x00000000a7f00000|100%| E|CS|TAMS 0x00000000a7e00000, 0x00000000a7e00000| Complete 
| 639|0x00000000a7f00000, 0x00000000a8000000, 0x00000000a8000000|100%| E|CS|TAMS 0x00000000a7f00000, 0x00000000a7f00000| Complete 
| 640|0x00000000a8000000, 0x00000000a8100000, 0x00000000a8100000|100%| E|CS|TAMS 0x00000000a8000000, 0x00000000a8000000| Complete 
| 641|0x00000000a8100000, 0x00000000a8200000, 0x00000000a8200000|100%| E|CS|TAMS 0x00000000a8100000, 0x00000000a8100000| Complete 
| 642|0x00000000a8200000, 0x00000000a8300000, 0x00000000a8300000|100%| E|CS|TAMS 0x00000000a8200000, 0x00000000a8200000| Complete 
| 643|0x00000000a8300000, 0x00000000a8400000, 0x00000000a8400000|100%| E|CS|TAMS 0x00000000a8300000, 0x00000000a8300000| Complete 
| 644|0x00000000a8400000, 0x00000000a8500000, 0x00000000a8500000|100%| E|CS|TAMS 0x00000000a8400000, 0x00000000a8400000| Complete 
| 645|0x00000000a8500000, 0x00000000a8600000, 0x00000000a8600000|100%| E|CS|TAMS 0x00000000a8500000, 0x00000000a8500000| Complete 
| 646|0x00000000a8600000, 0x00000000a8700000, 0x00000000a8700000|100%| E|CS|TAMS 0x00000000a8600000, 0x00000000a8600000| Complete 
| 647|0x00000000a8700000, 0x00000000a8800000, 0x00000000a8800000|100%| E|CS|TAMS 0x00000000a8700000, 0x00000000a8700000| Complete 
| 648|0x00000000a8800000, 0x00000000a8900000, 0x00000000a8900000|100%| E|CS|TAMS 0x00000000a8800000, 0x00000000a8800000| Complete 
| 649|0x00000000a8900000, 0x00000000a8a00000, 0x00000000a8a00000|100%| E|CS|TAMS 0x00000000a8900000, 0x00000000a8900000| Complete 
| 650|0x00000000a8a00000, 0x00000000a8b00000, 0x00000000a8b00000|100%| E|CS|TAMS 0x00000000a8a00000, 0x00000000a8a00000| Complete 
| 651|0x00000000a8b00000, 0x00000000a8c00000, 0x00000000a8c00000|100%| E|CS|TAMS 0x00000000a8b00000, 0x00000000a8b00000| Complete 
| 652|0x00000000a8c00000, 0x00000000a8d00000, 0x00000000a8d00000|100%| E|CS|TAMS 0x00000000a8c00000, 0x00000000a8c00000| Complete 
| 653|0x00000000a8d00000, 0x00000000a8e00000, 0x00000000a8e00000|100%| E|CS|TAMS 0x00000000a8d00000, 0x00000000a8d00000| Complete 
| 654|0x00000000a8e00000, 0x00000000a8f00000, 0x00000000a8f00000|100%| E|CS|TAMS 0x00000000a8e00000, 0x00000000a8e00000| Complete 
| 655|0x00000000a8f00000, 0x00000000a9000000, 0x00000000a9000000|100%| E|CS|TAMS 0x00000000a8f00000, 0x00000000a8f00000| Complete 
| 656|0x00000000a9000000, 0x00000000a9100000, 0x00000000a9100000|100%| E|CS|TAMS 0x00000000a9000000, 0x00000000a9000000| Complete 
| 657|0x00000000a9100000, 0x00000000a9200000, 0x00000000a9200000|100%| E|CS|TAMS 0x00000000a9100000, 0x00000000a9100000| Complete 
| 658|0x00000000a9200000, 0x00000000a9300000, 0x00000000a9300000|100%| E|CS|TAMS 0x00000000a9200000, 0x00000000a9200000| Complete 
| 659|0x00000000a9300000, 0x00000000a9400000, 0x00000000a9400000|100%| E|CS|TAMS 0x00000000a9300000, 0x00000000a9300000| Complete 
| 660|0x00000000a9400000, 0x00000000a9500000, 0x00000000a9500000|100%| E|CS|TAMS 0x00000000a9400000, 0x00000000a9400000| Complete 
| 661|0x00000000a9500000, 0x00000000a9600000, 0x00000000a9600000|100%| E|CS|TAMS 0x00000000a9500000, 0x00000000a9500000| Complete 
| 662|0x00000000a9600000, 0x00000000a9700000, 0x00000000a9700000|100%| E|CS|TAMS 0x00000000a9600000, 0x00000000a9600000| Complete 
| 663|0x00000000a9700000, 0x00000000a9800000, 0x00000000a9800000|100%| E|CS|TAMS 0x00000000a9700000, 0x00000000a9700000| Complete 
| 664|0x00000000a9800000, 0x00000000a9900000, 0x00000000a9900000|100%| E|CS|TAMS 0x00000000a9800000, 0x00000000a9800000| Complete 
| 665|0x00000000a9900000, 0x00000000a9a00000, 0x00000000a9a00000|100%| E|CS|TAMS 0x00000000a9900000, 0x00000000a9900000| Complete 
| 666|0x00000000a9a00000, 0x00000000a9b00000, 0x00000000a9b00000|100%| E|CS|TAMS 0x00000000a9a00000, 0x00000000a9a00000| Complete 
| 667|0x00000000a9b00000, 0x00000000a9c00000, 0x00000000a9c00000|100%| E|CS|TAMS 0x00000000a9b00000, 0x00000000a9b00000| Complete 
| 668|0x00000000a9c00000, 0x00000000a9d00000, 0x00000000a9d00000|100%| E|CS|TAMS 0x00000000a9c00000, 0x00000000a9c00000| Complete 
| 669|0x00000000a9d00000, 0x00000000a9e00000, 0x00000000a9e00000|100%| E|CS|TAMS 0x00000000a9d00000, 0x00000000a9d00000| Complete 
| 670|0x00000000a9e00000, 0x00000000a9f00000, 0x00000000a9f00000|100%| E|CS|TAMS 0x00000000a9e00000, 0x00000000a9e00000| Complete 
| 671|0x00000000a9f00000, 0x00000000aa000000, 0x00000000aa000000|100%| E|CS|TAMS 0x00000000a9f00000, 0x00000000a9f00000| Complete 
| 672|0x00000000aa000000, 0x00000000aa100000, 0x00000000aa100000|100%| E|CS|TAMS 0x00000000aa000000, 0x00000000aa000000| Complete 
| 673|0x00000000aa100000, 0x00000000aa200000, 0x00000000aa200000|100%| E|CS|TAMS 0x00000000aa100000, 0x00000000aa100000| Complete 
| 674|0x00000000aa200000, 0x00000000aa300000, 0x00000000aa300000|100%| E|CS|TAMS 0x00000000aa200000, 0x00000000aa200000| Complete 
| 675|0x00000000aa300000, 0x00000000aa400000, 0x00000000aa400000|100%| E|CS|TAMS 0x00000000aa300000, 0x00000000aa300000| Complete 
| 676|0x00000000aa400000, 0x00000000aa500000, 0x00000000aa500000|100%| E|CS|TAMS 0x00000000aa400000, 0x00000000aa400000| Complete 
| 677|0x00000000aa500000, 0x00000000aa600000, 0x00000000aa600000|100%| E|CS|TAMS 0x00000000aa500000, 0x00000000aa500000| Complete 
| 678|0x00000000aa600000, 0x00000000aa700000, 0x00000000aa700000|100%| E|CS|TAMS 0x00000000aa600000, 0x00000000aa600000| Complete 
| 679|0x00000000aa700000, 0x00000000aa800000, 0x00000000aa800000|100%| E|CS|TAMS 0x00000000aa700000, 0x00000000aa700000| Complete 
| 680|0x00000000aa800000, 0x00000000aa900000, 0x00000000aa900000|100%| E|CS|TAMS 0x00000000aa800000, 0x00000000aa800000| Complete 
| 681|0x00000000aa900000, 0x00000000aaa00000, 0x00000000aaa00000|100%| E|CS|TAMS 0x00000000aa900000, 0x00000000aa900000| Complete 
| 682|0x00000000aaa00000, 0x00000000aab00000, 0x00000000aab00000|100%| E|CS|TAMS 0x00000000aaa00000, 0x00000000aaa00000| Complete 
| 683|0x00000000aab00000, 0x00000000aac00000, 0x00000000aac00000|100%| E|CS|TAMS 0x00000000aab00000, 0x00000000aab00000| Complete 
| 684|0x00000000aac00000, 0x00000000aad00000, 0x00000000aad00000|100%| E|CS|TAMS 0x00000000aac00000, 0x00000000aac00000| Complete 
| 685|0x00000000aad00000, 0x00000000aae00000, 0x00000000aae00000|100%| E|CS|TAMS 0x00000000aad00000, 0x00000000aad00000| Complete 
| 686|0x00000000aae00000, 0x00000000aaf00000, 0x00000000aaf00000|100%| E|CS|TAMS 0x00000000aae00000, 0x00000000aae00000| Complete 
| 687|0x00000000aaf00000, 0x00000000ab000000, 0x00000000ab000000|100%| E|CS|TAMS 0x00000000aaf00000, 0x00000000aaf00000| Complete 
| 688|0x00000000ab000000, 0x00000000ab100000, 0x00000000ab100000|100%| E|CS|TAMS 0x00000000ab000000, 0x00000000ab000000| Complete 
| 689|0x00000000ab100000, 0x00000000ab200000, 0x00000000ab200000|100%| E|CS|TAMS 0x00000000ab100000, 0x00000000ab100000| Complete 
| 690|0x00000000ab200000, 0x00000000ab300000, 0x00000000ab300000|100%| E|CS|TAMS 0x00000000ab200000, 0x00000000ab200000| Complete 
| 691|0x00000000ab300000, 0x00000000ab400000, 0x00000000ab400000|100%| E|CS|TAMS 0x00000000ab300000, 0x00000000ab300000| Complete 
| 692|0x00000000ab400000, 0x00000000ab500000, 0x00000000ab500000|100%| E|CS|TAMS 0x00000000ab400000, 0x00000000ab400000| Complete 
| 693|0x00000000ab500000, 0x00000000ab600000, 0x00000000ab600000|100%| E|CS|TAMS 0x00000000ab500000, 0x00000000ab500000| Complete 
| 694|0x00000000ab600000, 0x00000000ab700000, 0x00000000ab700000|100%| E|CS|TAMS 0x00000000ab600000, 0x00000000ab600000| Complete 
| 695|0x00000000ab700000, 0x00000000ab800000, 0x00000000ab800000|100%| E|CS|TAMS 0x00000000ab700000, 0x00000000ab700000| Complete 
| 696|0x00000000ab800000, 0x00000000ab900000, 0x00000000ab900000|100%| E|CS|TAMS 0x00000000ab800000, 0x00000000ab800000| Complete 
| 697|0x00000000ab900000, 0x00000000aba00000, 0x00000000aba00000|100%| E|CS|TAMS 0x00000000ab900000, 0x00000000ab900000| Complete 
| 698|0x00000000aba00000, 0x00000000abb00000, 0x00000000abb00000|100%| E|CS|TAMS 0x00000000aba00000, 0x00000000aba00000| Complete 
| 699|0x00000000abb00000, 0x00000000abc00000, 0x00000000abc00000|100%| E|CS|TAMS 0x00000000abb00000, 0x00000000abb00000| Complete 
| 700|0x00000000abc00000, 0x00000000abd00000, 0x00000000abd00000|100%| E|CS|TAMS 0x00000000abc00000, 0x00000000abc00000| Complete 
| 701|0x00000000abd00000, 0x00000000abe00000, 0x00000000abe00000|100%| E|CS|TAMS 0x00000000abd00000, 0x00000000abd00000| Complete 
| 702|0x00000000abe00000, 0x00000000abf00000, 0x00000000abf00000|100%| E|CS|TAMS 0x00000000abe00000, 0x00000000abe00000| Complete 
| 703|0x00000000abf00000, 0x00000000ac000000, 0x00000000ac000000|100%| E|CS|TAMS 0x00000000abf00000, 0x00000000abf00000| Complete 
| 704|0x00000000ac000000, 0x00000000ac100000, 0x00000000ac100000|100%| E|CS|TAMS 0x00000000ac000000, 0x00000000ac000000| Complete 
| 705|0x00000000ac100000, 0x00000000ac200000, 0x00000000ac200000|100%| E|CS|TAMS 0x00000000ac100000, 0x00000000ac100000| Complete 
| 706|0x00000000ac200000, 0x00000000ac300000, 0x00000000ac300000|100%| E|CS|TAMS 0x00000000ac200000, 0x00000000ac200000| Complete 
| 707|0x00000000ac300000, 0x00000000ac400000, 0x00000000ac400000|100%| E|CS|TAMS 0x00000000ac300000, 0x00000000ac300000| Complete 
| 708|0x00000000ac400000, 0x00000000ac500000, 0x00000000ac500000|100%| E|CS|TAMS 0x00000000ac400000, 0x00000000ac400000| Complete 
| 709|0x00000000ac500000, 0x00000000ac600000, 0x00000000ac600000|100%| E|CS|TAMS 0x00000000ac500000, 0x00000000ac500000| Complete 
| 710|0x00000000ac600000, 0x00000000ac700000, 0x00000000ac700000|100%| E|CS|TAMS 0x00000000ac600000, 0x00000000ac600000| Complete 
| 711|0x00000000ac700000, 0x00000000ac800000, 0x00000000ac800000|100%| E|CS|TAMS 0x00000000ac700000, 0x00000000ac700000| Complete 
| 712|0x00000000ac800000, 0x00000000ac900000, 0x00000000ac900000|100%| E|CS|TAMS 0x00000000ac800000, 0x00000000ac800000| Complete 
| 713|0x00000000ac900000, 0x00000000aca00000, 0x00000000aca00000|100%| E|CS|TAMS 0x00000000ac900000, 0x00000000ac900000| Complete 
| 714|0x00000000aca00000, 0x00000000acb00000, 0x00000000acb00000|100%| E|CS|TAMS 0x00000000aca00000, 0x00000000aca00000| Complete 
| 715|0x00000000acb00000, 0x00000000acc00000, 0x00000000acc00000|100%| E|CS|TAMS 0x00000000acb00000, 0x00000000acb00000| Complete 
| 716|0x00000000acc00000, 0x00000000acd00000, 0x00000000acd00000|100%| E|CS|TAMS 0x00000000acc00000, 0x00000000acc00000| Complete 
| 717|0x00000000acd00000, 0x00000000ace00000, 0x00000000ace00000|100%| E|CS|TAMS 0x00000000acd00000, 0x00000000acd00000| Complete 
| 718|0x00000000ace00000, 0x00000000acf00000, 0x00000000acf00000|100%| E|CS|TAMS 0x00000000ace00000, 0x00000000ace00000| Complete 
| 719|0x00000000acf00000, 0x00000000ad000000, 0x00000000ad000000|100%| E|CS|TAMS 0x00000000acf00000, 0x00000000acf00000| Complete 
| 720|0x00000000ad000000, 0x00000000ad100000, 0x00000000ad100000|100%| E|CS|TAMS 0x00000000ad000000, 0x00000000ad000000| Complete 
| 721|0x00000000ad100000, 0x00000000ad200000, 0x00000000ad200000|100%| E|CS|TAMS 0x00000000ad100000, 0x00000000ad100000| Complete 
| 722|0x00000000ad200000, 0x00000000ad300000, 0x00000000ad300000|100%| E|CS|TAMS 0x00000000ad200000, 0x00000000ad200000| Complete 
| 723|0x00000000ad300000, 0x00000000ad400000, 0x00000000ad400000|100%| E|CS|TAMS 0x00000000ad300000, 0x00000000ad300000| Complete 
| 724|0x00000000ad400000, 0x00000000ad500000, 0x00000000ad500000|100%| E|CS|TAMS 0x00000000ad400000, 0x00000000ad400000| Complete 
| 725|0x00000000ad500000, 0x00000000ad600000, 0x00000000ad600000|100%| E|CS|TAMS 0x00000000ad500000, 0x00000000ad500000| Complete 
| 726|0x00000000ad600000, 0x00000000ad700000, 0x00000000ad700000|100%| E|CS|TAMS 0x00000000ad600000, 0x00000000ad600000| Complete 
| 727|0x00000000ad700000, 0x00000000ad800000, 0x00000000ad800000|100%| E|CS|TAMS 0x00000000ad700000, 0x00000000ad700000| Complete 
| 728|0x00000000ad800000, 0x00000000ad900000, 0x00000000ad900000|100%| E|CS|TAMS 0x00000000ad800000, 0x00000000ad800000| Complete 
| 729|0x00000000ad900000, 0x00000000ada00000, 0x00000000ada00000|100%| E|CS|TAMS 0x00000000ad900000, 0x00000000ad900000| Complete 
| 730|0x00000000ada00000, 0x00000000adb00000, 0x00000000adb00000|100%| E|CS|TAMS 0x00000000ada00000, 0x00000000ada00000| Complete 
| 731|0x00000000adb00000, 0x00000000adc00000, 0x00000000adc00000|100%| E|CS|TAMS 0x00000000adb00000, 0x00000000adb00000| Complete 
| 732|0x00000000adc00000, 0x00000000add00000, 0x00000000add00000|100%| E|CS|TAMS 0x00000000adc00000, 0x00000000adc00000| Complete 
| 733|0x00000000add00000, 0x00000000ade00000, 0x00000000ade00000|100%| E|CS|TAMS 0x00000000add00000, 0x00000000add00000| Complete 
| 734|0x00000000ade00000, 0x00000000adf00000, 0x00000000adf00000|100%| E|CS|TAMS 0x00000000ade00000, 0x00000000ade00000| Complete 
| 735|0x00000000adf00000, 0x00000000ae000000, 0x00000000ae000000|100%| E|CS|TAMS 0x00000000adf00000, 0x00000000adf00000| Complete 
| 736|0x00000000ae000000, 0x00000000ae100000, 0x00000000ae100000|100%| E|CS|TAMS 0x00000000ae000000, 0x00000000ae000000| Complete 
| 737|0x00000000ae100000, 0x00000000ae200000, 0x00000000ae200000|100%| E|CS|TAMS 0x00000000ae100000, 0x00000000ae100000| Complete 
| 738|0x00000000ae200000, 0x00000000ae300000, 0x00000000ae300000|100%| E|CS|TAMS 0x00000000ae200000, 0x00000000ae200000| Complete 
| 739|0x00000000ae300000, 0x00000000ae400000, 0x00000000ae400000|100%| E|CS|TAMS 0x00000000ae300000, 0x00000000ae300000| Complete 
| 740|0x00000000ae400000, 0x00000000ae500000, 0x00000000ae500000|100%| E|CS|TAMS 0x00000000ae400000, 0x00000000ae400000| Complete 
| 741|0x00000000ae500000, 0x00000000ae600000, 0x00000000ae600000|100%| E|CS|TAMS 0x00000000ae500000, 0x00000000ae500000| Complete 
| 742|0x00000000ae600000, 0x00000000ae700000, 0x00000000ae700000|100%| E|CS|TAMS 0x00000000ae600000, 0x00000000ae600000| Complete 
| 743|0x00000000ae700000, 0x00000000ae800000, 0x00000000ae800000|100%| E|CS|TAMS 0x00000000ae700000, 0x00000000ae700000| Complete 
| 744|0x00000000ae800000, 0x00000000ae900000, 0x00000000ae900000|100%| E|CS|TAMS 0x00000000ae800000, 0x00000000ae800000| Complete 
| 745|0x00000000ae900000, 0x00000000aea00000, 0x00000000aea00000|100%| E|CS|TAMS 0x00000000ae900000, 0x00000000ae900000| Complete 
| 746|0x00000000aea00000, 0x00000000aeb00000, 0x00000000aeb00000|100%| E|CS|TAMS 0x00000000aea00000, 0x00000000aea00000| Complete 
| 747|0x00000000aeb00000, 0x00000000aec00000, 0x00000000aec00000|100%| E|CS|TAMS 0x00000000aeb00000, 0x00000000aeb00000| Complete 
| 748|0x00000000aec00000, 0x00000000aed00000, 0x00000000aed00000|100%| E|CS|TAMS 0x00000000aec00000, 0x00000000aec00000| Complete 
| 749|0x00000000aed00000, 0x00000000aee00000, 0x00000000aee00000|100%| E|CS|TAMS 0x00000000aed00000, 0x00000000aed00000| Complete 
| 750|0x00000000aee00000, 0x00000000aef00000, 0x00000000aef00000|100%| E|CS|TAMS 0x00000000aee00000, 0x00000000aee00000| Complete 
| 751|0x00000000aef00000, 0x00000000af000000, 0x00000000af000000|100%| E|CS|TAMS 0x00000000aef00000, 0x00000000aef00000| Complete 
| 752|0x00000000af000000, 0x00000000af100000, 0x00000000af100000|100%| E|CS|TAMS 0x00000000af000000, 0x00000000af000000| Complete 
| 753|0x00000000af100000, 0x00000000af200000, 0x00000000af200000|100%| E|CS|TAMS 0x00000000af100000, 0x00000000af100000| Complete 
| 754|0x00000000af200000, 0x00000000af300000, 0x00000000af300000|100%| E|CS|TAMS 0x00000000af200000, 0x00000000af200000| Complete 
| 755|0x00000000af300000, 0x00000000af400000, 0x00000000af400000|100%| E|CS|TAMS 0x00000000af300000, 0x00000000af300000| Complete 
| 756|0x00000000af400000, 0x00000000af500000, 0x00000000af500000|100%| E|CS|TAMS 0x00000000af400000, 0x00000000af400000| Complete 
| 757|0x00000000af500000, 0x00000000af600000, 0x00000000af600000|100%| E|CS|TAMS 0x00000000af500000, 0x00000000af500000| Complete 
| 758|0x00000000af600000, 0x00000000af700000, 0x00000000af700000|100%| E|CS|TAMS 0x00000000af600000, 0x00000000af600000| Complete 
| 759|0x00000000af700000, 0x00000000af800000, 0x00000000af800000|100%| E|CS|TAMS 0x00000000af700000, 0x00000000af700000| Complete 
| 760|0x00000000af800000, 0x00000000af900000, 0x00000000af900000|100%| E|CS|TAMS 0x00000000af800000, 0x00000000af800000| Complete 
| 761|0x00000000af900000, 0x00000000afa00000, 0x00000000afa00000|100%| E|CS|TAMS 0x00000000af900000, 0x00000000af900000| Complete 
| 762|0x00000000afa00000, 0x00000000afb00000, 0x00000000afb00000|100%| E|CS|TAMS 0x00000000afa00000, 0x00000000afa00000| Complete 
| 763|0x00000000afb00000, 0x00000000afc00000, 0x00000000afc00000|100%| E|CS|TAMS 0x00000000afb00000, 0x00000000afb00000| Complete 
| 764|0x00000000afc00000, 0x00000000afd00000, 0x00000000afd00000|100%| E|CS|TAMS 0x00000000afc00000, 0x00000000afc00000| Complete 
| 765|0x00000000afd00000, 0x00000000afe00000, 0x00000000afe00000|100%| E|CS|TAMS 0x00000000afd00000, 0x00000000afd00000| Complete 
| 766|0x00000000afe00000, 0x00000000aff00000, 0x00000000aff00000|100%| E|CS|TAMS 0x00000000afe00000, 0x00000000afe00000| Complete 
| 767|0x00000000aff00000, 0x00000000b0000000, 0x00000000b0000000|100%| E|CS|TAMS 0x00000000aff00000, 0x00000000aff00000| Complete 
| 768|0x00000000b0000000, 0x00000000b0100000, 0x00000000b0100000|100%| E|CS|TAMS 0x00000000b0000000, 0x00000000b0000000| Complete 
| 769|0x00000000b0100000, 0x00000000b0200000, 0x00000000b0200000|100%| E|CS|TAMS 0x00000000b0100000, 0x00000000b0100000| Complete 
| 770|0x00000000b0200000, 0x00000000b0300000, 0x00000000b0300000|100%| E|CS|TAMS 0x00000000b0200000, 0x00000000b0200000| Complete 
| 771|0x00000000b0300000, 0x00000000b0400000, 0x00000000b0400000|100%| E|CS|TAMS 0x00000000b0300000, 0x00000000b0300000| Complete 
| 772|0x00000000b0400000, 0x00000000b0500000, 0x00000000b0500000|100%| E|CS|TAMS 0x00000000b0400000, 0x00000000b0400000| Complete 
| 773|0x00000000b0500000, 0x00000000b0600000, 0x00000000b0600000|100%| E|CS|TAMS 0x00000000b0500000, 0x00000000b0500000| Complete 
| 774|0x00000000b0600000, 0x00000000b0700000, 0x00000000b0700000|100%| E|CS|TAMS 0x00000000b0600000, 0x00000000b0600000| Complete 
| 775|0x00000000b0700000, 0x00000000b0800000, 0x00000000b0800000|100%| E|CS|TAMS 0x00000000b0700000, 0x00000000b0700000| Complete 
| 776|0x00000000b0800000, 0x00000000b0900000, 0x00000000b0900000|100%| E|CS|TAMS 0x00000000b0800000, 0x00000000b0800000| Complete 
| 777|0x00000000b0900000, 0x00000000b0a00000, 0x00000000b0a00000|100%| E|CS|TAMS 0x00000000b0900000, 0x00000000b0900000| Complete 
| 778|0x00000000b0a00000, 0x00000000b0b00000, 0x00000000b0b00000|100%| E|CS|TAMS 0x00000000b0a00000, 0x00000000b0a00000| Complete 
| 779|0x00000000b0b00000, 0x00000000b0c00000, 0x00000000b0c00000|100%| E|CS|TAMS 0x00000000b0b00000, 0x00000000b0b00000| Complete 
| 780|0x00000000b0c00000, 0x00000000b0d00000, 0x00000000b0d00000|100%| E|CS|TAMS 0x00000000b0c00000, 0x00000000b0c00000| Complete 
| 781|0x00000000b0d00000, 0x00000000b0e00000, 0x00000000b0e00000|100%| E|CS|TAMS 0x00000000b0d00000, 0x00000000b0d00000| Complete 
| 782|0x00000000b0e00000, 0x00000000b0f00000, 0x00000000b0f00000|100%| E|CS|TAMS 0x00000000b0e00000, 0x00000000b0e00000| Complete 
| 783|0x00000000b0f00000, 0x00000000b1000000, 0x00000000b1000000|100%| E|CS|TAMS 0x00000000b0f00000, 0x00000000b0f00000| Complete 
| 784|0x00000000b1000000, 0x00000000b1100000, 0x00000000b1100000|100%| E|CS|TAMS 0x00000000b1000000, 0x00000000b1000000| Complete 
| 785|0x00000000b1100000, 0x00000000b1200000, 0x00000000b1200000|100%| E|CS|TAMS 0x00000000b1100000, 0x00000000b1100000| Complete 
| 786|0x00000000b1200000, 0x00000000b1300000, 0x00000000b1300000|100%| E|CS|TAMS 0x00000000b1200000, 0x00000000b1200000| Complete 
| 787|0x00000000b1300000, 0x00000000b1400000, 0x00000000b1400000|100%| E|CS|TAMS 0x00000000b1300000, 0x00000000b1300000| Complete 
| 788|0x00000000b1400000, 0x00000000b1500000, 0x00000000b1500000|100%| E|CS|TAMS 0x00000000b1400000, 0x00000000b1400000| Complete 
| 789|0x00000000b1500000, 0x00000000b1600000, 0x00000000b1600000|100%| E|CS|TAMS 0x00000000b1500000, 0x00000000b1500000| Complete 
| 790|0x00000000b1600000, 0x00000000b1700000, 0x00000000b1700000|100%| E|CS|TAMS 0x00000000b1600000, 0x00000000b1600000| Complete 
| 791|0x00000000b1700000, 0x00000000b1800000, 0x00000000b1800000|100%| E|CS|TAMS 0x00000000b1700000, 0x00000000b1700000| Complete 
| 792|0x00000000b1800000, 0x00000000b1900000, 0x00000000b1900000|100%| E|CS|TAMS 0x00000000b1800000, 0x00000000b1800000| Complete 
| 793|0x00000000b1900000, 0x00000000b1a00000, 0x00000000b1a00000|100%| E|CS|TAMS 0x00000000b1900000, 0x00000000b1900000| Complete 
| 794|0x00000000b1a00000, 0x00000000b1b00000, 0x00000000b1b00000|100%| E|CS|TAMS 0x00000000b1a00000, 0x00000000b1a00000| Complete 
| 795|0x00000000b1b00000, 0x00000000b1c00000, 0x00000000b1c00000|100%| E|CS|TAMS 0x00000000b1b00000, 0x00000000b1b00000| Complete 
| 796|0x00000000b1c00000, 0x00000000b1d00000, 0x00000000b1d00000|100%| E|CS|TAMS 0x00000000b1c00000, 0x00000000b1c00000| Complete 
| 797|0x00000000b1d00000, 0x00000000b1e00000, 0x00000000b1e00000|100%| E|CS|TAMS 0x00000000b1d00000, 0x00000000b1d00000| Complete 
| 798|0x00000000b1e00000, 0x00000000b1f00000, 0x00000000b1f00000|100%| E|CS|TAMS 0x00000000b1e00000, 0x00000000b1e00000| Complete 
| 799|0x00000000b1f00000, 0x00000000b2000000, 0x00000000b2000000|100%| E|CS|TAMS 0x00000000b1f00000, 0x00000000b1f00000| Complete 
| 800|0x00000000b2000000, 0x00000000b2100000, 0x00000000b2100000|100%| E|CS|TAMS 0x00000000b2000000, 0x00000000b2000000| Complete 
| 801|0x00000000b2100000, 0x00000000b2200000, 0x00000000b2200000|100%| E|CS|TAMS 0x00000000b2100000, 0x00000000b2100000| Complete 
| 802|0x00000000b2200000, 0x00000000b2300000, 0x00000000b2300000|100%| E|CS|TAMS 0x00000000b2200000, 0x00000000b2200000| Complete 
| 803|0x00000000b2300000, 0x00000000b2400000, 0x00000000b2400000|100%| E|CS|TAMS 0x00000000b2300000, 0x00000000b2300000| Complete 
| 804|0x00000000b2400000, 0x00000000b2500000, 0x00000000b2500000|100%| E|CS|TAMS 0x00000000b2400000, 0x00000000b2400000| Complete 
| 805|0x00000000b2500000, 0x00000000b2600000, 0x00000000b2600000|100%| E|CS|TAMS 0x00000000b2500000, 0x00000000b2500000| Complete 
| 806|0x00000000b2600000, 0x00000000b2700000, 0x00000000b2700000|100%| E|CS|TAMS 0x00000000b2600000, 0x00000000b2600000| Complete 
| 807|0x00000000b2700000, 0x00000000b2800000, 0x00000000b2800000|100%| E|CS|TAMS 0x00000000b2700000, 0x00000000b2700000| Complete 
| 808|0x00000000b2800000, 0x00000000b2900000, 0x00000000b2900000|100%| E|CS|TAMS 0x00000000b2800000, 0x00000000b2800000| Complete 
| 809|0x00000000b2900000, 0x00000000b2a00000, 0x00000000b2a00000|100%| E|CS|TAMS 0x00000000b2900000, 0x00000000b2900000| Complete 
| 810|0x00000000b2a00000, 0x00000000b2b00000, 0x00000000b2b00000|100%| E|CS|TAMS 0x00000000b2a00000, 0x00000000b2a00000| Complete 
| 811|0x00000000b2b00000, 0x00000000b2c00000, 0x00000000b2c00000|100%| E|CS|TAMS 0x00000000b2b00000, 0x00000000b2b00000| Complete 
| 812|0x00000000b2c00000, 0x00000000b2d00000, 0x00000000b2d00000|100%| E|CS|TAMS 0x00000000b2c00000, 0x00000000b2c00000| Complete 
| 813|0x00000000b2d00000, 0x00000000b2e00000, 0x00000000b2e00000|100%| E|CS|TAMS 0x00000000b2d00000, 0x00000000b2d00000| Complete 
| 814|0x00000000b2e00000, 0x00000000b2f00000, 0x00000000b2f00000|100%| E|CS|TAMS 0x00000000b2e00000, 0x00000000b2e00000| Complete 
| 815|0x00000000b2f00000, 0x00000000b3000000, 0x00000000b3000000|100%| E|CS|TAMS 0x00000000b2f00000, 0x00000000b2f00000| Complete 
| 816|0x00000000b3000000, 0x00000000b3100000, 0x00000000b3100000|100%| E|CS|TAMS 0x00000000b3000000, 0x00000000b3000000| Complete 
| 817|0x00000000b3100000, 0x00000000b3200000, 0x00000000b3200000|100%| E|CS|TAMS 0x00000000b3100000, 0x00000000b3100000| Complete 
| 818|0x00000000b3200000, 0x00000000b3300000, 0x00000000b3300000|100%| E|CS|TAMS 0x00000000b3200000, 0x00000000b3200000| Complete 
| 819|0x00000000b3300000, 0x00000000b3400000, 0x00000000b3400000|100%| E|CS|TAMS 0x00000000b3300000, 0x00000000b3300000| Complete 
| 820|0x00000000b3400000, 0x00000000b3500000, 0x00000000b3500000|100%| E|CS|TAMS 0x00000000b3400000, 0x00000000b3400000| Complete 
| 821|0x00000000b3500000, 0x00000000b3600000, 0x00000000b3600000|100%| E|CS|TAMS 0x00000000b3500000, 0x00000000b3500000| Complete 
| 822|0x00000000b3600000, 0x00000000b3700000, 0x00000000b3700000|100%| E|CS|TAMS 0x00000000b3600000, 0x00000000b3600000| Complete 
| 823|0x00000000b3700000, 0x00000000b3800000, 0x00000000b3800000|100%| E|CS|TAMS 0x00000000b3700000, 0x00000000b3700000| Complete 
| 824|0x00000000b3800000, 0x00000000b3900000, 0x00000000b3900000|100%| E|CS|TAMS 0x00000000b3800000, 0x00000000b3800000| Complete 
| 825|0x00000000b3900000, 0x00000000b3a00000, 0x00000000b3a00000|100%| E|CS|TAMS 0x00000000b3900000, 0x00000000b3900000| Complete 
| 826|0x00000000b3a00000, 0x00000000b3b00000, 0x00000000b3b00000|100%| E|CS|TAMS 0x00000000b3a00000, 0x00000000b3a00000| Complete 
| 827|0x00000000b3b00000, 0x00000000b3c00000, 0x00000000b3c00000|100%| E|CS|TAMS 0x00000000b3b00000, 0x00000000b3b00000| Complete 

Card table byte_map: [0x000002c5211f0000,0x000002c5215f0000] _byte_map_base: 0x000002c520df0000

Marking Bits (Prev, Next): (CMBitMap*) 0x000002c50a488ab0, (CMBitMap*) 0x000002c50a488af0
 Prev Bits: [0x000002c5219f0000, 0x000002c5239f0000)
 Next Bits: [0x000002c5239f0000, 0x000002c5259f0000)

Polling page: 0x000002c508380000

Metaspace:

Usage:
  Non-class:     84.30 MB used.
      Class:     13.50 MB used.
       Both:     97.80 MB used.

Virtual space:
  Non-class space:      128.00 MB reserved,      84.88 MB ( 66%) committed,  2 nodes.
      Class space:      416.00 MB reserved,      14.00 MB (  3%) committed,  1 nodes.
             Both:      544.00 MB reserved,      98.88 MB ( 18%) committed. 

Chunk freelists:
   Non-Class:  10.43 MB
       Class:  2.04 MB
        Both:  12.46 MB

MaxMetaspaceSize: 512.00 MB
CompressedClassSpaceSize: 416.00 MB
Initial GC threshold: 21.00 MB
Current GC threshold: 164.81 MB
CDS: on
MetaspaceReclaimPolicy: balanced
 - commit_granule_bytes: 65536.
 - commit_granule_words: 8192.
 - virtual_space_node_default_size: 8388608.
 - enlarge_chunks_in_place: 1.
 - new_chunks_are_fully_committed: 0.
 - uncommit_free_chunks: 1.
 - use_allocation_guard: 0.
 - handle_deallocations: 1.


Internal statistics:

num_allocs_failed_limit: 12.
num_arena_births: 1318.
num_arena_deaths: 4.
num_vsnodes_births: 3.
num_vsnodes_deaths: 0.
num_space_committed: 1582.
num_space_uncommitted: 0.
num_chunks_returned_to_freelist: 24.
num_chunks_taken_from_freelist: 5459.
num_chunk_merges: 13.
num_chunk_splits: 3609.
num_chunks_enlarged: 2339.
num_inconsistent_stats: 0.

CodeHeap 'non-profiled nmethods': size=120000Kb used=7391Kb max_used=7799Kb free=112608Kb
 bounds [0x000002c5197b0000, 0x000002c519f70000, 0x000002c520ce0000]
CodeHeap 'profiled nmethods': size=120000Kb used=23464Kb max_used=25486Kb free=96535Kb
 bounds [0x000002c511ce0000, 0x000002c5135e0000, 0x000002c519210000]
CodeHeap 'non-nmethods': size=5760Kb used=2469Kb max_used=2566Kb free=3291Kb
 bounds [0x000002c519210000, 0x000002c5194b0000, 0x000002c5197b0000]
 total_blobs=13316 nmethods=12301 adapters=927
 compilation: enabled
              stopped_count=0, restarted_count=0
 full_count=0

Compilation events (20 events):
Event: 68.163 Thread 0x000002c52820e2b0 14840 %     4       org.objectweb.asm.ClassReader::readCode @ 92 (5109 bytes)
Event: 68.167 Thread 0x000002c52820f080 nmethod 14874 0x000002c51213ab90 code [0x000002c51213ad40, 0x000002c51213af48]
Event: 68.167 Thread 0x000002c52820f080 14875       3       org.objectweb.asm.MethodWriter::visitFieldInsn (258 bytes)
Event: 68.168 Thread 0x000002c52820f080 nmethod 14875 0x000002c51221a890 code [0x000002c51221ab00, 0x000002c51221b728]
Event: 68.291 Thread 0x000002c52820f080 14881       2       java.util.Random::nextLong (19 bytes)
Event: 68.296 Thread 0x000002c52820f080 nmethod 14881 0x000002c511fd4810 code [0x000002c511fd49c0, 0x000002c511fd4b58]
Event: 68.335 Thread 0x000002c52820f080 14885 %     3       org.objectweb.asm.MethodWriter::visitTableSwitchInsn @ 78 (120 bytes)
Event: 68.344 Thread 0x000002c52820f080 nmethod 14885% 0x000002c512415b10 code [0x000002c512415d40, 0x000002c5124162e8]
Event: 68.357 Thread 0x000002c52820f080 14888       2       java.io.DataOutputStream::writeUTF (7 bytes)
Event: 68.360 Thread 0x000002c52820f080 nmethod 14888 0x000002c511fa3e90 code [0x000002c511fa4020, 0x000002c511fa4148]
Event: 68.360 Thread 0x000002c52820f080 14889       2       org.objectweb.asm.Type::getClassName (180 bytes)
Event: 68.361 Thread 0x000002c52820f080 nmethod 14889 0x000002c511ce8f90 code [0x000002c511ce9260, 0x000002c511ce9bc8]
Event: 68.381 Thread 0x000002c52820f080 14894       1       org.gradle.cache.internal.DefaultFileLockManager::access$200 (5 bytes)
Event: 68.384 Thread 0x000002c52820f080 nmethod 14894 0x000002c519804a90 code [0x000002c519804c20, 0x000002c519804cd8]
Event: 68.384 Thread 0x000002c52820f080 14895       3       org.objectweb.asm.MethodWriter::visitAnnotation (40 bytes)
Event: 68.388 Thread 0x000002c52820f080 nmethod 14895 0x000002c512273610 code [0x000002c5122737c0, 0x000002c512273a78]
Event: 68.413 Thread 0x000002c52820f080 14896       2       java.lang.Exception::<init> (5 bytes)
Event: 68.418 Thread 0x000002c52820f080 nmethod 14896 0x000002c511f00990 code [0x000002c511f00b40, 0x000002c511f00da8]
Event: 68.489 Thread 0x000002c52820f080 14899       3       org.objectweb.asm.MethodWriter::visitParameterAnnotation (92 bytes)
Event: 68.493 Thread 0x000002c52820f080 nmethod 14899 0x000002c51238c090 code [0x000002c51238c2a0, 0x000002c51238cb38]

GC Heap History (20 events):
Event: 44.991 GC heap before
{Heap before GC invocations=34 (full 0):
 garbage-first heap   total 135168K, used 112096K [0x0000000080000000, 0x0000000100000000)
  region size 1024K, 35 young (35840K), 1 survivors (1024K)
 Metaspace       used 79468K, committed 80320K, reserved 557056K
  class space    used 10970K, committed 11392K, reserved 425984K
}
Event: 44.995 GC heap after
{Heap after GC invocations=35 (full 0):
 garbage-first heap   total 366592K, used 79273K [0x0000000080000000, 0x0000000100000000)
  region size 1024K, 3 young (3072K), 3 survivors (3072K)
 Metaspace       used 79468K, committed 80320K, reserved 557056K
  class space    used 10970K, committed 11392K, reserved 425984K
}
Event: 55.500 GC heap before
{Heap before GC invocations=36 (full 0):
 garbage-first heap   total 273408K, used 222633K [0x0000000080000000, 0x0000000100000000)
  region size 1024K, 137 young (140288K), 3 survivors (3072K)
 Metaspace       used 88596K, committed 89472K, reserved 557056K
  class space    used 12128K, committed 12544K, reserved 425984K
}
Event: 55.510 GC heap after
{Heap after GC invocations=37 (full 0):
 garbage-first heap   total 273408K, used 90314K [0x0000000080000000, 0x0000000100000000)
  region size 1024K, 13 young (13312K), 13 survivors (13312K)
 Metaspace       used 88596K, committed 89472K, reserved 557056K
  class space    used 12128K, committed 12544K, reserved 425984K
}
Event: 55.524 GC heap before
{Heap before GC invocations=37 (full 0):
 garbage-first heap   total 273408K, used 91338K [0x0000000080000000, 0x0000000100000000)
  region size 1024K, 14 young (14336K), 13 survivors (13312K)
 Metaspace       used 88719K, committed 89600K, reserved 557056K
  class space    used 12150K, committed 12544K, reserved 425984K
}
Event: 55.537 GC heap after
{Heap after GC invocations=38 (full 0):
 garbage-first heap   total 273408K, used 92003K [0x0000000080000000, 0x0000000100000000)
  region size 1024K, 2 young (2048K), 2 survivors (2048K)
 Metaspace       used 88719K, committed 89600K, reserved 557056K
  class space    used 12150K, committed 12544K, reserved 425984K
}
Event: 59.179 GC heap before
{Heap before GC invocations=38 (full 0):
 garbage-first heap   total 273408K, used 204643K [0x0000000080000000, 0x0000000100000000)
  region size 1024K, 107 young (109568K), 2 survivors (2048K)
 Metaspace       used 95112K, committed 96000K, reserved 557056K
  class space    used 13182K, committed 13568K, reserved 425984K
}
Event: 59.187 GC heap after
{Heap after GC invocations=39 (full 0):
 garbage-first heap   total 273408K, used 107539K [0x0000000080000000, 0x0000000100000000)
  region size 1024K, 11 young (11264K), 11 survivors (11264K)
 Metaspace       used 95112K, committed 96000K, reserved 557056K
  class space    used 13182K, committed 13568K, reserved 425984K
}
Event: 63.505 GC heap before
{Heap before GC invocations=40 (full 0):
 garbage-first heap   total 273408K, used 210963K [0x0000000080000000, 0x0000000100000000)
  region size 1024K, 106 young (108544K), 11 survivors (11264K)
 Metaspace       used 99023K, committed 100032K, reserved 557056K
  class space    used 13729K, committed 14208K, reserved 425984K
}
Event: 63.521 GC heap after
{Heap after GC invocations=41 (full 0):
 garbage-first heap   total 273408K, used 133518K [0x0000000080000000, 0x0000000100000000)
  region size 1024K, 14 young (14336K), 14 survivors (14336K)
 Metaspace       used 99023K, committed 100032K, reserved 557056K
  class space    used 13729K, committed 14208K, reserved 425984K
}
Event: 63.543 GC heap before
{Heap before GC invocations=41 (full 0):
 garbage-first heap   total 273408K, used 134542K [0x0000000080000000, 0x0000000100000000)
  region size 1024K, 15 young (15360K), 14 survivors (14336K)
 Metaspace       used 99040K, committed 100096K, reserved 557056K
  class space    used 13732K, committed 14208K, reserved 425984K
}
Event: 63.550 GC heap after
{Heap after GC invocations=42 (full 0):
 garbage-first heap   total 273408K, used 135084K [0x0000000080000000, 0x0000000100000000)
  region size 1024K, 2 young (2048K), 2 survivors (2048K)
 Metaspace       used 99040K, committed 100096K, reserved 557056K
  class space    used 13732K, committed 14208K, reserved 425984K
}
Event: 66.564 GC heap before
{Heap before GC invocations=42 (full 0):
 garbage-first heap   total 273408K, used 206764K [0x0000000080000000, 0x0000000100000000)
  region size 1024K, 73 young (74752K), 2 survivors (2048K)
 Metaspace       used 100097K, committed 101184K, reserved 557056K
  class space    used 13823K, committed 14336K, reserved 425984K
}
Event: 66.572 GC heap after
{Heap after GC invocations=43 (full 0):
 garbage-first heap   total 273408K, used 141891K [0x0000000080000000, 0x0000000100000000)
  region size 1024K, 9 young (9216K), 9 survivors (9216K)
 Metaspace       used 100097K, committed 101184K, reserved 557056K
  class space    used 13823K, committed 14336K, reserved 425984K
}
Event: 66.892 GC heap before
{Heap before GC invocations=44 (full 0):
 garbage-first heap   total 301056K, used 210499K [0x0000000080000000, 0x0000000100000000)
  region size 1024K, 77 young (78848K), 9 survivors (9216K)
 Metaspace       used 100117K, committed 101248K, reserved 557056K
  class space    used 13823K, committed 14336K, reserved 425984K
}
Event: 66.908 GC heap after
{Heap after GC invocations=45 (full 0):
 garbage-first heap   total 301056K, used 142773K [0x0000000080000000, 0x0000000100000000)
  region size 1024K, 2 young (2048K), 2 survivors (2048K)
 Metaspace       used 100117K, committed 101248K, reserved 557056K
  class space    used 13823K, committed 14336K, reserved 425984K
}
Event: 66.928 GC heap before
{Heap before GC invocations=45 (full 0):
 garbage-first heap   total 301056K, used 154037K [0x0000000080000000, 0x0000000100000000)
  region size 1024K, 14 young (14336K), 2 survivors (2048K)
 Metaspace       used 100117K, committed 101248K, reserved 557056K
  class space    used 13823K, committed 14336K, reserved 425984K
}
Event: 66.934 GC heap after
{Heap after GC invocations=46 (full 0):
 garbage-first heap   total 301056K, used 142647K [0x0000000080000000, 0x0000000100000000)
  region size 1024K, 1 young (1024K), 1 survivors (1024K)
 Metaspace       used 100117K, committed 101248K, reserved 557056K
  class space    used 13823K, committed 14336K, reserved 425984K
}
Event: 67.196 GC heap before
{Heap before GC invocations=46 (full 0):
 garbage-first heap   total 301056K, used 236855K [0x0000000080000000, 0x0000000100000000)
  region size 1024K, 94 young (96256K), 1 survivors (1024K)
 Metaspace       used 100152K, committed 101248K, reserved 557056K
  class space    used 13826K, committed 14336K, reserved 425984K
}
Event: 67.211 GC heap after
{Heap after GC invocations=47 (full 0):
 garbage-first heap   total 847872K, used 142393K [0x0000000080000000, 0x0000000100000000)
  region size 1024K, 1 young (1024K), 1 survivors (1024K)
 Metaspace       used 100152K, committed 101248K, reserved 557056K
  class space    used 13826K, committed 14336K, reserved 425984K
}

Deoptimization events (20 events):
Event: 67.958 Thread 0x000002c5494a30c0 DEOPT PACKING pc=0x000002c51247f04f sp=0x000000d6797fdd00
Event: 67.958 Thread 0x000002c5494a30c0 DEOPT UNPACKING pc=0x000002c519262b43 sp=0x000000d6797fd410 mode 0
Event: 67.961 Thread 0x000002c5494a30c0 DEOPT PACKING pc=0x000002c51247f04f sp=0x000000d6797fdd00
Event: 67.961 Thread 0x000002c5494a30c0 DEOPT UNPACKING pc=0x000002c519262b43 sp=0x000000d6797fd410 mode 0
Event: 68.035 Thread 0x000002c54949f400 DEOPT PACKING pc=0x000002c51247f04f sp=0x000000d679dfdb40
Event: 68.035 Thread 0x000002c54949f400 DEOPT UNPACKING pc=0x000002c519262b43 sp=0x000000d679dfd250 mode 0
Event: 68.059 Thread 0x000002c54949f400 DEOPT PACKING pc=0x000002c51247f04f sp=0x000000d679dfdb40
Event: 68.061 Thread 0x000002c54949f400 DEOPT UNPACKING pc=0x000002c519262b43 sp=0x000000d679dfd250 mode 0
Event: 68.162 Thread 0x000002c54949f400 Uncommon trap: trap_request=0xffffff45 fr.pc=0x000002c519d3be78 relative=0x0000000000001bb8
Event: 68.162 Thread 0x000002c54949f400 Uncommon trap: reason=unstable_if action=reinterpret pc=0x000002c519d3be78 method=org.objectweb.asm.MethodWriter.visitFieldInsn(ILjava/lang/String;Ljava/lang/String;Ljava/lang/String;)V @ 128 c2
Event: 68.162 Thread 0x000002c54949f400 DEOPT PACKING pc=0x000002c519d3be78 sp=0x000000d679dfdad0
Event: 68.162 Thread 0x000002c54949f400 DEOPT UNPACKING pc=0x000002c5192623a3 sp=0x000000d679dfd8d0 mode 2
Event: 68.162 Thread 0x000002c54949f400 Uncommon trap: trap_request=0xffffff45 fr.pc=0x000002c51980fa38 relative=0x00000000000003d8
Event: 68.162 Thread 0x000002c54949f400 Uncommon trap: reason=unstable_if action=reinterpret pc=0x000002c51980fa38 method=org.objectweb.asm.MethodWriter.visitFieldInsn(ILjava/lang/String;Ljava/lang/String;Ljava/lang/String;)V @ 128 c2
Event: 68.162 Thread 0x000002c54949f400 DEOPT PACKING pc=0x000002c51980fa38 sp=0x000000d679dfd900
Event: 68.162 Thread 0x000002c54949f400 DEOPT UNPACKING pc=0x000002c5192623a3 sp=0x000000d679dfd8a8 mode 2
Event: 68.190 Thread 0x000002c54949f400 DEOPT PACKING pc=0x000002c51247f04f sp=0x000000d679dfdb40
Event: 68.190 Thread 0x000002c54949f400 DEOPT UNPACKING pc=0x000002c519262b43 sp=0x000000d679dfd250 mode 0
Event: 68.405 Thread 0x000002c5494a6360 DEOPT PACKING pc=0x000002c51247f04f sp=0x000000d679efe1a0
Event: 68.406 Thread 0x000002c5494a6360 DEOPT UNPACKING pc=0x000002c519262b43 sp=0x000000d679efd8b0 mode 0

Classes unloaded (15 events):
Event: 59.247 Thread 0x000002c5281dbb30 Unloading class 0x000002c52aace3e8 '_BuildScript_$_run_closure3$_closure10'
Event: 59.247 Thread 0x000002c5281dbb30 Unloading class 0x000002c52aace000 '_BuildScript_$_run_closure3'
Event: 59.247 Thread 0x000002c5281dbb30 Unloading class 0x000002c52aacdb58 '_BuildScript_$_run_closure2$_closure6$_closure9'
Event: 59.247 Thread 0x000002c5281dbb30 Unloading class 0x000002c52aacd770 '_BuildScript_$_run_closure2$_closure6$_closure8'
Event: 59.247 Thread 0x000002c5281dbb30 Unloading class 0x000002c52aacd388 '_BuildScript_$_run_closure2$_closure6'
Event: 59.247 Thread 0x000002c5281dbb30 Unloading class 0x000002c52aaccfa0 '_BuildScript_$_run_closure2$_closure5$_closure7'
Event: 59.247 Thread 0x000002c5281dbb30 Unloading class 0x000002c52aaccbb8 '_BuildScript_$_run_closure2$_closure5'
Event: 59.247 Thread 0x000002c5281dbb30 Unloading class 0x000002c52aacc7d0 '_BuildScript_$_run_closure2$_closure4'
Event: 59.247 Thread 0x000002c5281dbb30 Unloading class 0x000002c52aacc3e8 '_BuildScript_$_run_closure2'
Event: 59.247 Thread 0x000002c5281dbb30 Unloading class 0x000002c52aacc000 '_BuildScript_$_run_closure1'
Event: 59.247 Thread 0x000002c5281dbb30 Unloading class 0x000002c52aac0800 '_BuildScript_'
Event: 67.744 Thread 0x000002c5281dbb30 Unloading class 0x000002c52adf03e8 '_BuildScript_$_run_closure1$_closure3'
Event: 67.744 Thread 0x000002c5281dbb30 Unloading class 0x000002c52adf0000 '_BuildScript_$_run_closure1$_closure2'
Event: 67.744 Thread 0x000002c5281dbb30 Unloading class 0x000002c52adeb400 '_BuildScript_$_run_closure1'
Event: 67.744 Thread 0x000002c5281dbb30 Unloading class 0x000002c52adeb800 '_BuildScript_'

Classes redefined (0 events):
No events

Internal exceptions (20 events):
Event: 68.355 Thread 0x000002c5494a0840 Exception <a 'sun/nio/fs/WindowsException'{0x00000000a1df9dc8}> (0x00000000a1df9dc8) 
thrown [s\open\src\hotspot\share\prims\jni.cpp, line 516]
Event: 68.368 Thread 0x000002c5494a1260 Exception <a 'sun/nio/fs/WindowsException'{0x00000000a1a855f0}> (0x00000000a1a855f0) 
thrown [s\open\src\hotspot\share\prims\jni.cpp, line 516]
Event: 68.376 Thread 0x000002c5494a1260 Exception <a 'sun/nio/fs/WindowsException'{0x00000000a1aef178}> (0x00000000a1aef178) 
thrown [s\open\src\hotspot\share\prims\jni.cpp, line 516]
Event: 68.376 Thread 0x000002c5494a0840 Exception <a 'sun/nio/fs/WindowsException'{0x00000000a1df9f60}> (0x00000000a1df9f60) 
thrown [s\open\src\hotspot\share\prims\jni.cpp, line 516]
Event: 68.377 Thread 0x000002c5494a30c0 Exception <a 'sun/nio/fs/WindowsException'{0x00000000a1864fb8}> (0x00000000a1864fb8) 
thrown [s\open\src\hotspot\share\prims\jni.cpp, line 516]
Event: 68.379 Thread 0x000002c5494a30c0 Exception <a 'sun/nio/fs/WindowsException'{0x00000000a1865130}> (0x00000000a1865130) 
thrown [s\open\src\hotspot\share\prims\jni.cpp, line 516]
Event: 68.379 Thread 0x000002c5494a1260 Exception <a 'sun/nio/fs/WindowsException'{0x00000000a1aef328}> (0x00000000a1aef328) 
thrown [s\open\src\hotspot\share\prims\jni.cpp, line 516]
Event: 68.380 Thread 0x000002c54949f400 Exception <a 'sun/nio/fs/WindowsException'{0x00000000a172dde0}> (0x00000000a172dde0) 
thrown [s\open\src\hotspot\share\prims\jni.cpp, line 516]
Event: 68.382 Thread 0x000002c54949f400 Exception <a 'sun/nio/fs/WindowsException'{0x00000000a172df60}> (0x00000000a172df60) 
thrown [s\open\src\hotspot\share\prims\jni.cpp, line 516]
Event: 68.392 Thread 0x000002c5494a0330 Exception <a 'sun/nio/fs/WindowsException'{0x00000000a160b1e0}> (0x00000000a160b1e0) 
thrown [s\open\src\hotspot\share\prims\jni.cpp, line 516]
Event: 68.413 Thread 0x000002c5494a1260 Exception <a 'sun/nio/fs/WindowsException'{0x00000000a1af9280}> (0x00000000a1af9280) 
thrown [s\open\src\hotspot\share\prims\jni.cpp, line 516]
Event: 68.413 Thread 0x000002c5494a30c0 Exception <a 'sun/nio/fs/WindowsException'{0x00000000a186dad0}> (0x00000000a186dad0) 
thrown [s\open\src\hotspot\share\prims\jni.cpp, line 516]
Event: 68.438 Thread 0x000002c5494a0330 Exception <a 'sun/nio/fs/WindowsException'{0x00000000a0b0a8c0}> (0x00000000a0b0a8c0) 
thrown [s\open\src\hotspot\share\prims\jni.cpp, line 516]
Event: 68.443 Thread 0x000002c5494a30c0 Exception <a 'sun/nio/fs/WindowsException'{0x00000000a0a4e058}> (0x00000000a0a4e058) 
thrown [s\open\src\hotspot\share\prims\jni.cpp, line 516]
Event: 68.445 Thread 0x000002c5494a0330 Exception <a 'sun/nio/fs/WindowsException'{0x00000000a0b0aa48}> (0x00000000a0b0aa48) 
thrown [s\open\src\hotspot\share\prims\jni.cpp, line 516]
Event: 68.453 Thread 0x000002c5494a1260 Exception <a 'sun/nio/fs/WindowsException'{0x00000000a084c6e0}> (0x00000000a084c6e0) 
thrown [s\open\src\hotspot\share\prims\jni.cpp, line 516]
Event: 68.453 Thread 0x000002c5494a30c0 Exception <a 'sun/nio/fs/WindowsException'{0x00000000a0a4e230}> (0x00000000a0a4e230) 
thrown [s\open\src\hotspot\share\prims\jni.cpp, line 516]
Event: 68.457 Thread 0x000002c5494a1260 Exception <a 'sun/nio/fs/WindowsException'{0x00000000a084c878}> (0x00000000a084c878) 
thrown [s\open\src\hotspot\share\prims\jni.cpp, line 516]
Event: 68.499 Thread 0x000002c5494a6360 Exception <a 'sun/nio/fs/WindowsException'{0x00000000a03fe6d0}> (0x00000000a03fe6d0) 
thrown [s\open\src\hotspot\share\prims\jni.cpp, line 516]
Event: 68.501 Thread 0x000002c5494a6360 Exception <a 'sun/nio/fs/WindowsException'{0x00000000a03fe868}> (0x00000000a03fe868) 
thrown [s\open\src\hotspot\share\prims\jni.cpp, line 516]

VM Operations (20 events):
Event: 66.564 Executing VM operation: G1CollectForAllocation
Event: 66.576 Executing VM operation: G1CollectForAllocation done
Event: 66.601 Executing VM operation: HandshakeAllThreads
Event: 66.601 Executing VM operation: HandshakeAllThreads done
Event: 66.710 Executing VM operation: G1Concurrent
Event: 66.721 Executing VM operation: G1Concurrent done
Event: 66.772 Executing VM operation: G1Concurrent
Event: 66.778 Executing VM operation: G1Concurrent done
Event: 66.828 Executing VM operation: HandshakeAllThreads
Event: 66.837 Executing VM operation: HandshakeAllThreads done
Event: 66.891 Executing VM operation: G1CollectForAllocation
Event: 66.908 Executing VM operation: G1CollectForAllocation done
Event: 66.928 Executing VM operation: G1CollectForAllocation
Event: 66.937 Executing VM operation: G1CollectForAllocation done
Event: 67.196 Executing VM operation: G1CollectForAllocation
Event: 67.212 Executing VM operation: G1CollectForAllocation done
Event: 67.735 Executing VM operation: G1Concurrent
Event: 67.771 Executing VM operation: G1Concurrent done
Event: 67.906 Executing VM operation: G1Concurrent
Event: 67.912 Executing VM operation: G1Concurrent done

Events (20 events):
Event: 66.862 Thread 0x000002c5282261b0 flushing nmethod 0x000002c5134e6d10
Event: 66.862 Thread 0x000002c5282261b0 flushing nmethod 0x000002c5134e7010
Event: 66.862 Thread 0x000002c5282261b0 flushing nmethod 0x000002c5134e7790
Event: 66.862 Thread 0x000002c5282261b0 flushing nmethod 0x000002c5134e7b10
Event: 66.862 Thread 0x000002c5282261b0 flushing nmethod 0x000002c5134e8510
Event: 66.862 Thread 0x000002c5282261b0 flushing nmethod 0x000002c5134e9390
Event: 66.862 Thread 0x000002c5282261b0 flushing nmethod 0x000002c5134e9b10
Event: 66.862 Thread 0x000002c5282261b0 flushing nmethod 0x000002c5134eab10
Event: 66.862 Thread 0x000002c5282261b0 flushing nmethod 0x000002c5134eba90
Event: 66.862 Thread 0x000002c5282261b0 flushing nmethod 0x000002c5134ebf10
Event: 66.862 Thread 0x000002c5282261b0 flushing nmethod 0x000002c5134ecb90
Event: 66.862 Thread 0x000002c5282261b0 flushing nmethod 0x000002c5134ede10
Event: 66.862 Thread 0x000002c5282261b0 flushing nmethod 0x000002c5134ee690
Event: 66.862 Thread 0x000002c5282261b0 flushing nmethod 0x000002c5134f3890
Event: 66.862 Thread 0x000002c5282261b0 flushing nmethod 0x000002c513506310
Event: 66.862 Thread 0x000002c5282261b0 flushing nmethod 0x000002c513507d90
Event: 66.862 Thread 0x000002c5282261b0 flushing nmethod 0x000002c51350e910
Event: 66.862 Thread 0x000002c5282261b0 flushing nmethod 0x000002c513536d90
Event: 67.107 loading class sun/nio/fs/WindowsSecurity$Privilege
Event: 67.129 loading class sun/nio/fs/WindowsSecurity$Privilege done


Dynamic libraries:
0x00007ff656ae0000 - 0x00007ff656af0000 	C:\Program Files\Java\jdk-17\bin\java.exe
0x00007ffa0b0b0000 - 0x00007ffa0b2a8000 	C:\Windows\SYSTEM32\ntdll.dll
0x00007ffa098d0000 - 0x00007ffa09992000 	C:\Windows\System32\KERNEL32.DLL
0x00007ffa08810000 - 0x00007ffa08b0e000 	C:\Windows\System32\KERNELBASE.dll
0x00007ffa08f30000 - 0x00007ffa09030000 	C:\Windows\System32\ucrtbase.dll
0x00007ffa00760000 - 0x00007ffa00779000 	C:\Program Files\Java\jdk-17\bin\jli.dll
0x00007ffa01fb0000 - 0x00007ffa01fcb000 	C:\Program Files\Java\jdk-17\bin\VCRUNTIME140.dll
0x00007ffa0ace0000 - 0x00007ffa0ad91000 	C:\Windows\System32\ADVAPI32.dll
0x00007ffa09c80000 - 0x00007ffa09d1e000 	C:\Windows\System32\msvcrt.dll
0x00007ffa0aec0000 - 0x00007ffa0af5f000 	C:\Windows\System32\sechost.dll
0x00007ffa0a0e0000 - 0x00007ffa0a203000 	C:\Windows\System32\RPCRT4.dll
0x00007ffa08750000 - 0x00007ffa08777000 	C:\Windows\System32\bcrypt.dll
0x00007ffa09540000 - 0x00007ffa096dd000 	C:\Windows\System32\USER32.dll
0x00007ffa08d90000 - 0x00007ffa08db2000 	C:\Windows\System32\win32u.dll
0x00007ffa09bd0000 - 0x00007ffa09bfb000 	C:\Windows\System32\GDI32.dll
0x00007ff9ef900000 - 0x00007ff9efb9a000 	C:\Windows\WinSxS\amd64_microsoft.windows.common-controls_6595b64144ccf1df_6.0.19041.4355_none_60b8b9eb71f62e16\COMCTL32.dll
0x00007ffa08b10000 - 0x00007ffa08c27000 	C:\Windows\System32\gdi32full.dll
0x00007ffa09030000 - 0x00007ffa090cd000 	C:\Windows\System32\msvcp_win.dll
0x00007ffa04f20000 - 0x00007ffa04f2a000 	C:\Windows\SYSTEM32\VERSION.dll
0x00007ffa098a0000 - 0x00007ffa098cf000 	C:\Windows\System32\IMM32.DLL
0x00007ffa02830000 - 0x00007ffa0283c000 	C:\Program Files\Java\jdk-17\bin\vcruntime140_1.dll
0x00007ff9f0760000 - 0x00007ff9f07ee000 	C:\Program Files\Java\jdk-17\bin\msvcp140.dll
0x00007ff9da6f0000 - 0x00007ff9db2cf000 	C:\Program Files\Java\jdk-17\bin\server\jvm.dll
0x00007ffa09c60000 - 0x00007ffa09c68000 	C:\Windows\System32\PSAPI.DLL
0x00007ff9f9850000 - 0x00007ff9f9859000 	C:\Windows\SYSTEM32\WSOCK32.dll
0x00007ff9f6120000 - 0x00007ff9f6147000 	C:\Windows\SYSTEM32\WINMM.dll
0x00007ffa09ee0000 - 0x00007ffa09f4b000 	C:\Windows\System32\WS2_32.dll
0x00007ffa064d0000 - 0x00007ffa064e2000 	C:\Windows\SYSTEM32\kernel.appcore.dll
0x00007ffa02770000 - 0x00007ffa0277a000 	C:\Program Files\Java\jdk-17\bin\jimage.dll
0x00007ffa01810000 - 0x00007ffa019f4000 	C:\Windows\SYSTEM32\DBGHELP.DLL
0x00007ffa01490000 - 0x00007ffa014c4000 	C:\Windows\SYSTEM32\dbgcore.DLL
0x00007ffa08780000 - 0x00007ffa08802000 	C:\Windows\System32\bcryptPrimitives.dll
0x00007ff9fa810000 - 0x00007ff9fa835000 	C:\Program Files\Java\jdk-17\bin\java.dll
0x00007ff9e11d0000 - 0x00007ff9e12a7000 	C:\Program Files\Java\jdk-17\bin\jsvml.dll
0x00007ffa0a210000 - 0x00007ffa0a97d000 	C:\Windows\System32\SHELL32.dll
0x00007ffa067b0000 - 0x00007ffa06f54000 	C:\Windows\SYSTEM32\windows.storage.dll
0x00007ffa0a980000 - 0x00007ffa0acd3000 	C:\Windows\System32\combase.dll
0x00007ffa080b0000 - 0x00007ffa080de000 	C:\Windows\SYSTEM32\Wldp.dll
0x00007ffa09e10000 - 0x00007ffa09edd000 	C:\Windows\System32\OLEAUT32.dll
0x00007ffa0afc0000 - 0x00007ffa0b06d000 	C:\Windows\System32\SHCORE.dll
0x00007ffa09c00000 - 0x00007ffa09c55000 	C:\Windows\System32\shlwapi.dll
0x00007ffa08680000 - 0x00007ffa086a4000 	C:\Windows\SYSTEM32\profapi.dll
0x00007ff9fa7f0000 - 0x00007ff9fa809000 	C:\Program Files\Java\jdk-17\bin\net.dll
0x00007ffa028d0000 - 0x00007ffa029dd000 	C:\Windows\SYSTEM32\WINHTTP.dll
0x00007ffa07e10000 - 0x00007ffa07e7a000 	C:\Windows\system32\mswsock.dll
0x00007ff9f79b0000 - 0x00007ff9f79c6000 	C:\Program Files\Java\jdk-17\bin\nio.dll
0x00007ff9f7990000 - 0x00007ff9f79a8000 	C:\Program Files\Java\jdk-17\bin\zip.dll
0x00007ffa01fa0000 - 0x00007ffa01fb0000 	C:\Program Files\Java\jdk-17\bin\verify.dll
0x00007ff9f4a70000 - 0x00007ff9f4a97000 	C:\Users\Admin\.gradle\native\68d5fa5c4cc2d200863cafc0d521ce42e7d3e7ee720ec0a83991735586a16f82\windows-amd64\native-platform.dll
0x00007ff9da5a0000 - 0x00007ff9da6e4000 	C:\Users\Admin\.gradle\native\e376f236ea51e6404a007f0833ffe2c6e607c4080706a723a18a27aeea778392\windows-amd64\native-platform-file-events.dll
0x00007ffa00c70000 - 0x00007ffa00c7a000 	C:\Program Files\Java\jdk-17\bin\management.dll
0x00007ff9fd170000 - 0x00007ff9fd17b000 	C:\Program Files\Java\jdk-17\bin\management_ext.dll
0x00007ffa08000000 - 0x00007ffa08018000 	C:\Windows\SYSTEM32\CRYPTSP.dll
0x00007ffa07730000 - 0x00007ffa07764000 	C:\Windows\system32\rsaenh.dll
0x00007ffa08640000 - 0x00007ffa0866e000 	C:\Windows\SYSTEM32\USERENV.dll
0x00007ffa08020000 - 0x00007ffa0802c000 	C:\Windows\SYSTEM32\CRYPTBASE.dll
0x00007ffa07af0000 - 0x00007ffa07b2b000 	C:\Windows\SYSTEM32\IPHLPAPI.DLL
0x00007ffa09890000 - 0x00007ffa09898000 	C:\Windows\System32\NSI.dll
0x00007ffa035b0000 - 0x00007ffa035c7000 	C:\Windows\SYSTEM32\dhcpcsvc6.DLL
0x00007ffa03470000 - 0x00007ffa0348d000 	C:\Windows\SYSTEM32\dhcpcsvc.DLL
0x00007ffa07b30000 - 0x00007ffa07bfa000 	C:\Windows\SYSTEM32\DNSAPI.dll
0x00007ff9fc1f0000 - 0x00007ff9fc1fe000 	C:\Program Files\Java\jdk-17\bin\sunmscapi.dll
0x00007ffa08c30000 - 0x00007ffa08d8c000 	C:\Windows\System32\CRYPT32.dll
0x00007ffa08120000 - 0x00007ffa08147000 	C:\Windows\SYSTEM32\ncrypt.dll
0x00007ffa080e0000 - 0x00007ffa0811b000 	C:\Windows\SYSTEM32\NTASN1.dll
0x00007ff9f97d0000 - 0x00007ff9f97d7000 	C:\Windows\system32\wshunix.dll
0x00007ffa02720000 - 0x00007ffa0272a000 	C:\Windows\System32\rasadhlp.dll
0x00007ffa013f0000 - 0x00007ffa01470000 	C:\Windows\System32\fwpuclnt.dll
0x00007ff9fd580000 - 0x00007ff9fd59e000 	C:\Users\Admin\AppData\Local\Temp\native-platform14630294371927053534dir\native-platform.dll
0x00007ff9f7b60000 - 0x00007ff9f7b67000 	C:\Program Files\Java\jdk-17\bin\rmi.dll
0x00007ffa07980000 - 0x00007ffa079b3000 	C:\Windows\SYSTEM32\ntmarta.dll

dbghelp: loaded successfully - version: 4.0.5 - missing functions: none
symbol engine: initialized successfully - sym options: 0x614 - pdb path: .;C:\Program Files\Java\jdk-17\bin;C:\Windows\SYSTEM32;C:\Windows\WinSxS\amd64_microsoft.windows.common-controls_6595b64144ccf1df_6.0.19041.4355_none_60b8b9eb71f62e16;C:\Program Files\Java\jdk-17\bin\server;C:\Users\Admin\.gradle\native\68d5fa5c4cc2d200863cafc0d521ce42e7d3e7ee720ec0a83991735586a16f82\windows-amd64;C:\Users\Admin\.gradle\native\e376f236ea51e6404a007f0833ffe2c6e607c4080706a723a18a27aeea778392\windows-amd64;C:\Users\Admin\AppData\Local\Temp\native-platform14630294371927053534dir

VM Arguments:
jvm_args: -XX:MaxMetaspaceSize=512m --add-opens=java.base/java.util=ALL-UNNAMED --add-opens=java.base/java.lang=ALL-UNNAMED --add-opens=java.base/java.lang.invoke=ALL-UNNAMED --add-opens=java.prefs/java.util.prefs=ALL-UNNAMED --add-opens=java.base/java.nio.charset=ALL-UNNAMED --add-opens=java.base/java.net=ALL-UNNAMED --add-opens=java.base/java.util.concurrent.atomic=ALL-UNNAMED -Xmx2048m -Dfile.encoding=windows-1252 -Duser.country=US -Duser.language=en -Duser.variant 
java_command: org.gradle.launcher.daemon.bootstrap.GradleDaemon 8.0.1
java_class_path (initial): C:\Users\Admin\.gradle\wrapper\dists\gradle-8.0.1-all\aro4hu1c3oeioove7l0i4i14o\gradle-8.0.1\lib\gradle-launcher-8.0.1.jar
Launcher Type: SUN_STANDARD

[Global flags]
     intx CICompilerCount                          = 3                                         {product} {ergonomic}
   size_t CompressedClassSpaceSize                 = 436207616                                 {product} {ergonomic}
     uint ConcGCThreads                            = 2                                         {product} {ergonomic}
     uint G1ConcRefinementThreads                  = 6                                         {product} {ergonomic}
   size_t G1HeapRegionSize                         = 1048576                                   {product} {ergonomic}
    uintx GCDrainStackTargetSize                   = 64                                        {product} {ergonomic}
   size_t InitialHeapSize                          = 132120576                                 {product} {ergonomic}
   size_t MarkStackSize                            = 4194304                                   {product} {ergonomic}
   size_t MaxHeapSize                              = 2147483648                                {product} {command line}
   size_t MaxMetaspaceSize                         = 536870912                                 {product} {command line}
   size_t MaxNewSize                               = 1287651328                                {product} {ergonomic}
   size_t MinHeapDeltaBytes                        = 1048576                                   {product} {ergonomic}
   size_t MinHeapSize                              = 8388608                                   {product} {ergonomic}
    uintx NonNMethodCodeHeapSize                   = 5832780                                {pd product} {ergonomic}
    uintx NonProfiledCodeHeapSize                  = 122912730                              {pd product} {ergonomic}
    uintx ProfiledCodeHeapSize                     = 122912730                              {pd product} {ergonomic}
    uintx ReservedCodeCacheSize                    = 251658240                              {pd product} {ergonomic}
     bool SegmentedCodeCache                       = true                                      {product} {ergonomic}
   size_t SoftMaxHeapSize                          = 2147483648                             {manageable} {ergonomic}
     bool UseCompressedClassPointers               = true                           {product lp64_product} {ergonomic}
     bool UseCompressedOops                        = true                           {product lp64_product} {ergonomic}
     bool UseG1GC                                  = true                                      {product} {ergonomic}
     bool UseLargePagesIndividualAllocation        = false                                  {pd product} {ergonomic}

Logging:
Log output configuration:
 #0: stdout all=warning uptime,level,tags
 #1: stderr all=off uptime,level,tags

Environment Variables:
JAVA_HOME=C:\Program Files\Java\jdk-17
CLASSPATH=E:\React Native\All Parking\Parking_Dual\android\\gradle\wrapper\gradle-wrapper.jar
PATH=E:\React Native\All Parking\Parking_Dual\node_modules\.bin;E:\React Native\All Parking\node_modules\.bin;E:\React Native\node_modules\.bin;E:\node_modules\.bin;C:\Users\Admin\AppData\Roaming\nvm\v16.13.0\node_modules\npm\node_modules\@npmcli\run-script\lib\node-gyp-bin;E:\React Native\All Parking\Parking_Dual\node_modules\.bin;E:\React Native\All Parking\node_modules\.bin;E:\React Native\node_modules\.bin;E:\node_modules\.bin;C:\Users\Admin\AppData\Roaming\nvm\v16.13.0\node_modules\npm\node_modules\@npmcli\run-script\lib\node-gyp-bin;C:\Program Files\Common Files\Oracle\Java\javapath;C:\Python312\Scripts\;C:\Python312\;C:\Windows\system32;C:\Windows;C:\Windows\System32\Wbem;C:\Windows\System32\WindowsPowerShell\v1.0\;C:\Windows\System32\OpenSSH\;C:\ProgramData\chocolatey\bin;C:\Program Files\Git\cmd;C:\Program Files\Java\jdk-17\bin;C:\Users\Admin\AppData\Local\Android\Sdk\platform-tools;C:\Users\Admin\AppData\Local\Android\Sdk\build-tools\34.0.0;C:\Program Files\Amazon\AWSCLIV2\;C:\Users\Admin\AppData\Roaming\nvm;C:\Program Files\nodejs;F:\xampp\php;C:\composer;C:\Users\Admin\AppData\Local\Microsoft\WindowsApps;C:\Users\Admin\AppData\Local\Programs\Microsoft VS Code\bin;C:\Users\Admin\AppData\Roaming\npm;C:\Program Files\Java\jdk-17\bin;C:\Users\Admin\AppData\Local\Android\Sdk\platform-tools;C:\Users\Admin\AppData\Local\Android\Sdk\build-tools\34.0.0;C:\Users\Admin\AppData\Roaming\nvm;C:\Program Files\nodejs;C:\Users\Admin\composer;C:\Users\Admin\AppData\Roaming\Composer\vendor\bin
USERNAME=Admin
LANG=en_US.UTF-8
OS=Windows_NT
PROCESSOR_IDENTIFIER=Intel64 Family 6 Model 158 Stepping 10, GenuineIntel



---------------  S Y S T E M  ---------------

OS:
 Windows 10 , 64 bit Build 19041 (10.0.19041.5072)
OS uptime: 1 days 21:36 hours

CPU: total 6 (initial active 6) (6 cores per cpu, 1 threads per core) family 6 model 158 stepping 10 microcode 0xb4, cx8, cmov, fxsr, mmx, 3dnowpref, sse, sse2, sse3, ssse3, sse4.1, sse4.2, popcnt, lzcnt, tsc, tscinvbit, avx, avx2, aes, erms, clmul, bmi1, bmi2, adx, fma, vzeroupper, clflush, clflushopt

Memory: 4k page, system-wide physical 8054M (128M free)
TotalPageFile size 20342M (AvailPageFile size 6M)
current process WorkingSet (physical memory assigned to process): 400M, peak: 506M
current process commit charge ("private bytes"): 1178M, peak: 1181M

vm_info: Java HotSpot(TM) 64-Bit Server VM (17.0.10+11-LTS-240) for windows-amd64 JRE (17.0.10+11-LTS-240), built on Dec 19 2023 21:47:25 by "mach5one" with MS VC++ 17.1 (VS2022)

END.
