#
# There is insufficient memory for the Java Runtime Environment to continue.
# Native memory allocation (malloc) failed to allocate 1048976 bytes for Chunk::new
# Possible reasons:
#   The system is out of physical RAM or swap space
#   The process is running with CompressedOops enabled, and the Java Heap may be blocking the growth of the native heap
# Possible solutions:
#   Reduce memory load on the system
#   Increase physical memory or swap space
#   Check if swap backing store is full
#   Decrease Java heap size (-Xmx/-Xms)
#   Decrease number of Java threads
#   Decrease Java thread stack sizes (-Xss)
#   Set larger code cache with -XX:ReservedCodeCacheSize=
#   JVM is running with Unscaled Compressed Oops mode in which the Java heap is
#     placed in the first 4GB address space. The Java Heap base address is the
#     maximum limit for the native heap growth. Please use -XX:HeapBaseMinAddress
#     to set the Java Heap base and to place the Java Heap above 4GB virtual address.
# This output file may be truncated or incomplete.
#
#  Out of Memory Error (arena.cpp:189), pid=18380, tid=2812
#
# JRE version: Java(TM) SE Runtime Environment (17.0.10+11) (build 17.0.10+11-LTS-240)
# Java VM: Java HotSpot(TM) 64-Bit Server VM (17.0.10+11-LTS-240, mixed mode, sharing, tiered, compressed oops, compressed class ptrs, g1 gc, windows-amd64)
# No core dump will be written. Minidumps are not enabled by default on client versions of Windows
#

---------------  S U M M A R Y ------------

Command Line: -XX:MaxMetaspaceSize=512m --add-opens=java.base/java.util=ALL-UNNAMED --add-opens=java.base/java.lang=ALL-UNNAMED --add-opens=java.base/java.lang.invoke=ALL-UNNAMED --add-opens=java.prefs/java.util.prefs=ALL-UNNAMED --add-opens=java.base/java.nio.charset=ALL-UNNAMED --add-opens=java.base/java.net=ALL-UNNAMED --add-opens=java.base/java.util.concurrent.atomic=ALL-UNNAMED -Xmx2048m -Dfile.encoding=windows-1252 -Duser.country=US -Duser.language=en -Duser.variant org.gradle.launcher.daemon.bootstrap.GradleDaemon 8.0.1

Host: Intel(R) Core(TM) i5-8400 CPU @ 2.80GHz, 6 cores, 7G,  Windows 10 , 64 bit Build 19041 (10.0.19041.3636)
Time: Mon Jun  3 15:32:23 2024 India Standard Time elapsed time: 61.391729 seconds (0d 0h 1m 1s)

---------------  T H R E A D  ---------------

Current thread (0x000002ac7462aaa0):  JavaThread "C2 CompilerThread0" daemon [_thread_in_native, id=2812, stack(0x000000d0d6900000,0x000000d0d6a00000)]


Current CompileTask:
C2:  61391 17671       4       org.gradle.internal.snapshot.AbstractListChildMap::store (72 bytes)

Stack: [0x000000d0d6900000,0x000000d0d6a00000]
Native frames: (J=compiled Java code, j=interpreted, Vv=VM code, C=native code)
V  [jvm.dll+0x677a5a]
V  [jvm.dll+0x7d8b2d]
V  [jvm.dll+0x7da48e]
V  [jvm.dll+0x7daaf3]
V  [jvm.dll+0x2455ff]
V  [jvm.dll+0xaaafb]
V  [jvm.dll+0xab09c]
V  [jvm.dll+0x361b5f]
V  [jvm.dll+0x32c211]
V  [jvm.dll+0x32b6aa]
V  [jvm.dll+0x21794f]
V  [jvm.dll+0x216d81]
V  [jvm.dll+0x1a3410]
V  [jvm.dll+0x226aeb]
V  [jvm.dll+0x224cab]
V  [jvm.dll+0x78e45c]
V  [jvm.dll+0x78888a]
V  [jvm.dll+0x676935]
C  [ucrtbase.dll+0x21bb2]
C  [KERNEL32.DLL+0x17344]
C  [ntdll.dll+0x526b1]


---------------  P R O C E S S  ---------------

Threads class SMR info:
_java_thread_list=0x000002ac1f28c2e0, length=112, elements={
0x000002ac56880460, 0x000002ac7460a680, 0x000002ac7460b410, 0x000002ac7461f470,
0x000002ac74620f50, 0x000002ac746250e0, 0x000002ac74629650, 0x000002ac7462aaa0,
0x000002ac7462e010, 0x000002ac74641890, 0x000002ac74865320, 0x000002ac7488e280,
0x000002ac7a7496f0, 0x000002ac79c0f180, 0x000002ac7a2f9410, 0x000002ac7a697a70,
0x000002ac7aaa5300, 0x000002ac7aaa57e0, 0x000002ac7ae00090, 0x000002ac7adff670,
0x000002ac7adffb80, 0x000002ac7adff160, 0x000002ac7adfe740, 0x000002ac7ae005a0,
0x000002ac7ae00ab0, 0x000002ac7adfec50, 0x000002ac7adfe230, 0x000002ac7c91f650,
0x000002ac7c91bea0, 0x000002ac7c91cdd0, 0x000002ac7c91c3b0, 0x000002ac7c91b480,
0x000002ac7c920a90, 0x000002ac7c921ed0, 0x000002ac7c91c8c0, 0x000002ac7c91f140,
0x000002ac7c9223e0, 0x000002ac7c91dd00, 0x000002ac7c91af70, 0x000002ac7c91d2e0,
0x000002ac7c9228f0, 0x000002ac7c9214b0, 0x000002ac7c91e210, 0x000002ac7c91fb60,
0x000002ac7c920070, 0x000002ac7adfd300, 0x000002ac7a2a3470, 0x000002ac7a29fcc0,
0x000002ac7a2a4dc0, 0x000002ac7a29f7b0, 0x000002ac7a2a3980, 0x000002ac7a2a3e90,
0x000002ac7a2a1100, 0x000002ac7a2a43a0, 0x000002ac7a29ed90, 0x000002ac7a2a48b0,
0x000002ac7a2a01d0, 0x000002ac7a2a52d0, 0x000002ac7a2a1610, 0x000002ac7a2a06e0,
0x000002ac7a2a0bf0, 0x000002ac7a29e370, 0x000002ac7a29f2a0, 0x000002ac7a2a57e0,
0x000002ac7a2a1b20, 0x000002ac7a2a5cf0, 0x000002ac7a2a2030, 0x000002ac7a2a2540,
0x000002ac7a2a2f60, 0x000002ac7cf70580, 0x000002ac7cf6ec30, 0x000002ac7cf6cdd0,
0x000002ac7cf6f140, 0x000002ac7cf6d2e0, 0x000002ac7cf6f650, 0x000002ac7cf6d7f0,
0x000002ac7cf6dd00, 0x000002ac7cf6e720, 0x000002ac7d03f220, 0x000002ac7d03f730,
0x000002ac7d03ab40, 0x000002ac7d03e800, 0x000002ac7d03c9a0, 0x000002ac7d03fc40,
0x000002ac7d03ba70, 0x000002ac7d03a630, 0x000002ac7d039c10, 0x000002ac7d03ed10,
0x000002ac7d040150, 0x000002ac7d03d8d0, 0x000002ac7d03a120, 0x000002ac7d03d3c0,
0x000002ac7d040660, 0x000002ac7d03bf80, 0x000002ac7d0391f0, 0x000002ac7d040b70,
0x000002ac7d03ceb0, 0x000002ac7d03b050, 0x000002ac7d039700, 0x000002ac7d03c490,
0x000002ac7d03e2f0, 0x000002ac7d03b560, 0x000002ac7d03dde0, 0x000002ac7ce9bb60,
0x000002ac7ce9cfa0, 0x000002ac7cea1b90, 0x000002ac7ce9f820, 0x000002ac7ce9a720,
0x000002ac7ce9ded0, 0x000002ac7ce9fd30, 0x000002ac7ce9d4b0, 0x000002ac7df7d4e0
}

Java Threads: ( => current thread )
  0x000002ac56880460 JavaThread "main" [_thread_blocked, id=21332, stack(0x000000d0d5c00000,0x000000d0d5d00000)]
  0x000002ac7460a680 JavaThread "Reference Handler" daemon [_thread_blocked, id=944, stack(0x000000d0d6300000,0x000000d0d6400000)]
  0x000002ac7460b410 JavaThread "Finalizer" daemon [_thread_blocked, id=15640, stack(0x000000d0d6400000,0x000000d0d6500000)]
  0x000002ac7461f470 JavaThread "Signal Dispatcher" daemon [_thread_blocked, id=16336, stack(0x000000d0d6500000,0x000000d0d6600000)]
  0x000002ac74620f50 JavaThread "Attach Listener" daemon [_thread_blocked, id=11696, stack(0x000000d0d6600000,0x000000d0d6700000)]
  0x000002ac746250e0 JavaThread "Service Thread" daemon [_thread_blocked, id=7780, stack(0x000000d0d6700000,0x000000d0d6800000)]
  0x000002ac74629650 JavaThread "Monitor Deflation Thread" daemon [_thread_blocked, id=15032, stack(0x000000d0d6800000,0x000000d0d6900000)]
=>0x000002ac7462aaa0 JavaThread "C2 CompilerThread0" daemon [_thread_in_native, id=2812, stack(0x000000d0d6900000,0x000000d0d6a00000)]
  0x000002ac7462e010 JavaThread "C1 CompilerThread0" daemon [_thread_blocked, id=1076, stack(0x000000d0d6a00000,0x000000d0d6b00000)]
  0x000002ac74641890 JavaThread "Sweeper thread" daemon [_thread_blocked, id=21328, stack(0x000000d0d6b00000,0x000000d0d6c00000)]
  0x000002ac74865320 JavaThread "Common-Cleaner" daemon [_thread_blocked, id=21100, stack(0x000000d0d6c00000,0x000000d0d6d00000)]
  0x000002ac7488e280 JavaThread "Notification Thread" daemon [_thread_blocked, id=13308, stack(0x000000d0d6d00000,0x000000d0d6e00000)]
  0x000002ac7a7496f0 JavaThread "Daemon health stats" [_thread_blocked, id=20800, stack(0x000000d0d7400000,0x000000d0d7500000)]
  0x000002ac79c0f180 JavaThread "Incoming local TCP Connector on port 54053" [_thread_in_native, id=2404, stack(0x000000d0d7500000,0x000000d0d7600000)]
  0x000002ac7a2f9410 JavaThread "Daemon periodic checks" [_thread_blocked, id=13772, stack(0x000000d0d7600000,0x000000d0d7700000)]
  0x000002ac7a697a70 JavaThread "Daemon" [_thread_blocked, id=5752, stack(0x000000d0d7300000,0x000000d0d7400000)]
  0x000002ac7aaa5300 JavaThread "Handler for socket connection from /127.0.0.1:54053 to /127.0.0.1:54054" [_thread_in_native, id=19276, stack(0x000000d0d7700000,0x000000d0d7800000)]
  0x000002ac7aaa57e0 JavaThread "Cancel handler" [_thread_blocked, id=2800, stack(0x000000d0d7800000,0x000000d0d7900000)]
  0x000002ac7ae00090 JavaThread "Daemon worker" [_thread_blocked, id=15004, stack(0x000000d0d7900000,0x000000d0d7a00000)]
  0x000002ac7adff670 JavaThread "Asynchronous log dispatcher for DefaultDaemonConnection: socket connection from /127.0.0.1:54053 to /127.0.0.1:54054" [_thread_blocked, id=12656, stack(0x000000d0d7a00000,0x000000d0d7b00000)]
  0x000002ac7adffb80 JavaThread "Stdin handler" [_thread_blocked, id=14540, stack(0x000000d0d7b00000,0x000000d0d7c00000)]
  0x000002ac7adff160 JavaThread "Daemon client event forwarder" [_thread_blocked, id=4296, stack(0x000000d0d7c00000,0x000000d0d7d00000)]
  0x000002ac7adfe740 JavaThread "Cache worker for journal cache (C:\Users\Admin\.gradle\caches\journal-1)" [_thread_blocked, id=18544, stack(0x000000d0d7d00000,0x000000d0d7e00000)]
  0x000002ac7ae005a0 JavaThread "File lock request listener" [_thread_in_native, id=18760, stack(0x000000d0d7e00000,0x000000d0d7f00000)]
  0x000002ac7ae00ab0 JavaThread "Cache worker for file hash cache (C:\Users\Admin\.gradle\caches\8.0.1\fileHashes)" [_thread_blocked, id=15536, stack(0x000000d0d7f00000,0x000000d0d8000000)]
  0x000002ac7adfec50 JavaThread "File watcher server" daemon [_thread_in_native, id=12492, stack(0x000000d0d8200000,0x000000d0d8300000)]
  0x000002ac7adfe230 JavaThread "File watcher consumer" daemon [_thread_blocked, id=6628, stack(0x000000d0d8300000,0x000000d0d8400000)]
  0x000002ac7c91f650 JavaThread "Cache worker for checksums cache (E:\React Project\All Parking\Parking_Dual\android\.gradle\8.0.1\checksums)" [_thread_blocked, id=18592, stack(0x000000d0d8400000,0x000000d0d8500000)]
  0x000002ac7c91bea0 JavaThread "Cache worker for cache directory md-rule (C:\Users\Admin\.gradle\caches\8.0.1\md-rule)" [_thread_blocked, id=10572, stack(0x000000d0d8500000,0x000000d0d8600000)]
  0x000002ac7c91cdd0 JavaThread "Cache worker for file content cache (C:\Users\Admin\.gradle\caches\8.0.1\fileContent)" [_thread_blocked, id=8748, stack(0x000000d0d8600000,0x000000d0d8700000)]
  0x000002ac7c91c3b0 JavaThread "Cache worker for file hash cache (E:\React Project\All Parking\Parking_Dual\android\.gradle\8.0.1\fileHashes)" [_thread_blocked, id=21304, stack(0x000000d0d8700000,0x000000d0d8800000)]
  0x000002ac7c91b480 JavaThread "Cache worker for cache directory md-supplier (C:\Users\Admin\.gradle\caches\8.0.1\md-supplier)" [_thread_blocked, id=13016, stack(0x000000d0d8800000,0x000000d0d8900000)]
  0x000002ac7c920a90 JavaThread "Cache worker for execution history cache (C:\Users\Admin\.gradle\caches\8.0.1\executionHistory)" [_thread_blocked, id=12208, stack(0x000000d0d8b00000,0x000000d0d8c00000)]
  0x000002ac7c921ed0 JavaThread "jar transforms" [_thread_blocked, id=20572, stack(0x000000d0d8c00000,0x000000d0d8d00000)]
  0x000002ac7c91c8c0 JavaThread "jar transforms Thread 2" [_thread_blocked, id=9320, stack(0x000000d0d8d00000,0x000000d0d8e00000)]
  0x000002ac7c91f140 JavaThread "jar transforms Thread 3" [_thread_blocked, id=9836, stack(0x000000d0d8e00000,0x000000d0d8f00000)]
  0x000002ac7c9223e0 JavaThread "jar transforms Thread 4" [_thread_blocked, id=260, stack(0x000000d0d8f00000,0x000000d0d9000000)]
  0x000002ac7c91dd00 JavaThread "Cache worker for kotlin-dsl (C:\Users\Admin\.gradle\caches\8.0.1\kotlin-dsl)" [_thread_blocked, id=16028, stack(0x000000d0d9000000,0x000000d0d9100000)]
  0x000002ac7c91af70 JavaThread "jar transforms Thread 5" [_thread_blocked, id=15068, stack(0x000000d0d9100000,0x000000d0d9200000)]
  0x000002ac7c91d2e0 JavaThread "jar transforms Thread 6" [_thread_blocked, id=19776, stack(0x000000d0d9200000,0x000000d0d9300000)]
  0x000002ac7c9228f0 JavaThread "Cache worker for dependencies-accessors (E:\React Project\All Parking\Parking_Dual\android\.gradle\8.0.1\dependencies-accessors)" [_thread_blocked, id=9660, stack(0x000000d0d9300000,0x000000d0d9400000)]
  0x000002ac7c9214b0 JavaThread "Cache worker for Build Output Cleanup Cache (E:\React Project\All Parking\Parking_Dual\node_modules\@react-native\gradle-plugin\.gradle\buildOutputCleanup)" [_thread_blocked, id=2584, stack(0x000000d0d9400000,0x000000d0d9500000)]
  0x000002ac7c91e210 JavaThread "Unconstrained build operations" [_thread_blocked, id=3232, stack(0x000000d0d8000000,0x000000d0d8100000)]
  0x000002ac7c91fb60 JavaThread "Unconstrained build operations Thread 2" [_thread_blocked, id=18736, stack(0x000000d0d9600000,0x000000d0d9700000)]
  0x000002ac7c920070 JavaThread "Unconstrained build operations Thread 3" [_thread_blocked, id=17100, stack(0x000000d0d9700000,0x000000d0d9800000)]
  0x000002ac7adfd300 JavaThread "Unconstrained build operations Thread 4" [_thread_blocked, id=20164, stack(0x000000d0d9800000,0x000000d0d9900000)]
  0x000002ac7a2a3470 JavaThread "Unconstrained build operations Thread 5" [_thread_blocked, id=14000, stack(0x000000d0d9900000,0x000000d0d9a00000)]
  0x000002ac7a29fcc0 JavaThread "Unconstrained build operations Thread 6" [_thread_blocked, id=8704, stack(0x000000d0d9a00000,0x000000d0d9b00000)]
  0x000002ac7a2a4dc0 JavaThread "Unconstrained build operations Thread 7" [_thread_blocked, id=20980, stack(0x000000d0d9b00000,0x000000d0d9c00000)]
  0x000002ac7a29f7b0 JavaThread "Unconstrained build operations Thread 8" [_thread_blocked, id=13748, stack(0x000000d0d9c00000,0x000000d0d9d00000)]
  0x000002ac7a2a3980 JavaThread "Unconstrained build operations Thread 9" [_thread_blocked, id=2308, stack(0x000000d0d9d00000,0x000000d0d9e00000)]
  0x000002ac7a2a3e90 JavaThread "Unconstrained build operations Thread 10" [_thread_blocked, id=10600, stack(0x000000d0d9e00000,0x000000d0d9f00000)]
  0x000002ac7a2a1100 JavaThread "Unconstrained build operations Thread 11" [_thread_blocked, id=16636, stack(0x000000d0d9f00000,0x000000d0da000000)]
  0x000002ac7a2a43a0 JavaThread "Unconstrained build operations Thread 12" [_thread_blocked, id=5128, stack(0x000000d0da000000,0x000000d0da100000)]
  0x000002ac7a29ed90 JavaThread "Unconstrained build operations Thread 13" [_thread_blocked, id=20316, stack(0x000000d0da100000,0x000000d0da200000)]
  0x000002ac7a2a48b0 JavaThread "Unconstrained build operations Thread 14" [_thread_blocked, id=9832, stack(0x000000d0da200000,0x000000d0da300000)]
  0x000002ac7a2a01d0 JavaThread "Unconstrained build operations Thread 15" [_thread_blocked, id=12856, stack(0x000000d0da300000,0x000000d0da400000)]
  0x000002ac7a2a52d0 JavaThread "Unconstrained build operations Thread 16" [_thread_blocked, id=14200, stack(0x000000d0da400000,0x000000d0da500000)]
  0x000002ac7a2a1610 JavaThread "Unconstrained build operations Thread 17" [_thread_blocked, id=9296, stack(0x000000d0da500000,0x000000d0da600000)]
  0x000002ac7a2a06e0 JavaThread "Unconstrained build operations Thread 18" [_thread_blocked, id=12364, stack(0x000000d0da600000,0x000000d0da700000)]
  0x000002ac7a2a0bf0 JavaThread "Unconstrained build operations Thread 19" [_thread_blocked, id=4652, stack(0x000000d0da700000,0x000000d0da800000)]
  0x000002ac7a29e370 JavaThread "Unconstrained build operations Thread 20" [_thread_blocked, id=4428, stack(0x000000d0da800000,0x000000d0da900000)]
  0x000002ac7a29f2a0 JavaThread "Unconstrained build operations Thread 21" [_thread_blocked, id=1684, stack(0x000000d0da900000,0x000000d0daa00000)]
  0x000002ac7a2a57e0 JavaThread "Unconstrained build operations Thread 22" [_thread_blocked, id=18164, stack(0x000000d0daa00000,0x000000d0dab00000)]
  0x000002ac7a2a1b20 JavaThread "Unconstrained build operations Thread 23" [_thread_blocked, id=16672, stack(0x000000d0dab00000,0x000000d0dac00000)]
  0x000002ac7a2a5cf0 JavaThread "Unconstrained build operations Thread 24" [_thread_blocked, id=13144, stack(0x000000d0dac00000,0x000000d0dad00000)]
  0x000002ac7a2a2030 JavaThread "Unconstrained build operations Thread 25" [_thread_blocked, id=14080, stack(0x000000d0dad00000,0x000000d0dae00000)]
  0x000002ac7a2a2540 JavaThread "Unconstrained build operations Thread 26" [_thread_blocked, id=20160, stack(0x000000d0dae00000,0x000000d0daf00000)]
  0x000002ac7a2a2f60 JavaThread "Memory manager" [_thread_blocked, id=10088, stack(0x000000d0db000000,0x000000d0db100000)]
  0x000002ac7cf70580 JavaThread "Cache worker for Build Output Cleanup Cache (E:\React Project\All Parking\Parking_Dual\android\.gradle\buildOutputCleanup)" [_thread_blocked, id=5372, stack(0x000000d0db100000,0x000000d0db200000)]
  0x000002ac7cf6ec30 JavaThread "included builds" [_thread_blocked, id=8300, stack(0x000000d0db200000,0x000000d0db300000)]
  0x000002ac7cf6cdd0 JavaThread "Execution worker" [_thread_blocked, id=10980, stack(0x000000d0db300000,0x000000d0db400000)]
  0x000002ac7cf6f140 JavaThread "Execution worker Thread 2" [_thread_blocked, id=12416, stack(0x000000d0db400000,0x000000d0db500000)]
  0x000002ac7cf6d2e0 JavaThread "Execution worker Thread 3" [_thread_blocked, id=16520, stack(0x000000d0db500000,0x000000d0db600000)]
  0x000002ac7cf6f650 JavaThread "Execution worker Thread 4" [_thread_blocked, id=13152, stack(0x000000d0db600000,0x000000d0db700000)]
  0x000002ac7cf6d7f0 JavaThread "Execution worker Thread 5" [_thread_blocked, id=13896, stack(0x000000d0db700000,0x000000d0db800000)]
  0x000002ac7cf6dd00 JavaThread "Cache worker for execution history cache (E:\React Project\All Parking\Parking_Dual\node_modules\@react-native\gradle-plugin\.gradle\8.0.1\executionHistory)" [_thread_blocked, id=16252, stack(0x000000d0db800000,0x000000d0db900000)]
  0x000002ac7cf6e720 JavaThread "Unconstrained build operations Thread 27" [_thread_blocked, id=5108, stack(0x000000d0db900000,0x000000d0dba00000)]
  0x000002ac7d03f220 JavaThread "Unconstrained build operations Thread 28" [_thread_blocked, id=19720, stack(0x000000d0dba00000,0x000000d0dbb00000)]
  0x000002ac7d03f730 JavaThread "Unconstrained build operations Thread 29" [_thread_blocked, id=18688, stack(0x000000d0dbb00000,0x000000d0dbc00000)]
  0x000002ac7d03ab40 JavaThread "Unconstrained build operations Thread 30" [_thread_blocked, id=12896, stack(0x000000d0dbc00000,0x000000d0dbd00000)]
  0x000002ac7d03e800 JavaThread "Unconstrained build operations Thread 31" [_thread_blocked, id=14964, stack(0x000000d0dbd00000,0x000000d0dbe00000)]
  0x000002ac7d03c9a0 JavaThread "Unconstrained build operations Thread 32" [_thread_blocked, id=11332, stack(0x000000d0dbe00000,0x000000d0dbf00000)]
  0x000002ac7d03fc40 JavaThread "Unconstrained build operations Thread 33" [_thread_blocked, id=6952, stack(0x000000d0dbf00000,0x000000d0dc000000)]
  0x000002ac7d03ba70 JavaThread "Unconstrained build operations Thread 34" [_thread_blocked, id=8460, stack(0x000000d0dc000000,0x000000d0dc100000)]
  0x000002ac7d03a630 JavaThread "Unconstrained build operations Thread 35" [_thread_blocked, id=15228, stack(0x000000d0dc100000,0x000000d0dc200000)]
  0x000002ac7d039c10 JavaThread "Unconstrained build operations Thread 36" [_thread_blocked, id=12508, stack(0x000000d0dc200000,0x000000d0dc300000)]
  0x000002ac7d03ed10 JavaThread "Unconstrained build operations Thread 37" [_thread_blocked, id=18384, stack(0x000000d0dc300000,0x000000d0dc400000)]
  0x000002ac7d040150 JavaThread "Unconstrained build operations Thread 38" [_thread_blocked, id=15124, stack(0x000000d0dc400000,0x000000d0dc500000)]
  0x000002ac7d03d8d0 JavaThread "Unconstrained build operations Thread 39" [_thread_blocked, id=16816, stack(0x000000d0dc500000,0x000000d0dc600000)]
  0x000002ac7d03a120 JavaThread "Unconstrained build operations Thread 40" [_thread_blocked, id=11616, stack(0x000000d0dc600000,0x000000d0dc700000)]
  0x000002ac7d03d3c0 JavaThread "Unconstrained build operations Thread 41" [_thread_blocked, id=14852, stack(0x000000d0dc700000,0x000000d0dc800000)]
  0x000002ac7d040660 JavaThread "Unconstrained build operations Thread 42" [_thread_blocked, id=21488, stack(0x000000d0dc800000,0x000000d0dc900000)]
  0x000002ac7d03bf80 JavaThread "Unconstrained build operations Thread 43" [_thread_blocked, id=16736, stack(0x000000d0dc900000,0x000000d0dca00000)]
  0x000002ac7d0391f0 JavaThread "Unconstrained build operations Thread 44" [_thread_blocked, id=19684, stack(0x000000d0dca00000,0x000000d0dcb00000)]
  0x000002ac7d040b70 JavaThread "Unconstrained build operations Thread 45" [_thread_blocked, id=20728, stack(0x000000d0dcb00000,0x000000d0dcc00000)]
  0x000002ac7d03ceb0 JavaThread "Unconstrained build operations Thread 46" [_thread_blocked, id=6552, stack(0x000000d0dcc00000,0x000000d0dcd00000)]
  0x000002ac7d03b050 JavaThread "Unconstrained build operations Thread 47" [_thread_blocked, id=12800, stack(0x000000d0dcd00000,0x000000d0dce00000)]
  0x000002ac7d039700 JavaThread "Unconstrained build operations Thread 48" [_thread_blocked, id=12228, stack(0x000000d0dce00000,0x000000d0dcf00000)]
  0x000002ac7d03c490 JavaThread "Unconstrained build operations Thread 49" [_thread_blocked, id=14792, stack(0x000000d0dcf00000,0x000000d0dd000000)]
  0x000002ac7d03e2f0 JavaThread "Unconstrained build operations Thread 50" [_thread_blocked, id=10608, stack(0x000000d0dd000000,0x000000d0dd100000)]
  0x000002ac7d03b560 JavaThread "Unconstrained build operations Thread 51" [_thread_blocked, id=20116, stack(0x000000d0dd100000,0x000000d0dd200000)]
  0x000002ac7d03dde0 JavaThread "Unconstrained build operations Thread 52" [_thread_blocked, id=5720, stack(0x000000d0dd200000,0x000000d0dd300000)]
  0x000002ac7ce9bb60 JavaThread "Unconstrained build operations Thread 53" [_thread_blocked, id=17116, stack(0x000000d0dd300000,0x000000d0dd400000)]
  0x000002ac7ce9cfa0 JavaThread "Unconstrained build operations Thread 54" [_thread_blocked, id=5928, stack(0x000000d0dd400000,0x000000d0dd500000)]
  0x000002ac7cea1b90 JavaThread "Unconstrained build operations Thread 55" [_thread_blocked, id=7520, stack(0x000000d0dd500000,0x000000d0dd600000)]
  0x000002ac7ce9f820 JavaThread "Unconstrained build operations Thread 56" [_thread_blocked, id=13960, stack(0x000000d0dd600000,0x000000d0dd700000)]
  0x000002ac7ce9a720 JavaThread "Unconstrained build operations Thread 57" [_thread_blocked, id=17076, stack(0x000000d0dd700000,0x000000d0dd800000)]
  0x000002ac7ce9ded0 JavaThread "Unconstrained build operations Thread 58" [_thread_blocked, id=3304, stack(0x000000d0dd800000,0x000000d0dd900000)]
  0x000002ac7ce9fd30 JavaThread "Unconstrained build operations Thread 59" [_thread_blocked, id=15848, stack(0x000000d0dd900000,0x000000d0dda00000)]
  0x000002ac7ce9d4b0 JavaThread "Unconstrained build operations Thread 60" [_thread_blocked, id=18892, stack(0x000000d0dda00000,0x000000d0ddb00000)]
  0x000002ac7df7d4e0 JavaThread "Cache worker for execution history cache (E:\React Project\All Parking\Parking_Dual\android\.gradle\8.0.1\executionHistory)" [_thread_blocked, id=18152, stack(0x000000d0daf00000,0x000000d0db000000)]

Other Threads:
  0x000002ac74604b00 VMThread "VM Thread" [stack: 0x000000d0d6200000,0x000000d0d6300000] [id=15828]
  0x000002ac74898f80 WatcherThread [stack: 0x000000d0d6e00000,0x000000d0d6f00000] [id=14612]
  0x000002ac568db6c0 GCTaskThread "GC Thread#0" [stack: 0x000000d0d5d00000,0x000000d0d5e00000] [id=13808]
  0x000002ac749dff50 GCTaskThread "GC Thread#1" [stack: 0x000000d0d7000000,0x000000d0d7100000] [id=16468]
  0x000002ac749e0210 GCTaskThread "GC Thread#2" [stack: 0x000000d0d7100000,0x000000d0d7200000] [id=12240]
  0x000002ac790f1a70 GCTaskThread "GC Thread#3" [stack: 0x000000d0d7200000,0x000000d0d7300000] [id=4264]
  0x000002ac79856330 GCTaskThread "GC Thread#4" [stack: 0x000000d0d6f00000,0x000000d0d7000000] [id=9192]
  0x000002ac7b2834b0 GCTaskThread "GC Thread#5" [stack: 0x000000d0d8100000,0x000000d0d8200000] [id=13824]
  0x000002ac568ec520 ConcurrentGCThread "G1 Main Marker" [stack: 0x000000d0d5e00000,0x000000d0d5f00000] [id=19548]
  0x000002ac568ed5e0 ConcurrentGCThread "G1 Conc#0" [stack: 0x000000d0d5f00000,0x000000d0d6000000] [id=8564]
  0x000002ac7bfea3a0 ConcurrentGCThread "G1 Conc#1" [stack: 0x000000d0d8900000,0x000000d0d8a00000] [id=19188]
  0x000002ac744c00a0 ConcurrentGCThread "G1 Refine#0" [stack: 0x000000d0d6000000,0x000000d0d6100000] [id=10376]
  0x000002ac7b2becc0 ConcurrentGCThread "G1 Refine#1" [stack: 0x000000d0d8a00000,0x000000d0d8b00000] [id=14832]
  0x000002ac744c09e0 ConcurrentGCThread "G1 Service" [stack: 0x000000d0d6100000,0x000000d0d6200000] [id=3980]

Threads with active compile tasks:
C2 CompilerThread0    61526 17671       4       org.gradle.internal.snapshot.AbstractListChildMap::store (72 bytes)

VM state: not at safepoint (normal execution)

VM Mutex/Monitor currently owned by a thread: None

Heap address: 0x0000000080000000, size: 2048 MB, Compressed Oops mode: 32-bit

CDS archive(s) mapped at: [0x000002ac00000000-0x000002ac00bd0000-0x000002ac00bd0000), size 12386304, SharedBaseAddress: 0x000002ac00000000, ArchiveRelocationMode: 1.
Compressed class space mapped at: 0x000002ac01000000-0x000002ac1b000000, reserved size: 436207616
Narrow klass base: 0x000002ac00000000, Narrow klass shift: 0, Narrow klass range: 0x100000000

GC Precious Log:
 CPUs: 6 total, 6 available
 Memory: 8054M
 Large Page Support: Disabled
 NUMA Support: Disabled
 Compressed Oops: Enabled (32-bit)
 Heap Region Size: 1M
 Heap Min Capacity: 8M
 Heap Initial Capacity: 126M
 Heap Max Capacity: 2G
 Pre-touch: Disabled
 Parallel Workers: 6
 Concurrent Workers: 2
 Concurrent Refinement Workers: 6
 Periodic GC: Disabled

Heap:
 garbage-first heap   total 392192K, used 300390K [0x0000000080000000, 0x0000000100000000)
  region size 1024K, 25 young (25600K), 4 survivors (4096K)
 Metaspace       used 112102K, committed 113664K, reserved 557056K
  class space    used 15337K, committed 16064K, reserved 425984K

Heap Regions: E=young(eden), S=young(survivor), O=old, HS=humongous(starts), HC=humongous(continues), CS=collection set, F=free, OA=open archive, CA=closed archive, TAMS=top-at-mark-start (previous, next)
|   0|0x0000000080000000, 0x0000000080100000, 0x0000000080100000|100%|HS|  |TAMS 0x0000000080100000, 0x0000000080000000| Complete 
|   1|0x0000000080100000, 0x0000000080200000, 0x0000000080200000|100%|HC|  |TAMS 0x0000000080200000, 0x0000000080100000| Complete 
|   2|0x0000000080200000, 0x0000000080300000, 0x0000000080300000|100%|HC|  |TAMS 0x0000000080300000, 0x0000000080200000| Complete 
|   3|0x0000000080300000, 0x0000000080400000, 0x0000000080400000|100%|HC|  |TAMS 0x0000000080400000, 0x0000000080300000| Complete 
|   4|0x0000000080400000, 0x0000000080500000, 0x0000000080500000|100%| O|  |TAMS 0x0000000080500000, 0x0000000080400000| Untracked 
|   5|0x0000000080500000, 0x0000000080600000, 0x0000000080600000|100%| O|  |TAMS 0x0000000080600000, 0x0000000080500000| Untracked 
|   6|0x0000000080600000, 0x0000000080700000, 0x0000000080700000|100%| O|  |TAMS 0x0000000080700000, 0x0000000080600000| Untracked 
|   7|0x0000000080700000, 0x0000000080800000, 0x0000000080800000|100%| O|  |TAMS 0x0000000080800000, 0x0000000080700000| Untracked 
|   8|0x0000000080800000, 0x0000000080900000, 0x0000000080900000|100%| O|  |TAMS 0x0000000080900000, 0x0000000080800000| Untracked 
|   9|0x0000000080900000, 0x0000000080a00000, 0x0000000080a00000|100%| O|  |TAMS 0x0000000080a00000, 0x0000000080900000| Untracked 
|  10|0x0000000080a00000, 0x0000000080b00000, 0x0000000080b00000|100%| O|  |TAMS 0x0000000080b00000, 0x0000000080a00000| Untracked 
|  11|0x0000000080b00000, 0x0000000080c00000, 0x0000000080c00000|100%| O|  |TAMS 0x0000000080c00000, 0x0000000080b00000| Untracked 
|  12|0x0000000080c00000, 0x0000000080d00000, 0x0000000080d00000|100%| O|  |TAMS 0x0000000080d00000, 0x0000000080c00000| Untracked 
|  13|0x0000000080d00000, 0x0000000080e00000, 0x0000000080e00000|100%| O|  |TAMS 0x0000000080e00000, 0x0000000080d00000| Untracked 
|  14|0x0000000080e00000, 0x0000000080f00000, 0x0000000080f00000|100%| O|  |TAMS 0x0000000080f00000, 0x0000000080e00000| Untracked 
|  15|0x0000000080f00000, 0x0000000081000000, 0x0000000081000000|100%| O|  |TAMS 0x0000000081000000, 0x0000000080f00000| Untracked 
|  16|0x0000000081000000, 0x0000000081100000, 0x0000000081100000|100%| O|  |TAMS 0x0000000081100000, 0x0000000081000000| Untracked 
|  17|0x0000000081100000, 0x0000000081200000, 0x0000000081200000|100%| O|  |TAMS 0x0000000081200000, 0x0000000081100000| Untracked 
|  18|0x0000000081200000, 0x0000000081300000, 0x0000000081300000|100%| O|  |TAMS 0x0000000081300000, 0x0000000081200000| Untracked 
|  19|0x0000000081300000, 0x00000000813cd000, 0x0000000081400000| 80%| O|  |TAMS 0x00000000813cd000, 0x0000000081300000| Untracked 
|  20|0x0000000081400000, 0x0000000081500000, 0x0000000081500000|100%| O|  |TAMS 0x0000000081500000, 0x0000000081400000| Untracked 
|  21|0x0000000081500000, 0x0000000081600000, 0x0000000081600000|100%| O|  |TAMS 0x0000000081600000, 0x0000000081500000| Untracked 
|  22|0x0000000081600000, 0x0000000081700000, 0x0000000081700000|100%| O|  |TAMS 0x0000000081700000, 0x0000000081600000| Untracked 
|  23|0x0000000081700000, 0x0000000081800000, 0x0000000081800000|100%| O|  |TAMS 0x0000000081800000, 0x0000000081700000| Untracked 
|  24|0x0000000081800000, 0x0000000081900000, 0x0000000081900000|100%| O|  |TAMS 0x0000000081900000, 0x0000000081800000| Untracked 
|  25|0x0000000081900000, 0x0000000081a00000, 0x0000000081a00000|100%| O|  |TAMS 0x0000000081a00000, 0x0000000081900000| Untracked 
|  26|0x0000000081a00000, 0x0000000081b00000, 0x0000000081b00000|100%| O|  |TAMS 0x0000000081b00000, 0x0000000081a00000| Untracked 
|  27|0x0000000081b00000, 0x0000000081c00000, 0x0000000081c00000|100%| O|  |TAMS 0x0000000081c00000, 0x0000000081b00000| Untracked 
|  28|0x0000000081c00000, 0x0000000081d00000, 0x0000000081d00000|100%| O|  |TAMS 0x0000000081d00000, 0x0000000081c00000| Untracked 
|  29|0x0000000081d00000, 0x0000000081e00000, 0x0000000081e00000|100%| O|  |TAMS 0x0000000081e00000, 0x0000000081d00000| Untracked 
|  30|0x0000000081e00000, 0x0000000081f00000, 0x0000000081f00000|100%| O|  |TAMS 0x0000000081f00000, 0x0000000081e00000| Untracked 
|  31|0x0000000081f00000, 0x0000000082000000, 0x0000000082000000|100%| O|  |TAMS 0x0000000082000000, 0x0000000081f00000| Untracked 
|  32|0x0000000082000000, 0x0000000082100000, 0x0000000082100000|100%| O|  |TAMS 0x0000000082100000, 0x0000000082000000| Untracked 
|  33|0x0000000082100000, 0x0000000082200000, 0x0000000082200000|100%| O|  |TAMS 0x0000000082200000, 0x0000000082100000| Untracked 
|  34|0x0000000082200000, 0x0000000082300000, 0x0000000082300000|100%| O|  |TAMS 0x0000000082300000, 0x0000000082200000| Untracked 
|  35|0x0000000082300000, 0x0000000082400000, 0x0000000082400000|100%| O|  |TAMS 0x0000000082400000, 0x0000000082300000| Untracked 
|  36|0x0000000082400000, 0x0000000082500000, 0x0000000082500000|100%| O|  |TAMS 0x0000000082500000, 0x0000000082400000| Untracked 
|  37|0x0000000082500000, 0x0000000082600000, 0x0000000082600000|100%|HS|  |TAMS 0x0000000082600000, 0x0000000082500000| Complete 
|  38|0x0000000082600000, 0x0000000082700000, 0x0000000082700000|100%|HC|  |TAMS 0x0000000082700000, 0x0000000082600000| Complete 
|  39|0x0000000082700000, 0x0000000082800000, 0x0000000082800000|100%| O|  |TAMS 0x0000000082800000, 0x0000000082700000| Untracked 
|  40|0x0000000082800000, 0x0000000082900000, 0x0000000082900000|100%| O|  |TAMS 0x0000000082900000, 0x0000000082800000| Untracked 
|  41|0x0000000082900000, 0x0000000082a00000, 0x0000000082a00000|100%| O|  |TAMS 0x0000000082a00000, 0x0000000082900000| Untracked 
|  42|0x0000000082a00000, 0x0000000082b00000, 0x0000000082b00000|100%| O|  |TAMS 0x0000000082b00000, 0x0000000082a00000| Untracked 
|  43|0x0000000082b00000, 0x0000000082c00000, 0x0000000082c00000|100%|HS|  |TAMS 0x0000000082c00000, 0x0000000082b00000| Complete 
|  44|0x0000000082c00000, 0x0000000082d00000, 0x0000000082d00000|100%|HC|  |TAMS 0x0000000082d00000, 0x0000000082c00000| Complete 
|  45|0x0000000082d00000, 0x0000000082e00000, 0x0000000082e00000|100%|HC|  |TAMS 0x0000000082e00000, 0x0000000082d00000| Complete 
|  46|0x0000000082e00000, 0x0000000082f00000, 0x0000000082f00000|100%|HC|  |TAMS 0x0000000082f00000, 0x0000000082e00000| Complete 
|  47|0x0000000082f00000, 0x0000000083000000, 0x0000000083000000|100%| O|  |TAMS 0x0000000082f00000, 0x0000000082f00000| Untracked 
|  48|0x0000000083000000, 0x0000000083100000, 0x0000000083100000|100%| O|  |TAMS 0x0000000083100000, 0x0000000083000000| Untracked 
|  49|0x0000000083100000, 0x0000000083200000, 0x0000000083200000|100%| O|  |TAMS 0x0000000083200000, 0x0000000083100000| Untracked 
|  50|0x0000000083200000, 0x0000000083300000, 0x0000000083300000|100%| O|  |TAMS 0x0000000083300000, 0x0000000083200000| Untracked 
|  51|0x0000000083300000, 0x0000000083400000, 0x0000000083400000|100%| O|  |TAMS 0x0000000083400000, 0x0000000083300000| Untracked 
|  52|0x0000000083400000, 0x0000000083500000, 0x0000000083500000|100%| O|  |TAMS 0x0000000083500000, 0x0000000083400000| Untracked 
|  53|0x0000000083500000, 0x0000000083600000, 0x0000000083600000|100%| O|  |TAMS 0x0000000083600000, 0x0000000083500000| Untracked 
|  54|0x0000000083600000, 0x0000000083700000, 0x0000000083700000|100%| O|  |TAMS 0x0000000083700000, 0x0000000083600000| Untracked 
|  55|0x0000000083700000, 0x0000000083800000, 0x0000000083800000|100%| O|  |TAMS 0x0000000083800000, 0x0000000083700000| Untracked 
|  56|0x0000000083800000, 0x0000000083900000, 0x0000000083900000|100%| O|  |TAMS 0x0000000083900000, 0x0000000083800000| Untracked 
|  57|0x0000000083900000, 0x0000000083a00000, 0x0000000083a00000|100%| O|  |TAMS 0x0000000083a00000, 0x0000000083900000| Untracked 
|  58|0x0000000083a00000, 0x0000000083b00000, 0x0000000083b00000|100%| O|  |TAMS 0x0000000083b00000, 0x0000000083a00000| Untracked 
|  59|0x0000000083b00000, 0x0000000083c00000, 0x0000000083c00000|100%| O|  |TAMS 0x0000000083c00000, 0x0000000083b00000| Untracked 
|  60|0x0000000083c00000, 0x0000000083d00000, 0x0000000083d00000|100%| O|  |TAMS 0x0000000083d00000, 0x0000000083c00000| Untracked 
|  61|0x0000000083d00000, 0x0000000083e00000, 0x0000000083e00000|100%| O|  |TAMS 0x0000000083e00000, 0x0000000083d00000| Untracked 
|  62|0x0000000083e00000, 0x0000000083f00000, 0x0000000083f00000|100%| O|  |TAMS 0x0000000083f00000, 0x0000000083e00000| Untracked 
|  63|0x0000000083f00000, 0x0000000084000000, 0x0000000084000000|100%| O|  |TAMS 0x0000000084000000, 0x0000000083f00000| Untracked 
|  64|0x0000000084000000, 0x0000000084100000, 0x0000000084100000|100%| O|  |TAMS 0x0000000084100000, 0x0000000084000000| Untracked 
|  65|0x0000000084100000, 0x0000000084200000, 0x0000000084200000|100%|HS|  |TAMS 0x0000000084200000, 0x0000000084100000| Complete 
|  66|0x0000000084200000, 0x0000000084300000, 0x0000000084300000|100%|HS|  |TAMS 0x0000000084300000, 0x0000000084200000| Complete 
|  67|0x0000000084300000, 0x0000000084400000, 0x0000000084400000|100%| O|  |TAMS 0x0000000084400000, 0x0000000084300000| Untracked 
|  68|0x0000000084400000, 0x0000000084500000, 0x0000000084500000|100%| O|  |TAMS 0x0000000084500000, 0x0000000084400000| Untracked 
|  69|0x0000000084500000, 0x0000000084600000, 0x0000000084600000|100%| O|  |TAMS 0x0000000084600000, 0x0000000084500000| Untracked 
|  70|0x0000000084600000, 0x0000000084700000, 0x0000000084700000|100%| O|  |TAMS 0x0000000084700000, 0x0000000084600000| Untracked 
|  71|0x0000000084700000, 0x0000000084800000, 0x0000000084800000|100%| O|  |TAMS 0x0000000084800000, 0x0000000084700000| Untracked 
|  72|0x0000000084800000, 0x0000000084900000, 0x0000000084900000|100%| O|  |TAMS 0x0000000084900000, 0x0000000084800000| Untracked 
|  73|0x0000000084900000, 0x0000000084a00000, 0x0000000084a00000|100%| O|  |TAMS 0x0000000084a00000, 0x0000000084900000| Untracked 
|  74|0x0000000084a00000, 0x0000000084b00000, 0x0000000084b00000|100%| O|  |TAMS 0x0000000084b00000, 0x0000000084a00000| Untracked 
|  75|0x0000000084b00000, 0x0000000084c00000, 0x0000000084c00000|100%| O|  |TAMS 0x0000000084c00000, 0x0000000084b00000| Untracked 
|  76|0x0000000084c00000, 0x0000000084d00000, 0x0000000084d00000|100%| O|  |TAMS 0x0000000084d00000, 0x0000000084c00000| Untracked 
|  77|0x0000000084d00000, 0x0000000084e00000, 0x0000000084e00000|100%| O|  |TAMS 0x0000000084e00000, 0x0000000084d00000| Untracked 
|  78|0x0000000084e00000, 0x0000000084f00000, 0x0000000084f00000|100%| O|  |TAMS 0x0000000084f00000, 0x0000000084e00000| Untracked 
|  79|0x0000000084f00000, 0x0000000085000000, 0x0000000085000000|100%| O|  |TAMS 0x0000000085000000, 0x0000000084f00000| Untracked 
|  80|0x0000000085000000, 0x0000000085100000, 0x0000000085100000|100%| O|  |TAMS 0x0000000085100000, 0x0000000085000000| Untracked 
|  81|0x0000000085100000, 0x0000000085200000, 0x0000000085200000|100%| O|  |TAMS 0x0000000085200000, 0x0000000085100000| Untracked 
|  82|0x0000000085200000, 0x0000000085300000, 0x0000000085300000|100%| O|  |TAMS 0x0000000085300000, 0x0000000085200000| Untracked 
|  83|0x0000000085300000, 0x0000000085400000, 0x0000000085400000|100%| O|  |TAMS 0x0000000085400000, 0x0000000085300000| Untracked 
|  84|0x0000000085400000, 0x0000000085500000, 0x0000000085500000|100%| O|  |TAMS 0x0000000085500000, 0x0000000085400000| Untracked 
|  85|0x0000000085500000, 0x0000000085600000, 0x0000000085600000|100%| O|  |TAMS 0x0000000085600000, 0x0000000085500000| Untracked 
|  86|0x0000000085600000, 0x0000000085700000, 0x0000000085700000|100%| O|  |TAMS 0x0000000085700000, 0x0000000085600000| Untracked 
|  87|0x0000000085700000, 0x0000000085800000, 0x0000000085800000|100%| O|  |TAMS 0x0000000085800000, 0x0000000085700000| Untracked 
|  88|0x0000000085800000, 0x0000000085900000, 0x0000000085900000|100%| O|  |TAMS 0x0000000085814e00, 0x0000000085800000| Untracked 
|  89|0x0000000085900000, 0x0000000085a00000, 0x0000000085a00000|100%|HS|  |TAMS 0x0000000085a00000, 0x0000000085900000| Complete 
|  90|0x0000000085a00000, 0x0000000085b00000, 0x0000000085b00000|100%|HS|  |TAMS 0x0000000085b00000, 0x0000000085a00000| Complete 
|  91|0x0000000085b00000, 0x0000000085c00000, 0x0000000085c00000|100%|HS|  |TAMS 0x0000000085c00000, 0x0000000085b00000| Complete 
|  92|0x0000000085c00000, 0x0000000085d00000, 0x0000000085d00000|100%| O|  |TAMS 0x0000000085c00000, 0x0000000085c00000| Untracked 
|  93|0x0000000085d00000, 0x0000000085e00000, 0x0000000085e00000|100%| O|  |TAMS 0x0000000085d00000, 0x0000000085d00000| Untracked 
|  94|0x0000000085e00000, 0x0000000085f00000, 0x0000000085f00000|100%|HS|  |TAMS 0x0000000085e00000, 0x0000000085e00000| Complete 
|  95|0x0000000085f00000, 0x0000000086000000, 0x0000000086000000|100%|HC|  |TAMS 0x0000000085f00000, 0x0000000085f00000| Complete 
|  96|0x0000000086000000, 0x0000000086100000, 0x0000000086100000|100%|HC|  |TAMS 0x0000000086000000, 0x0000000086000000| Complete 
|  97|0x0000000086100000, 0x0000000086200000, 0x0000000086200000|100%|HS|  |TAMS 0x0000000086100000, 0x0000000086100000| Complete 
|  98|0x0000000086200000, 0x0000000086300000, 0x0000000086300000|100%|HC|  |TAMS 0x0000000086200000, 0x0000000086200000| Complete 
|  99|0x0000000086300000, 0x0000000086400000, 0x0000000086400000|100%| O|  |TAMS 0x0000000086300000, 0x0000000086300000| Untracked 
| 100|0x0000000086400000, 0x0000000086500000, 0x0000000086500000|100%| O|  |TAMS 0x0000000086400000, 0x0000000086400000| Untracked 
| 101|0x0000000086500000, 0x0000000086600000, 0x0000000086600000|100%| O|  |TAMS 0x0000000086500000, 0x0000000086500000| Untracked 
| 102|0x0000000086600000, 0x0000000086700000, 0x0000000086700000|100%| O|  |TAMS 0x0000000086600000, 0x0000000086600000| Untracked 
| 103|0x0000000086700000, 0x0000000086800000, 0x0000000086800000|100%| O|  |TAMS 0x0000000086700000, 0x0000000086700000| Untracked 
| 104|0x0000000086800000, 0x0000000086900000, 0x0000000086900000|100%| O|  |TAMS 0x0000000086800000, 0x0000000086800000| Untracked 
| 105|0x0000000086900000, 0x0000000086a00000, 0x0000000086a00000|100%| O|  |TAMS 0x0000000086900000, 0x0000000086900000| Untracked 
| 106|0x0000000086a00000, 0x0000000086b00000, 0x0000000086b00000|100%| O|  |TAMS 0x0000000086a00000, 0x0000000086a00000| Untracked 
| 107|0x0000000086b00000, 0x0000000086c00000, 0x0000000086c00000|100%| O|  |TAMS 0x0000000086b00000, 0x0000000086b00000| Untracked 
| 108|0x0000000086c00000, 0x0000000086d00000, 0x0000000086d00000|100%| O|  |TAMS 0x0000000086c00000, 0x0000000086c00000| Untracked 
| 109|0x0000000086d00000, 0x0000000086e00000, 0x0000000086e00000|100%|HS|  |TAMS 0x0000000086d00000, 0x0000000086d00000| Complete 
| 110|0x0000000086e00000, 0x0000000086f00000, 0x0000000086f00000|100%|HC|  |TAMS 0x0000000086e00000, 0x0000000086e00000| Complete 
| 111|0x0000000086f00000, 0x0000000087000000, 0x0000000087000000|100%|HC|  |TAMS 0x0000000086f00000, 0x0000000086f00000| Complete 
| 112|0x0000000087000000, 0x0000000087100000, 0x0000000087100000|100%|HS|  |TAMS 0x0000000087000000, 0x0000000087000000| Complete 
| 113|0x0000000087100000, 0x0000000087200000, 0x0000000087200000|100%|HC|  |TAMS 0x0000000087100000, 0x0000000087100000| Complete 
| 114|0x0000000087200000, 0x0000000087300000, 0x0000000087300000|100%|HS|  |TAMS 0x0000000087200000, 0x0000000087200000| Complete 
| 115|0x0000000087300000, 0x0000000087400000, 0x0000000087400000|100%| O|  |TAMS 0x0000000087300000, 0x0000000087300000| Untracked 
| 116|0x0000000087400000, 0x0000000087500000, 0x0000000087500000|100%| O|  |TAMS 0x0000000087400000, 0x0000000087400000| Untracked 
| 117|0x0000000087500000, 0x0000000087600000, 0x0000000087600000|100%| O|  |TAMS 0x0000000087500000, 0x0000000087500000| Untracked 
| 118|0x0000000087600000, 0x0000000087700000, 0x0000000087700000|100%| O|  |TAMS 0x0000000087600000, 0x0000000087600000| Untracked 
| 119|0x0000000087700000, 0x0000000087800000, 0x0000000087800000|100%| O|  |TAMS 0x0000000087700000, 0x0000000087700000| Untracked 
| 120|0x0000000087800000, 0x0000000087900000, 0x0000000087900000|100%| O|  |TAMS 0x0000000087800000, 0x0000000087800000| Untracked 
| 121|0x0000000087900000, 0x0000000087a00000, 0x0000000087a00000|100%| O|  |TAMS 0x0000000087900000, 0x0000000087900000| Untracked 
| 122|0x0000000087a00000, 0x0000000087b00000, 0x0000000087b00000|100%| O|  |TAMS 0x0000000087a00000, 0x0000000087a00000| Untracked 
| 123|0x0000000087b00000, 0x0000000087c00000, 0x0000000087c00000|100%| O|  |TAMS 0x0000000087b00000, 0x0000000087b00000| Untracked 
| 124|0x0000000087c00000, 0x0000000087d00000, 0x0000000087d00000|100%| O|  |TAMS 0x0000000087c00000, 0x0000000087c00000| Untracked 
| 125|0x0000000087d00000, 0x0000000087e00000, 0x0000000087e00000|100%| O|  |TAMS 0x0000000087d00000, 0x0000000087d00000| Untracked 
| 126|0x0000000087e00000, 0x0000000087f00000, 0x0000000087f00000|100%| O|  |TAMS 0x0000000087e00000, 0x0000000087e00000| Untracked 
| 127|0x0000000087f00000, 0x0000000088000000, 0x0000000088000000|100%| O|  |TAMS 0x0000000087f00000, 0x0000000087f00000| Untracked 
| 128|0x0000000088000000, 0x0000000088100000, 0x0000000088100000|100%| O|  |TAMS 0x0000000088000000, 0x0000000088000000| Untracked 
| 129|0x0000000088100000, 0x0000000088200000, 0x0000000088200000|100%| O|  |TAMS 0x0000000088100000, 0x0000000088100000| Untracked 
| 130|0x0000000088200000, 0x0000000088300000, 0x0000000088300000|100%| O|  |TAMS 0x0000000088200000, 0x0000000088200000| Untracked 
| 131|0x0000000088300000, 0x0000000088400000, 0x0000000088400000|100%| O|  |TAMS 0x0000000088300000, 0x0000000088300000| Untracked 
| 132|0x0000000088400000, 0x0000000088500000, 0x0000000088500000|100%| O|  |TAMS 0x0000000088400000, 0x0000000088400000| Untracked 
| 133|0x0000000088500000, 0x0000000088600000, 0x0000000088600000|100%| O|  |TAMS 0x0000000088500000, 0x0000000088500000| Untracked 
| 134|0x0000000088600000, 0x0000000088700000, 0x0000000088700000|100%| O|  |TAMS 0x0000000088600000, 0x0000000088600000| Untracked 
| 135|0x0000000088700000, 0x0000000088800000, 0x0000000088800000|100%| O|  |TAMS 0x0000000088700000, 0x0000000088700000| Untracked 
| 136|0x0000000088800000, 0x0000000088900000, 0x0000000088900000|100%| O|  |TAMS 0x0000000088800000, 0x0000000088800000| Untracked 
| 137|0x0000000088900000, 0x0000000088a00000, 0x0000000088a00000|100%| O|  |TAMS 0x0000000088900000, 0x0000000088900000| Untracked 
| 138|0x0000000088a00000, 0x0000000088b00000, 0x0000000088b00000|100%| O|  |TAMS 0x0000000088a00000, 0x0000000088a00000| Untracked 
| 139|0x0000000088b00000, 0x0000000088c00000, 0x0000000088c00000|100%| O|  |TAMS 0x0000000088b00000, 0x0000000088b00000| Untracked 
| 140|0x0000000088c00000, 0x0000000088d00000, 0x0000000088d00000|100%| O|  |TAMS 0x0000000088c00000, 0x0000000088c00000| Untracked 
| 141|0x0000000088d00000, 0x0000000088e00000, 0x0000000088e00000|100%| O|  |TAMS 0x0000000088d00000, 0x0000000088d00000| Untracked 
| 142|0x0000000088e00000, 0x0000000088f00000, 0x0000000088f00000|100%| O|  |TAMS 0x0000000088e00000, 0x0000000088e00000| Untracked 
| 143|0x0000000088f00000, 0x0000000089000000, 0x0000000089000000|100%| O|  |TAMS 0x0000000088f00000, 0x0000000088f00000| Untracked 
| 144|0x0000000089000000, 0x0000000089100000, 0x0000000089100000|100%| O|  |TAMS 0x0000000089000000, 0x0000000089000000| Untracked 
| 145|0x0000000089100000, 0x0000000089200000, 0x0000000089200000|100%| O|  |TAMS 0x0000000089100000, 0x0000000089100000| Untracked 
| 146|0x0000000089200000, 0x0000000089300000, 0x0000000089300000|100%| O|  |TAMS 0x0000000089200000, 0x0000000089200000| Untracked 
| 147|0x0000000089300000, 0x0000000089400000, 0x0000000089400000|100%| O|  |TAMS 0x0000000089300000, 0x0000000089300000| Untracked 
| 148|0x0000000089400000, 0x0000000089500000, 0x0000000089500000|100%| O|  |TAMS 0x0000000089400000, 0x0000000089400000| Untracked 
| 149|0x0000000089500000, 0x0000000089600000, 0x0000000089600000|100%| O|  |TAMS 0x0000000089500000, 0x0000000089500000| Untracked 
| 150|0x0000000089600000, 0x0000000089700000, 0x0000000089700000|100%| O|  |TAMS 0x0000000089600000, 0x0000000089600000| Untracked 
| 151|0x0000000089700000, 0x0000000089800000, 0x0000000089800000|100%| O|  |TAMS 0x0000000089700000, 0x0000000089700000| Untracked 
| 152|0x0000000089800000, 0x0000000089900000, 0x0000000089900000|100%| O|  |TAMS 0x0000000089800000, 0x0000000089800000| Untracked 
| 153|0x0000000089900000, 0x0000000089a00000, 0x0000000089a00000|100%| O|  |TAMS 0x0000000089900000, 0x0000000089900000| Untracked 
| 154|0x0000000089a00000, 0x0000000089b00000, 0x0000000089b00000|100%| O|  |TAMS 0x0000000089a00000, 0x0000000089a00000| Untracked 
| 155|0x0000000089b00000, 0x0000000089c00000, 0x0000000089c00000|100%|HS|  |TAMS 0x0000000089b00000, 0x0000000089b00000| Complete 
| 156|0x0000000089c00000, 0x0000000089d00000, 0x0000000089d00000|100%|HS|  |TAMS 0x0000000089c00000, 0x0000000089c00000| Complete 
| 157|0x0000000089d00000, 0x0000000089e00000, 0x0000000089e00000|100%|HS|  |TAMS 0x0000000089d00000, 0x0000000089d00000| Complete 
| 158|0x0000000089e00000, 0x0000000089f00000, 0x0000000089f00000|100%|HS|  |TAMS 0x0000000089e00000, 0x0000000089e00000| Complete 
| 159|0x0000000089f00000, 0x000000008a000000, 0x000000008a000000|100%|HS|  |TAMS 0x0000000089f00000, 0x0000000089f00000| Complete 
| 160|0x000000008a000000, 0x000000008a100000, 0x000000008a100000|100%|HC|  |TAMS 0x000000008a000000, 0x000000008a000000| Complete 
| 161|0x000000008a100000, 0x000000008a200000, 0x000000008a200000|100%|HC|  |TAMS 0x000000008a100000, 0x000000008a100000| Complete 
| 162|0x000000008a200000, 0x000000008a300000, 0x000000008a300000|100%| O|  |TAMS 0x000000008a200000, 0x000000008a200000| Untracked 
| 163|0x000000008a300000, 0x000000008a400000, 0x000000008a400000|100%| O|  |TAMS 0x000000008a300000, 0x000000008a300000| Untracked 
| 164|0x000000008a400000, 0x000000008a500000, 0x000000008a500000|100%| O|  |TAMS 0x000000008a400000, 0x000000008a400000| Untracked 
| 165|0x000000008a500000, 0x000000008a600000, 0x000000008a600000|100%| O|  |TAMS 0x000000008a500000, 0x000000008a500000| Untracked 
| 166|0x000000008a600000, 0x000000008a700000, 0x000000008a700000|100%| O|  |TAMS 0x000000008a600000, 0x000000008a600000| Untracked 
| 167|0x000000008a700000, 0x000000008a800000, 0x000000008a800000|100%| O|  |TAMS 0x000000008a700000, 0x000000008a700000| Untracked 
| 168|0x000000008a800000, 0x000000008a900000, 0x000000008a900000|100%| O|  |TAMS 0x000000008a800000, 0x000000008a800000| Untracked 
| 169|0x000000008a900000, 0x000000008aa00000, 0x000000008aa00000|100%| O|  |TAMS 0x000000008a900000, 0x000000008a900000| Untracked 
| 170|0x000000008aa00000, 0x000000008ab00000, 0x000000008ab00000|100%| O|  |TAMS 0x000000008aa00000, 0x000000008aa00000| Untracked 
| 171|0x000000008ab00000, 0x000000008ac00000, 0x000000008ac00000|100%| O|  |TAMS 0x000000008ab00000, 0x000000008ab00000| Untracked 
| 172|0x000000008ac00000, 0x000000008ad00000, 0x000000008ad00000|100%| O|  |TAMS 0x000000008ac00000, 0x000000008ac00000| Untracked 
| 173|0x000000008ad00000, 0x000000008ae00000, 0x000000008ae00000|100%|HS|  |TAMS 0x000000008ad00000, 0x000000008ad00000| Complete 
| 174|0x000000008ae00000, 0x000000008af00000, 0x000000008af00000|100%|HC|  |TAMS 0x000000008ae00000, 0x000000008ae00000| Complete 
| 175|0x000000008af00000, 0x000000008b000000, 0x000000008b000000|100%|HS|  |TAMS 0x000000008af00000, 0x000000008af00000| Complete 
| 176|0x000000008b000000, 0x000000008b100000, 0x000000008b100000|100%|HC|  |TAMS 0x000000008b000000, 0x000000008b000000| Complete 
| 177|0x000000008b100000, 0x000000008b200000, 0x000000008b200000|100%|HC|  |TAMS 0x000000008b100000, 0x000000008b100000| Complete 
| 178|0x000000008b200000, 0x000000008b300000, 0x000000008b300000|100%|HC|  |TAMS 0x000000008b200000, 0x000000008b200000| Complete 
| 179|0x000000008b300000, 0x000000008b400000, 0x000000008b400000|100%| O|  |TAMS 0x000000008b300000, 0x000000008b300000| Untracked 
| 180|0x000000008b400000, 0x000000008b500000, 0x000000008b500000|100%| O|  |TAMS 0x000000008b400000, 0x000000008b400000| Untracked 
| 181|0x000000008b500000, 0x000000008b600000, 0x000000008b600000|100%| O|  |TAMS 0x000000008b500000, 0x000000008b500000| Untracked 
| 182|0x000000008b600000, 0x000000008b700000, 0x000000008b700000|100%| O|  |TAMS 0x000000008b600000, 0x000000008b600000| Untracked 
| 183|0x000000008b700000, 0x000000008b800000, 0x000000008b800000|100%| O|  |TAMS 0x000000008b700000, 0x000000008b700000| Untracked 
| 184|0x000000008b800000, 0x000000008b900000, 0x000000008b900000|100%| O|  |TAMS 0x000000008b800000, 0x000000008b800000| Untracked 
| 185|0x000000008b900000, 0x000000008ba00000, 0x000000008ba00000|100%| O|  |TAMS 0x000000008b900000, 0x000000008b900000| Untracked 
| 186|0x000000008ba00000, 0x000000008bb00000, 0x000000008bb00000|100%| O|  |TAMS 0x000000008ba00000, 0x000000008ba00000| Untracked 
| 187|0x000000008bb00000, 0x000000008bc00000, 0x000000008bc00000|100%| O|  |TAMS 0x000000008bb00000, 0x000000008bb00000| Untracked 
| 188|0x000000008bc00000, 0x000000008bd00000, 0x000000008bd00000|100%| O|  |TAMS 0x000000008bc00000, 0x000000008bc00000| Untracked 
| 189|0x000000008bd00000, 0x000000008be00000, 0x000000008be00000|100%| O|  |TAMS 0x000000008bd00000, 0x000000008bd00000| Untracked 
| 190|0x000000008be00000, 0x000000008bf00000, 0x000000008bf00000|100%|HS|  |TAMS 0x000000008be00000, 0x000000008be00000| Complete 
| 191|0x000000008bf00000, 0x000000008c000000, 0x000000008c000000|100%|HS|  |TAMS 0x000000008bf00000, 0x000000008bf00000| Complete 
| 192|0x000000008c000000, 0x000000008c100000, 0x000000008c100000|100%| O|  |TAMS 0x000000008c000000, 0x000000008c000000| Untracked 
| 193|0x000000008c100000, 0x000000008c200000, 0x000000008c200000|100%| O|  |TAMS 0x000000008c100000, 0x000000008c100000| Untracked 
| 194|0x000000008c200000, 0x000000008c300000, 0x000000008c300000|100%| O|  |TAMS 0x000000008c200000, 0x000000008c200000| Untracked 
| 195|0x000000008c300000, 0x000000008c400000, 0x000000008c400000|100%| O|  |TAMS 0x000000008c300000, 0x000000008c300000| Untracked 
| 196|0x000000008c400000, 0x000000008c500000, 0x000000008c500000|100%| O|  |TAMS 0x000000008c400000, 0x000000008c400000| Untracked 
| 197|0x000000008c500000, 0x000000008c600000, 0x000000008c600000|100%| O|  |TAMS 0x000000008c500000, 0x000000008c500000| Untracked 
| 198|0x000000008c600000, 0x000000008c700000, 0x000000008c700000|100%| O|  |TAMS 0x000000008c600000, 0x000000008c600000| Untracked 
| 199|0x000000008c700000, 0x000000008c800000, 0x000000008c800000|100%| O|  |TAMS 0x000000008c700000, 0x000000008c700000| Untracked 
| 200|0x000000008c800000, 0x000000008c900000, 0x000000008c900000|100%| O|  |TAMS 0x000000008c800000, 0x000000008c800000| Untracked 
| 201|0x000000008c900000, 0x000000008ca00000, 0x000000008ca00000|100%| O|  |TAMS 0x000000008c900000, 0x000000008c900000| Untracked 
| 202|0x000000008ca00000, 0x000000008cb00000, 0x000000008cb00000|100%| O|  |TAMS 0x000000008ca00000, 0x000000008ca00000| Untracked 
| 203|0x000000008cb00000, 0x000000008cc00000, 0x000000008cc00000|100%| O|  |TAMS 0x000000008cb00000, 0x000000008cb00000| Untracked 
| 204|0x000000008cc00000, 0x000000008cd00000, 0x000000008cd00000|100%| O|  |TAMS 0x000000008cc00000, 0x000000008cc00000| Untracked 
| 205|0x000000008cd00000, 0x000000008ce00000, 0x000000008ce00000|100%| O|  |TAMS 0x000000008cd00000, 0x000000008cd00000| Untracked 
| 206|0x000000008ce00000, 0x000000008cf00000, 0x000000008cf00000|100%| O|  |TAMS 0x000000008ce00000, 0x000000008ce00000| Untracked 
| 207|0x000000008cf00000, 0x000000008d000000, 0x000000008d000000|100%| O|  |TAMS 0x000000008cf00000, 0x000000008cf00000| Untracked 
| 208|0x000000008d000000, 0x000000008d100000, 0x000000008d100000|100%| O|  |TAMS 0x000000008d000000, 0x000000008d000000| Untracked 
| 209|0x000000008d100000, 0x000000008d200000, 0x000000008d200000|100%| O|  |TAMS 0x000000008d100000, 0x000000008d100000| Untracked 
| 210|0x000000008d200000, 0x000000008d300000, 0x000000008d300000|100%| O|  |TAMS 0x000000008d200000, 0x000000008d200000| Untracked 
| 211|0x000000008d300000, 0x000000008d400000, 0x000000008d400000|100%| O|  |TAMS 0x000000008d300000, 0x000000008d300000| Untracked 
| 212|0x000000008d400000, 0x000000008d500000, 0x000000008d500000|100%| O|  |TAMS 0x000000008d400000, 0x000000008d400000| Untracked 
| 213|0x000000008d500000, 0x000000008d600000, 0x000000008d600000|100%| O|  |TAMS 0x000000008d500000, 0x000000008d500000| Untracked 
| 214|0x000000008d600000, 0x000000008d700000, 0x000000008d700000|100%| O|  |TAMS 0x000000008d600000, 0x000000008d600000| Untracked 
| 215|0x000000008d700000, 0x000000008d800000, 0x000000008d800000|100%| O|  |TAMS 0x000000008d700000, 0x000000008d700000| Untracked 
| 216|0x000000008d800000, 0x000000008d900000, 0x000000008d900000|100%| O|  |TAMS 0x000000008d800000, 0x000000008d800000| Untracked 
| 217|0x000000008d900000, 0x000000008da00000, 0x000000008da00000|100%| O|  |TAMS 0x000000008d900000, 0x000000008d900000| Untracked 
| 218|0x000000008da00000, 0x000000008db00000, 0x000000008db00000|100%| O|  |TAMS 0x000000008da00000, 0x000000008da00000| Untracked 
| 219|0x000000008db00000, 0x000000008dc00000, 0x000000008dc00000|100%| O|  |TAMS 0x000000008db00000, 0x000000008db00000| Untracked 
| 220|0x000000008dc00000, 0x000000008dd00000, 0x000000008dd00000|100%| O|  |TAMS 0x000000008dc00000, 0x000000008dc00000| Untracked 
| 221|0x000000008dd00000, 0x000000008de00000, 0x000000008de00000|100%| O|  |TAMS 0x000000008dd00000, 0x000000008dd00000| Untracked 
| 222|0x000000008de00000, 0x000000008df00000, 0x000000008df00000|100%| O|  |TAMS 0x000000008de00000, 0x000000008de00000| Untracked 
| 223|0x000000008df00000, 0x000000008e000000, 0x000000008e000000|100%| O|  |TAMS 0x000000008df00000, 0x000000008df00000| Untracked 
| 224|0x000000008e000000, 0x000000008e100000, 0x000000008e100000|100%| O|  |TAMS 0x000000008e000000, 0x000000008e000000| Untracked 
| 225|0x000000008e100000, 0x000000008e200000, 0x000000008e200000|100%| O|  |TAMS 0x000000008e100000, 0x000000008e100000| Untracked 
| 226|0x000000008e200000, 0x000000008e300000, 0x000000008e300000|100%| O|  |TAMS 0x000000008e200000, 0x000000008e200000| Untracked 
| 227|0x000000008e300000, 0x000000008e400000, 0x000000008e400000|100%| O|  |TAMS 0x000000008e300000, 0x000000008e300000| Untracked 
| 228|0x000000008e400000, 0x000000008e500000, 0x000000008e500000|100%| O|  |TAMS 0x000000008e400000, 0x000000008e400000| Untracked 
| 229|0x000000008e500000, 0x000000008e600000, 0x000000008e600000|100%| O|  |TAMS 0x000000008e500000, 0x000000008e500000| Untracked 
| 230|0x000000008e600000, 0x000000008e700000, 0x000000008e700000|100%| O|  |TAMS 0x000000008e600000, 0x000000008e600000| Untracked 
| 231|0x000000008e700000, 0x000000008e800000, 0x000000008e800000|100%| O|  |TAMS 0x000000008e700000, 0x000000008e700000| Untracked 
| 232|0x000000008e800000, 0x000000008e900000, 0x000000008e900000|100%| O|  |TAMS 0x000000008e800000, 0x000000008e800000| Untracked 
| 233|0x000000008e900000, 0x000000008ea00000, 0x000000008ea00000|100%| O|  |TAMS 0x000000008e900000, 0x000000008e900000| Untracked 
| 234|0x000000008ea00000, 0x000000008eb00000, 0x000000008eb00000|100%| O|  |TAMS 0x000000008ea00000, 0x000000008ea00000| Untracked 
| 235|0x000000008eb00000, 0x000000008ec00000, 0x000000008ec00000|100%| O|  |TAMS 0x000000008eb00000, 0x000000008eb00000| Untracked 
| 236|0x000000008ec00000, 0x000000008ed00000, 0x000000008ed00000|100%| O|  |TAMS 0x000000008ec00000, 0x000000008ec00000| Untracked 
| 237|0x000000008ed00000, 0x000000008ee00000, 0x000000008ee00000|100%| O|  |TAMS 0x000000008ed00000, 0x000000008ed00000| Untracked 
| 238|0x000000008ee00000, 0x000000008ef00000, 0x000000008ef00000|100%| O|  |TAMS 0x000000008ee00000, 0x000000008ee00000| Untracked 
| 239|0x000000008ef00000, 0x000000008f000000, 0x000000008f000000|100%| O|  |TAMS 0x000000008ef00000, 0x000000008ef00000| Untracked 
| 240|0x000000008f000000, 0x000000008f100000, 0x000000008f100000|100%| O|  |TAMS 0x000000008f000000, 0x000000008f000000| Untracked 
| 241|0x000000008f100000, 0x000000008f200000, 0x000000008f200000|100%| O|  |TAMS 0x000000008f100000, 0x000000008f100000| Untracked 
| 242|0x000000008f200000, 0x000000008f300000, 0x000000008f300000|100%| O|  |TAMS 0x000000008f200000, 0x000000008f200000| Untracked 
| 243|0x000000008f300000, 0x000000008f400000, 0x000000008f400000|100%| O|  |TAMS 0x000000008f300000, 0x000000008f300000| Untracked 
| 244|0x000000008f400000, 0x000000008f500000, 0x000000008f500000|100%| O|  |TAMS 0x000000008f400000, 0x000000008f400000| Untracked 
| 245|0x000000008f500000, 0x000000008f600000, 0x000000008f600000|100%| O|  |TAMS 0x000000008f500000, 0x000000008f500000| Untracked 
| 246|0x000000008f600000, 0x000000008f700000, 0x000000008f700000|100%| O|  |TAMS 0x000000008f600000, 0x000000008f600000| Untracked 
| 247|0x000000008f700000, 0x000000008f800000, 0x000000008f800000|100%| O|  |TAMS 0x000000008f700000, 0x000000008f700000| Untracked 
| 248|0x000000008f800000, 0x000000008f900000, 0x000000008f900000|100%| O|  |TAMS 0x000000008f800000, 0x000000008f800000| Untracked 
| 249|0x000000008f900000, 0x000000008fa00000, 0x000000008fa00000|100%| O|  |TAMS 0x000000008f900000, 0x000000008f900000| Untracked 
| 250|0x000000008fa00000, 0x000000008fb00000, 0x000000008fb00000|100%| O|  |TAMS 0x000000008fa00000, 0x000000008fa00000| Untracked 
| 251|0x000000008fb00000, 0x000000008fc00000, 0x000000008fc00000|100%| O|  |TAMS 0x000000008fb00000, 0x000000008fb00000| Untracked 
| 252|0x000000008fc00000, 0x000000008fd00000, 0x000000008fd00000|100%| O|  |TAMS 0x000000008fc00000, 0x000000008fc00000| Untracked 
| 253|0x000000008fd00000, 0x000000008fe00000, 0x000000008fe00000|100%| O|  |TAMS 0x000000008fd00000, 0x000000008fd00000| Untracked 
| 254|0x000000008fe00000, 0x000000008ff00000, 0x000000008ff00000|100%| O|  |TAMS 0x000000008fe00000, 0x000000008fe00000| Untracked 
| 255|0x000000008ff00000, 0x0000000090000000, 0x0000000090000000|100%| O|  |TAMS 0x000000008ff00000, 0x000000008ff00000| Untracked 
| 256|0x0000000090000000, 0x0000000090100000, 0x0000000090100000|100%| O|  |TAMS 0x0000000090000000, 0x0000000090000000| Untracked 
| 257|0x0000000090100000, 0x0000000090200000, 0x0000000090200000|100%| O|  |TAMS 0x0000000090100000, 0x0000000090100000| Untracked 
| 258|0x0000000090200000, 0x0000000090300000, 0x0000000090300000|100%| O|  |TAMS 0x0000000090200000, 0x0000000090200000| Untracked 
| 259|0x0000000090300000, 0x0000000090400000, 0x0000000090400000|100%| O|  |TAMS 0x0000000090300000, 0x0000000090300000| Untracked 
| 260|0x0000000090400000, 0x0000000090500000, 0x0000000090500000|100%| O|  |TAMS 0x0000000090400000, 0x0000000090400000| Untracked 
| 261|0x0000000090500000, 0x0000000090600000, 0x0000000090600000|100%| O|  |TAMS 0x0000000090500000, 0x0000000090500000| Untracked 
| 262|0x0000000090600000, 0x0000000090700000, 0x0000000090700000|100%| O|  |TAMS 0x0000000090600000, 0x0000000090600000| Untracked 
| 263|0x0000000090700000, 0x0000000090700000, 0x0000000090800000|  0%| F|  |TAMS 0x0000000090700000, 0x0000000090700000| Untracked 
| 264|0x0000000090800000, 0x0000000090800000, 0x0000000090900000|  0%| F|  |TAMS 0x0000000090800000, 0x0000000090800000| Untracked 
| 265|0x0000000090900000, 0x0000000090900000, 0x0000000090a00000|  0%| F|  |TAMS 0x0000000090900000, 0x0000000090900000| Untracked 
| 266|0x0000000090a00000, 0x0000000090a00000, 0x0000000090b00000|  0%| F|  |TAMS 0x0000000090a00000, 0x0000000090a00000| Untracked 
| 267|0x0000000090b00000, 0x0000000090c00000, 0x0000000090c00000|100%| O|  |TAMS 0x0000000090b00000, 0x0000000090b00000| Untracked 
| 268|0x0000000090c00000, 0x0000000090d00000, 0x0000000090d00000|100%| O|  |TAMS 0x0000000090c00000, 0x0000000090c00000| Untracked 
| 269|0x0000000090d00000, 0x0000000090e00000, 0x0000000090e00000|100%| O|  |TAMS 0x0000000090d00000, 0x0000000090d00000| Untracked 
| 270|0x0000000090e00000, 0x0000000090f00000, 0x0000000090f00000|100%| O|  |TAMS 0x0000000090e00000, 0x0000000090e00000| Untracked 
| 271|0x0000000090f00000, 0x0000000091000000, 0x0000000091000000|100%| O|  |TAMS 0x0000000090f00000, 0x0000000090f00000| Untracked 
| 272|0x0000000091000000, 0x0000000091100000, 0x0000000091100000|100%| O|  |TAMS 0x0000000091000000, 0x0000000091000000| Untracked 
| 273|0x0000000091100000, 0x0000000091200000, 0x0000000091200000|100%| O|  |TAMS 0x0000000091100000, 0x0000000091100000| Untracked 
| 274|0x0000000091200000, 0x00000000912a1200, 0x0000000091300000| 62%| O|  |TAMS 0x0000000091200000, 0x0000000091200000| Untracked 
| 275|0x0000000091300000, 0x0000000091300000, 0x0000000091400000|  0%| F|  |TAMS 0x0000000091300000, 0x0000000091300000| Untracked 
| 276|0x0000000091400000, 0x0000000091400000, 0x0000000091500000|  0%| F|  |TAMS 0x0000000091400000, 0x0000000091400000| Untracked 
| 277|0x0000000091500000, 0x0000000091500000, 0x0000000091600000|  0%| F|  |TAMS 0x0000000091500000, 0x0000000091500000| Untracked 
| 278|0x0000000091600000, 0x0000000091600000, 0x0000000091700000|  0%| F|  |TAMS 0x0000000091600000, 0x0000000091600000| Untracked 
| 279|0x0000000091700000, 0x0000000091700000, 0x0000000091800000|  0%| F|  |TAMS 0x0000000091700000, 0x0000000091700000| Untracked 
| 280|0x0000000091800000, 0x0000000091800000, 0x0000000091900000|  0%| F|  |TAMS 0x0000000091800000, 0x0000000091800000| Untracked 
| 281|0x0000000091900000, 0x0000000091900000, 0x0000000091a00000|  0%| F|  |TAMS 0x0000000091900000, 0x0000000091900000| Untracked 
| 282|0x0000000091a00000, 0x0000000091a00000, 0x0000000091b00000|  0%| F|  |TAMS 0x0000000091a00000, 0x0000000091a00000| Untracked 
| 283|0x0000000091b00000, 0x0000000091b00000, 0x0000000091c00000|  0%| F|  |TAMS 0x0000000091b00000, 0x0000000091b00000| Untracked 
| 284|0x0000000091c00000, 0x0000000091c00000, 0x0000000091d00000|  0%| F|  |TAMS 0x0000000091c00000, 0x0000000091c00000| Untracked 
| 285|0x0000000091d00000, 0x0000000091d00000, 0x0000000091e00000|  0%| F|  |TAMS 0x0000000091d00000, 0x0000000091d00000| Untracked 
| 286|0x0000000091e00000, 0x0000000091e00000, 0x0000000091f00000|  0%| F|  |TAMS 0x0000000091e00000, 0x0000000091e00000| Untracked 
| 287|0x0000000091f00000, 0x0000000091f00000, 0x0000000092000000|  0%| F|  |TAMS 0x0000000091f00000, 0x0000000091f00000| Untracked 
| 288|0x0000000092000000, 0x0000000092000000, 0x0000000092100000|  0%| F|  |TAMS 0x0000000092000000, 0x0000000092000000| Untracked 
| 289|0x0000000092100000, 0x0000000092100000, 0x0000000092200000|  0%| F|  |TAMS 0x0000000092100000, 0x0000000092100000| Untracked 
| 290|0x0000000092200000, 0x0000000092200000, 0x0000000092300000|  0%| F|  |TAMS 0x0000000092200000, 0x0000000092200000| Untracked 
| 291|0x0000000092300000, 0x0000000092300000, 0x0000000092400000|  0%| F|  |TAMS 0x0000000092300000, 0x0000000092300000| Untracked 
| 292|0x0000000092400000, 0x0000000092400000, 0x0000000092500000|  0%| F|  |TAMS 0x0000000092400000, 0x0000000092400000| Untracked 
| 293|0x0000000092500000, 0x0000000092500000, 0x0000000092600000|  0%| F|  |TAMS 0x0000000092500000, 0x0000000092500000| Untracked 
| 294|0x0000000092600000, 0x0000000092600000, 0x0000000092700000|  0%| F|  |TAMS 0x0000000092600000, 0x0000000092600000| Untracked 
| 295|0x0000000092700000, 0x0000000092700000, 0x0000000092800000|  0%| F|  |TAMS 0x0000000092700000, 0x0000000092700000| Untracked 
| 296|0x0000000092800000, 0x0000000092800000, 0x0000000092900000|  0%| F|  |TAMS 0x0000000092800000, 0x0000000092800000| Untracked 
| 297|0x0000000092900000, 0x0000000092900000, 0x0000000092a00000|  0%| F|  |TAMS 0x0000000092900000, 0x0000000092900000| Untracked 
| 298|0x0000000092a00000, 0x0000000092a00000, 0x0000000092b00000|  0%| F|  |TAMS 0x0000000092a00000, 0x0000000092a00000| Untracked 
| 299|0x0000000092b00000, 0x0000000092b00000, 0x0000000092c00000|  0%| F|  |TAMS 0x0000000092b00000, 0x0000000092b00000| Untracked 
| 300|0x0000000092c00000, 0x0000000092c00000, 0x0000000092d00000|  0%| F|  |TAMS 0x0000000092c00000, 0x0000000092c00000| Untracked 
| 301|0x0000000092d00000, 0x0000000092d00000, 0x0000000092e00000|  0%| F|  |TAMS 0x0000000092d00000, 0x0000000092d00000| Untracked 
| 302|0x0000000092e00000, 0x0000000092e00000, 0x0000000092f00000|  0%| F|  |TAMS 0x0000000092e00000, 0x0000000092e00000| Untracked 
| 303|0x0000000092f00000, 0x0000000092f00000, 0x0000000093000000|  0%| F|  |TAMS 0x0000000092f00000, 0x0000000092f00000| Untracked 
| 304|0x0000000093000000, 0x0000000093000000, 0x0000000093100000|  0%| F|  |TAMS 0x0000000093000000, 0x0000000093000000| Untracked 
| 305|0x0000000093100000, 0x0000000093100000, 0x0000000093200000|  0%| F|  |TAMS 0x0000000093100000, 0x0000000093100000| Untracked 
| 306|0x0000000093200000, 0x0000000093200000, 0x0000000093300000|  0%| F|  |TAMS 0x0000000093200000, 0x0000000093200000| Untracked 
| 307|0x0000000093300000, 0x0000000093300000, 0x0000000093400000|  0%| F|  |TAMS 0x0000000093300000, 0x0000000093300000| Untracked 
| 308|0x0000000093400000, 0x0000000093400000, 0x0000000093500000|  0%| F|  |TAMS 0x0000000093400000, 0x0000000093400000| Untracked 
| 309|0x0000000093500000, 0x0000000093500000, 0x0000000093600000|  0%| F|  |TAMS 0x0000000093500000, 0x0000000093500000| Untracked 
| 310|0x0000000093600000, 0x0000000093600000, 0x0000000093700000|  0%| F|  |TAMS 0x0000000093600000, 0x0000000093600000| Untracked 
| 311|0x0000000093700000, 0x0000000093700000, 0x0000000093800000|  0%| F|  |TAMS 0x0000000093700000, 0x0000000093700000| Untracked 
| 312|0x0000000093800000, 0x0000000093800000, 0x0000000093900000|  0%| F|  |TAMS 0x0000000093800000, 0x0000000093800000| Untracked 
| 313|0x0000000093900000, 0x0000000093900000, 0x0000000093a00000|  0%| F|  |TAMS 0x0000000093900000, 0x0000000093900000| Untracked 
| 314|0x0000000093a00000, 0x0000000093a00000, 0x0000000093b00000|  0%| F|  |TAMS 0x0000000093a00000, 0x0000000093a00000| Untracked 
| 315|0x0000000093b00000, 0x0000000093b00000, 0x0000000093c00000|  0%| F|  |TAMS 0x0000000093b00000, 0x0000000093b00000| Untracked 
| 316|0x0000000093c00000, 0x0000000093c00000, 0x0000000093d00000|  0%| F|  |TAMS 0x0000000093c00000, 0x0000000093c00000| Untracked 
| 317|0x0000000093d00000, 0x0000000093d00000, 0x0000000093e00000|  0%| F|  |TAMS 0x0000000093d00000, 0x0000000093d00000| Untracked 
| 318|0x0000000093e00000, 0x0000000093e00000, 0x0000000093f00000|  0%| F|  |TAMS 0x0000000093e00000, 0x0000000093e00000| Untracked 
| 319|0x0000000093f00000, 0x0000000093f00000, 0x0000000094000000|  0%| F|  |TAMS 0x0000000093f00000, 0x0000000093f00000| Untracked 
| 320|0x0000000094000000, 0x0000000094000000, 0x0000000094100000|  0%| F|  |TAMS 0x0000000094000000, 0x0000000094000000| Untracked 
| 321|0x0000000094100000, 0x0000000094100000, 0x0000000094200000|  0%| F|  |TAMS 0x0000000094100000, 0x0000000094100000| Untracked 
| 322|0x0000000094200000, 0x0000000094200000, 0x0000000094300000|  0%| F|  |TAMS 0x0000000094200000, 0x0000000094200000| Untracked 
| 323|0x0000000094300000, 0x0000000094300000, 0x0000000094400000|  0%| F|  |TAMS 0x0000000094300000, 0x0000000094300000| Untracked 
| 324|0x0000000094400000, 0x0000000094400000, 0x0000000094500000|  0%| F|  |TAMS 0x0000000094400000, 0x0000000094400000| Untracked 
| 325|0x0000000094500000, 0x0000000094500000, 0x0000000094600000|  0%| F|  |TAMS 0x0000000094500000, 0x0000000094500000| Untracked 
| 326|0x0000000094600000, 0x0000000094600000, 0x0000000094700000|  0%| F|  |TAMS 0x0000000094600000, 0x0000000094600000| Untracked 
| 327|0x0000000094700000, 0x0000000094700000, 0x0000000094800000|  0%| F|  |TAMS 0x0000000094700000, 0x0000000094700000| Untracked 
| 328|0x0000000094800000, 0x00000000948eb8e0, 0x0000000094900000| 92%| S|CS|TAMS 0x0000000094800000, 0x0000000094800000| Complete 
| 329|0x0000000094900000, 0x0000000094a00000, 0x0000000094a00000|100%| S|CS|TAMS 0x0000000094900000, 0x0000000094900000| Complete 
| 330|0x0000000094a00000, 0x0000000094b00000, 0x0000000094b00000|100%| S|CS|TAMS 0x0000000094a00000, 0x0000000094a00000| Complete 
| 331|0x0000000094b00000, 0x0000000094c00000, 0x0000000094c00000|100%| S|CS|TAMS 0x0000000094b00000, 0x0000000094b00000| Complete 
| 332|0x0000000094c00000, 0x0000000094c00000, 0x0000000094d00000|  0%| F|  |TAMS 0x0000000094c00000, 0x0000000094c00000| Untracked 
| 333|0x0000000094d00000, 0x0000000094d00000, 0x0000000094e00000|  0%| F|  |TAMS 0x0000000094d00000, 0x0000000094d00000| Untracked 
| 334|0x0000000094e00000, 0x0000000094e00000, 0x0000000094f00000|  0%| F|  |TAMS 0x0000000094e00000, 0x0000000094e00000| Untracked 
| 335|0x0000000094f00000, 0x0000000094f00000, 0x0000000095000000|  0%| F|  |TAMS 0x0000000094f00000, 0x0000000094f00000| Untracked 
| 336|0x0000000095000000, 0x0000000095000000, 0x0000000095100000|  0%| F|  |TAMS 0x0000000095000000, 0x0000000095000000| Untracked 
| 337|0x0000000095100000, 0x0000000095100000, 0x0000000095200000|  0%| F|  |TAMS 0x0000000095100000, 0x0000000095100000| Untracked 
| 338|0x0000000095200000, 0x0000000095200000, 0x0000000095300000|  0%| F|  |TAMS 0x0000000095200000, 0x0000000095200000| Untracked 
| 339|0x0000000095300000, 0x0000000095300000, 0x0000000095400000|  0%| F|  |TAMS 0x0000000095300000, 0x0000000095300000| Untracked 
| 340|0x0000000095400000, 0x0000000095400000, 0x0000000095500000|  0%| F|  |TAMS 0x0000000095400000, 0x0000000095400000| Untracked 
| 341|0x0000000095500000, 0x0000000095500000, 0x0000000095600000|  0%| F|  |TAMS 0x0000000095500000, 0x0000000095500000| Untracked 
| 342|0x0000000095600000, 0x0000000095600000, 0x0000000095700000|  0%| F|  |TAMS 0x0000000095600000, 0x0000000095600000| Untracked 
| 343|0x0000000095700000, 0x0000000095700000, 0x0000000095800000|  0%| F|  |TAMS 0x0000000095700000, 0x0000000095700000| Untracked 
| 344|0x0000000095800000, 0x0000000095800000, 0x0000000095900000|  0%| F|  |TAMS 0x0000000095800000, 0x0000000095800000| Untracked 
| 345|0x0000000095900000, 0x0000000095900000, 0x0000000095a00000|  0%| F|  |TAMS 0x0000000095900000, 0x0000000095900000| Untracked 
| 346|0x0000000095a00000, 0x0000000095a00000, 0x0000000095b00000|  0%| F|  |TAMS 0x0000000095a00000, 0x0000000095a00000| Untracked 
| 347|0x0000000095b00000, 0x0000000095b00000, 0x0000000095c00000|  0%| F|  |TAMS 0x0000000095b00000, 0x0000000095b00000| Untracked 
| 348|0x0000000095c00000, 0x0000000095c00000, 0x0000000095d00000|  0%| F|  |TAMS 0x0000000095c00000, 0x0000000095c00000| Untracked 
| 349|0x0000000095d00000, 0x0000000095d00000, 0x0000000095e00000|  0%| F|  |TAMS 0x0000000095d00000, 0x0000000095d00000| Untracked 
| 350|0x0000000095e00000, 0x0000000095e00000, 0x0000000095f00000|  0%| F|  |TAMS 0x0000000095e00000, 0x0000000095e00000| Untracked 
| 351|0x0000000095f00000, 0x0000000095f00000, 0x0000000096000000|  0%| F|  |TAMS 0x0000000095f00000, 0x0000000095f00000| Untracked 
| 352|0x0000000096000000, 0x0000000096000000, 0x0000000096100000|  0%| F|  |TAMS 0x0000000096000000, 0x0000000096000000| Untracked 
| 353|0x0000000096100000, 0x0000000096100000, 0x0000000096200000|  0%| F|  |TAMS 0x0000000096100000, 0x0000000096100000| Untracked 
| 354|0x0000000096200000, 0x0000000096200000, 0x0000000096300000|  0%| F|  |TAMS 0x0000000096200000, 0x0000000096200000| Untracked 
| 355|0x0000000096300000, 0x0000000096300000, 0x0000000096400000|  0%| F|  |TAMS 0x0000000096300000, 0x0000000096300000| Untracked 
| 356|0x0000000096400000, 0x0000000096400000, 0x0000000096500000|  0%| F|  |TAMS 0x0000000096400000, 0x0000000096400000| Untracked 
| 357|0x0000000096500000, 0x0000000096500000, 0x0000000096600000|  0%| F|  |TAMS 0x0000000096500000, 0x0000000096500000| Untracked 
| 358|0x0000000096600000, 0x0000000096600000, 0x0000000096700000|  0%| F|  |TAMS 0x0000000096600000, 0x0000000096600000| Untracked 
| 359|0x0000000096700000, 0x0000000096700000, 0x0000000096800000|  0%| F|  |TAMS 0x0000000096700000, 0x0000000096700000| Untracked 
| 360|0x0000000096800000, 0x0000000096800000, 0x0000000096900000|  0%| F|  |TAMS 0x0000000096800000, 0x0000000096800000| Untracked 
| 361|0x0000000096900000, 0x0000000096900000, 0x0000000096a00000|  0%| F|  |TAMS 0x0000000096900000, 0x0000000096900000| Untracked 
| 362|0x0000000096a00000, 0x0000000096acb898, 0x0000000096b00000| 79%| E|  |TAMS 0x0000000096a00000, 0x0000000096a00000| Complete 
| 363|0x0000000096b00000, 0x0000000096c00000, 0x0000000096c00000|100%| E|CS|TAMS 0x0000000096b00000, 0x0000000096b00000| Complete 
| 364|0x0000000096c00000, 0x0000000096d00000, 0x0000000096d00000|100%| E|CS|TAMS 0x0000000096c00000, 0x0000000096c00000| Complete 
| 365|0x0000000096d00000, 0x0000000096e00000, 0x0000000096e00000|100%| E|CS|TAMS 0x0000000096d00000, 0x0000000096d00000| Complete 
| 366|0x0000000096e00000, 0x0000000096f00000, 0x0000000096f00000|100%| E|CS|TAMS 0x0000000096e00000, 0x0000000096e00000| Complete 
| 367|0x0000000096f00000, 0x0000000097000000, 0x0000000097000000|100%| E|CS|TAMS 0x0000000096f00000, 0x0000000096f00000| Complete 
| 368|0x0000000097000000, 0x0000000097100000, 0x0000000097100000|100%| E|CS|TAMS 0x0000000097000000, 0x0000000097000000| Complete 
| 369|0x0000000097100000, 0x0000000097200000, 0x0000000097200000|100%| E|CS|TAMS 0x0000000097100000, 0x0000000097100000| Complete 
| 370|0x0000000097200000, 0x0000000097300000, 0x0000000097300000|100%| E|  |TAMS 0x0000000097200000, 0x0000000097200000| Complete 
| 371|0x0000000097300000, 0x0000000097400000, 0x0000000097400000|100%| E|CS|TAMS 0x0000000097300000, 0x0000000097300000| Complete 
| 372|0x0000000097400000, 0x0000000097500000, 0x0000000097500000|100%| E|CS|TAMS 0x0000000097400000, 0x0000000097400000| Complete 
| 373|0x0000000097500000, 0x0000000097600000, 0x0000000097600000|100%| E|CS|TAMS 0x0000000097500000, 0x0000000097500000| Complete 
| 374|0x0000000097600000, 0x0000000097700000, 0x0000000097700000|100%| E|CS|TAMS 0x0000000097600000, 0x0000000097600000| Complete 
| 375|0x0000000097700000, 0x0000000097800000, 0x0000000097800000|100%| E|CS|TAMS 0x0000000097700000, 0x0000000097700000| Complete 
| 376|0x0000000097800000, 0x0000000097900000, 0x0000000097900000|100%| E|CS|TAMS 0x0000000097800000, 0x0000000097800000| Complete 
| 377|0x0000000097900000, 0x0000000097a00000, 0x0000000097a00000|100%| E|CS|TAMS 0x0000000097900000, 0x0000000097900000| Complete 
| 378|0x0000000097a00000, 0x0000000097b00000, 0x0000000097b00000|100%| E|CS|TAMS 0x0000000097a00000, 0x0000000097a00000| Complete 
| 379|0x0000000097b00000, 0x0000000097c00000, 0x0000000097c00000|100%| E|CS|TAMS 0x0000000097b00000, 0x0000000097b00000| Complete 
| 380|0x0000000097c00000, 0x0000000097d00000, 0x0000000097d00000|100%| E|CS|TAMS 0x0000000097c00000, 0x0000000097c00000| Complete 
| 381|0x0000000097d00000, 0x0000000097e00000, 0x0000000097e00000|100%| E|CS|TAMS 0x0000000097d00000, 0x0000000097d00000| Complete 
| 382|0x0000000097e00000, 0x0000000097f00000, 0x0000000097f00000|100%| E|CS|TAMS 0x0000000097e00000, 0x0000000097e00000| Complete 

Card table byte_map: [0x000002ac6d640000,0x000002ac6da40000] _byte_map_base: 0x000002ac6d240000

Marking Bits (Prev, Next): (CMBitMap*) 0x000002ac568dbbf0, (CMBitMap*) 0x000002ac568dbc30
 Prev Bits: [0x000002ac6de40000, 0x000002ac6fe40000)
 Next Bits: [0x000002ac6fe40000, 0x000002ac71e40000)

Polling page: 0x000002ac547f0000

Metaspace:

Usage:
  Non-class:     94.50 MB used.
      Class:     14.98 MB used.
       Both:    109.48 MB used.

Virtual space:
  Non-class space:      128.00 MB reserved,      95.31 MB ( 74%) committed,  2 nodes.
      Class space:      416.00 MB reserved,      15.69 MB (  4%) committed,  1 nodes.
             Both:      544.00 MB reserved,     111.00 MB ( 20%) committed. 

Chunk freelists:
   Non-Class:  288.00 KB
       Class:  344.00 KB
        Both:  632.00 KB

MaxMetaspaceSize: 512.00 MB
CompressedClassSpaceSize: 416.00 MB
Initial GC threshold: 21.00 MB
Current GC threshold: 141.69 MB
CDS: on
MetaspaceReclaimPolicy: balanced
 - commit_granule_bytes: 65536.
 - commit_granule_words: 8192.
 - virtual_space_node_default_size: 8388608.
 - enlarge_chunks_in_place: 1.
 - new_chunks_are_fully_committed: 0.
 - uncommit_free_chunks: 1.
 - use_allocation_guard: 0.
 - handle_deallocations: 1.


Internal statistics:

num_allocs_failed_limit: 6.
num_arena_births: 2114.
num_arena_deaths: 0.
num_vsnodes_births: 3.
num_vsnodes_deaths: 0.
num_space_committed: 1776.
num_space_uncommitted: 0.
num_chunks_returned_to_freelist: 6.
num_chunks_taken_from_freelist: 7142.
num_chunk_merges: 6.
num_chunk_splits: 4498.
num_chunks_enlarged: 2651.
num_inconsistent_stats: 0.

CodeHeap 'non-profiled nmethods': size=120000Kb used=10336Kb max_used=10336Kb free=109663Kb
 bounds [0x000002ac65c00000, 0x000002ac66620000, 0x000002ac6d130000]
CodeHeap 'profiled nmethods': size=120000Kb used=30210Kb max_used=30210Kb free=89789Kb
 bounds [0x000002ac5e130000, 0x000002ac5fec0000, 0x000002ac65660000]
CodeHeap 'non-nmethods': size=5760Kb used=2464Kb max_used=2553Kb free=3295Kb
 bounds [0x000002ac65660000, 0x000002ac658f0000, 0x000002ac65c00000]
 total_blobs=16483 nmethods=15478 adapters=917
 compilation: enabled
              stopped_count=0, restarted_count=0
 full_count=0

Compilation events (20 events):
Event: 61.355 Thread 0x000002ac7462e010 17702       3       org.gradle.api.internal.artifacts.transform.TransformationResult$Builder::<init> (17 bytes)
Event: 61.355 Thread 0x000002ac7462e010 nmethod 17702 0x000002ac5fe99910 code [0x000002ac5fe99ae0, 0x000002ac5fe99ff8]
Event: 61.355 Thread 0x000002ac7462e010 17703   !   3       sun.nio.fs.WindowsFileSystemProvider::newByteChannel (71 bytes)
Event: 61.357 Thread 0x000002ac7462e010 nmethod 17703 0x000002ac5fe9a190 code [0x000002ac5fe9a400, 0x000002ac5fe9ae88]
Event: 61.357 Thread 0x000002ac7462e010 17706   !   3       org.gradle.api.internal.artifacts.transform.TransformationResultSerializer::readResultsFile (171 bytes)
Event: 61.359 Thread 0x000002ac7462e010 nmethod 17706 0x000002ac5fe9b410 code [0x000002ac5fe9b860, 0x000002ac5fe9d628]
Event: 61.359 Thread 0x000002ac7462e010 17705       3       org.gradle.api.internal.artifacts.transform.TransformationResult::builder (8 bytes)
Event: 61.359 Thread 0x000002ac7462e010 nmethod 17705 0x000002ac5fe9e590 code [0x000002ac5fe9e760, 0x000002ac5fe9ed18]
Event: 61.359 Thread 0x000002ac7462e010 17707       3       java.nio.file.spi.FileSystemProvider::newInputStream (107 bytes)
Event: 61.360 Thread 0x000002ac7462e010 nmethod 17707 0x000002ac5fe9ef10 code [0x000002ac5fe9f200, 0x000002ac5fea02f8]
Event: 61.360 Thread 0x000002ac7462e010 17704       3       org.gradle.api.internal.artifacts.transform.DefaultTransformerInvocationFactory$AbstractTransformerExecution::lambda$visitRegularInputs$2 (21 bytes)
Event: 61.360 Thread 0x000002ac7462e010 nmethod 17704 0x000002ac5fea0890 code [0x000002ac5fea0a60, 0x000002ac5fea0ea8]
Event: 61.360 Thread 0x000002ac7462e010 17708   !   3       java.io.BufferedReader::close (61 bytes)
Event: 61.361 Thread 0x000002ac7462e010 nmethod 17708 0x000002ac5fea1010 code [0x000002ac5fea11e0, 0x000002ac5fea1668]
Event: 61.361 Thread 0x000002ac7462e010 17709       3       org.gradle.api.internal.artifacts.transform.TransformationResult$Builder$FilteredTransformationResult::lambda$resolveOutputsForInputArtifact$0 (13 bytes)
Event: 61.361 Thread 0x000002ac7462e010 nmethod 17709 0x000002ac5fea1810 code [0x000002ac5fea19c0, 0x000002ac5fea1bb8]
Event: 61.365 Thread 0x000002ac7462e010 17712       2       org.gradle.api.internal.artifacts.transform.TransformationResult$Builder$FilteredTransformationResult::resolveOutputsForInputArtifact (30 bytes)
Event: 61.366 Thread 0x000002ac7462e010 nmethod 17712 0x000002ac5fea1d10 code [0x000002ac5fea1f00, 0x000002ac5fea2348]
Event: 61.366 Thread 0x000002ac7462e010 17713       2       org.gradle.api.internal.artifacts.transform.TransformationResult$Builder$FilteredTransformationResult$$Lambda$1463/0x000002ac01f95778::<init> (15 bytes)
Event: 61.366 Thread 0x000002ac7462e010 nmethod 17713 0x000002ac5fea2590 code [0x000002ac5fea2720, 0x000002ac5fea28d8]

GC Heap History (20 events):
Event: 54.369 GC heap before
{Heap before GC invocations=56 (full 0):
 garbage-first heap   total 322560K, used 262964K [0x0000000080000000, 0x0000000100000000)
  region size 1024K, 51 young (52224K), 9 survivors (9216K)
 Metaspace       used 107222K, committed 108544K, reserved 557056K
  class space    used 14786K, committed 15424K, reserved 425984K
}
Event: 54.431 GC heap after
{Heap after GC invocations=57 (full 0):
 garbage-first heap   total 322560K, used 228148K [0x0000000080000000, 0x0000000100000000)
  region size 1024K, 7 young (7168K), 7 survivors (7168K)
 Metaspace       used 107222K, committed 108544K, reserved 557056K
  class space    used 14786K, committed 15424K, reserved 425984K
}
Event: 55.170 GC heap before
{Heap before GC invocations=57 (full 0):
 garbage-first heap   total 322560K, used 267060K [0x0000000080000000, 0x0000000100000000)
  region size 1024K, 45 young (46080K), 7 survivors (7168K)
 Metaspace       used 107915K, committed 109312K, reserved 557056K
  class space    used 14856K, committed 15488K, reserved 425984K
}
Event: 55.184 GC heap after
{Heap after GC invocations=58 (full 0):
 garbage-first heap   total 322560K, used 237364K [0x0000000080000000, 0x0000000100000000)
  region size 1024K, 6 young (6144K), 6 survivors (6144K)
 Metaspace       used 107915K, committed 109312K, reserved 557056K
  class space    used 14856K, committed 15488K, reserved 425984K
}
Event: 55.392 GC heap before
{Heap before GC invocations=58 (full 0):
 garbage-first heap   total 322560K, used 270132K [0x0000000080000000, 0x0000000100000000)
  region size 1024K, 38 young (38912K), 6 survivors (6144K)
 Metaspace       used 108042K, committed 109440K, reserved 557056K
  class space    used 14857K, committed 15488K, reserved 425984K
}
Event: 55.401 GC heap after
{Heap after GC invocations=59 (full 0):
 garbage-first heap   total 322560K, used 244532K [0x0000000080000000, 0x0000000100000000)
  region size 1024K, 5 young (5120K), 5 survivors (5120K)
 Metaspace       used 108042K, committed 109440K, reserved 557056K
  class space    used 14857K, committed 15488K, reserved 425984K
}
Event: 55.586 GC heap before
{Heap before GC invocations=59 (full 0):
 garbage-first heap   total 322560K, used 273204K [0x0000000080000000, 0x0000000100000000)
  region size 1024K, 33 young (33792K), 5 survivors (5120K)
 Metaspace       used 108155K, committed 109504K, reserved 557056K
  class space    used 14863K, committed 15488K, reserved 425984K
}
Event: 55.593 GC heap after
{Heap after GC invocations=60 (full 0):
 garbage-first heap   total 322560K, used 251470K [0x0000000080000000, 0x0000000100000000)
  region size 1024K, 5 young (5120K), 5 survivors (5120K)
 Metaspace       used 108155K, committed 109504K, reserved 557056K
  class space    used 14863K, committed 15488K, reserved 425984K
}
Event: 55.764 GC heap before
{Heap before GC invocations=60 (full 0):
 garbage-first heap   total 322560K, used 275022K [0x0000000080000000, 0x0000000100000000)
  region size 1024K, 28 young (28672K), 5 survivors (5120K)
 Metaspace       used 108438K, committed 109824K, reserved 557056K
  class space    used 14900K, committed 15552K, reserved 425984K
}
Event: 55.771 GC heap after
{Heap after GC invocations=61 (full 0):
 garbage-first heap   total 322560K, used 256663K [0x0000000080000000, 0x0000000100000000)
  region size 1024K, 4 young (4096K), 4 survivors (4096K)
 Metaspace       used 108438K, committed 109824K, reserved 557056K
  class space    used 14900K, committed 15552K, reserved 425984K
}
Event: 56.055 GC heap before
{Heap before GC invocations=61 (full 0):
 garbage-first heap   total 322560K, used 277143K [0x0000000080000000, 0x0000000100000000)
  region size 1024K, 24 young (24576K), 4 survivors (4096K)
 Metaspace       used 109254K, committed 110720K, reserved 557056K
  class space    used 14994K, committed 15680K, reserved 425984K
}
Event: 56.061 GC heap after
{Heap after GC invocations=62 (full 0):
 garbage-first heap   total 392192K, used 259892K [0x0000000080000000, 0x0000000100000000)
  region size 1024K, 3 young (3072K), 3 survivors (3072K)
 Metaspace       used 109254K, committed 110720K, reserved 557056K
  class space    used 14994K, committed 15680K, reserved 425984K
}
Event: 57.251 GC heap before
{Heap before GC invocations=62 (full 0):
 garbage-first heap   total 392192K, used 317236K [0x0000000080000000, 0x0000000100000000)
  region size 1024K, 60 young (61440K), 3 survivors (3072K)
 Metaspace       used 111195K, committed 112768K, reserved 557056K
  class space    used 15253K, committed 16000K, reserved 425984K
}
Event: 57.293 GC heap after
{Heap after GC invocations=63 (full 0):
 garbage-first heap   total 392192K, used 268523K [0x0000000080000000, 0x0000000100000000)
  region size 1024K, 8 young (8192K), 8 survivors (8192K)
 Metaspace       used 111195K, committed 112768K, reserved 557056K
  class space    used 15253K, committed 16000K, reserved 425984K
}
Event: 59.251 GC heap before
{Heap before GC invocations=63 (full 0):
 garbage-first heap   total 392192K, used 321771K [0x0000000080000000, 0x0000000100000000)
  region size 1024K, 61 young (62464K), 8 survivors (8192K)
 Metaspace       used 111734K, committed 113344K, reserved 557056K
  class space    used 15313K, committed 16064K, reserved 425984K
}
Event: 59.271 GC heap after
{Heap after GC invocations=64 (full 0):
 garbage-first heap   total 392192K, used 272828K [0x0000000080000000, 0x0000000100000000)
  region size 1024K, 4 young (4096K), 4 survivors (4096K)
 Metaspace       used 111734K, committed 113344K, reserved 557056K
  class space    used 15313K, committed 16064K, reserved 425984K
}
Event: 60.551 GC heap before
{Heap before GC invocations=64 (full 0):
 garbage-first heap   total 392192K, used 326076K [0x0000000080000000, 0x0000000100000000)
  region size 1024K, 57 young (58368K), 4 survivors (4096K)
 Metaspace       used 112041K, committed 113600K, reserved 557056K
  class space    used 15337K, committed 16064K, reserved 425984K
}
Event: 60.562 GC heap after
{Heap after GC invocations=65 (full 0):
 garbage-first heap   total 392192K, used 277153K [0x0000000080000000, 0x0000000100000000)
  region size 1024K, 8 young (8192K), 8 survivors (8192K)
 Metaspace       used 112041K, committed 113600K, reserved 557056K
  class space    used 15337K, committed 16064K, reserved 425984K
}
Event: 61.324 GC heap before
{Heap before GC invocations=65 (full 0):
 garbage-first heap   total 392192K, used 332449K [0x0000000080000000, 0x0000000100000000)
  region size 1024K, 59 young (60416K), 8 survivors (8192K)
 Metaspace       used 112091K, committed 113664K, reserved 557056K
  class space    used 15337K, committed 16064K, reserved 425984K
}
Event: 61.335 GC heap after
{Heap after GC invocations=66 (full 0):
 garbage-first heap   total 392192K, used 280934K [0x0000000080000000, 0x0000000100000000)
  region size 1024K, 4 young (4096K), 4 survivors (4096K)
 Metaspace       used 112091K, committed 113664K, reserved 557056K
  class space    used 15337K, committed 16064K, reserved 425984K
}

Deoptimization events (20 events):
Event: 61.112 Thread 0x000002ac7c920a90 Uncommon trap: trap_request=0xffffff45 fr.pc=0x000002ac66161e88 relative=0x0000000000000188
Event: 61.112 Thread 0x000002ac7c920a90 Uncommon trap: reason=unstable_if action=reinterpret pc=0x000002ac66161e88 method=org.gradle.internal.io.StreamByteBuffer.prepareRead()I @ 30 c2
Event: 61.112 Thread 0x000002ac7c920a90 DEOPT PACKING pc=0x000002ac66161e88 sp=0x000000d0d8bfe920
Event: 61.112 Thread 0x000002ac7c920a90 DEOPT UNPACKING pc=0x000002ac656b23a3 sp=0x000000d0d8bfe8d0 mode 2
Event: 61.230 Thread 0x000002ac7a29f2a0 Uncommon trap: trap_request=0xffffffd6 fr.pc=0x000002ac66611a94 relative=0x0000000000000754
Event: 61.230 Thread 0x000002ac7a29f2a0 Uncommon trap: reason=array_check action=maybe_recompile pc=0x000002ac66611a94 method=java.util.TimSort.binarySort([Ljava/lang/Object;IIILjava/util/Comparator;)V @ 215 c2
Event: 61.230 Thread 0x000002ac7a29f2a0 DEOPT PACKING pc=0x000002ac66611a94 sp=0x000000d0da9fde90
Event: 61.230 Thread 0x000002ac7a29f2a0 DEOPT UNPACKING pc=0x000002ac656b23a3 sp=0x000000d0da9fde28 mode 2
Event: 61.233 Thread 0x000002ac7a2a01d0 Uncommon trap: trap_request=0xffffffd6 fr.pc=0x000002ac66611a94 relative=0x0000000000000754
Event: 61.233 Thread 0x000002ac7a2a01d0 Uncommon trap: reason=array_check action=maybe_recompile pc=0x000002ac66611a94 method=java.util.TimSort.binarySort([Ljava/lang/Object;IIILjava/util/Comparator;)V @ 215 c2
Event: 61.233 Thread 0x000002ac7a2a01d0 DEOPT PACKING pc=0x000002ac66611a94 sp=0x000000d0da3fdb40
Event: 61.233 Thread 0x000002ac7a2a01d0 DEOPT UNPACKING pc=0x000002ac656b23a3 sp=0x000000d0da3fdad8 mode 2
Event: 61.362 Thread 0x000002ac7a29f7b0 Uncommon trap: trap_request=0xffffff45 fr.pc=0x000002ac665916a8 relative=0x00000000000018e8
Event: 61.362 Thread 0x000002ac7a29f7b0 Uncommon trap: reason=unstable_if action=reinterpret pc=0x000002ac665916a8 method=java.util.concurrent.ConcurrentHashMap.addCount(JI)V @ 171 c2
Event: 61.362 Thread 0x000002ac7a29f7b0 DEOPT PACKING pc=0x000002ac665916a8 sp=0x000000d0d9cfe2b0
Event: 61.362 Thread 0x000002ac7a29f7b0 DEOPT UNPACKING pc=0x000002ac656b23a3 sp=0x000000d0d9cfe180 mode 2
Event: 61.362 Thread 0x000002ac7a29f7b0 Uncommon trap: trap_request=0xffffff45 fr.pc=0x000002ac65fa2934 relative=0x0000000000002094
Event: 61.362 Thread 0x000002ac7a29f7b0 Uncommon trap: reason=unstable_if action=reinterpret pc=0x000002ac65fa2934 method=java.util.concurrent.ConcurrentHashMap.transfer([Ljava/util/concurrent/ConcurrentHashMap$Node;[Ljava/util/concurrent/ConcurrentHashMap$Node;)V @ 34 c2
Event: 61.362 Thread 0x000002ac7a29f7b0 DEOPT PACKING pc=0x000002ac65fa2934 sp=0x000000d0d9cfe060
Event: 61.362 Thread 0x000002ac7a29f7b0 DEOPT UNPACKING pc=0x000002ac656b23a3 sp=0x000000d0d9cfe040 mode 2

Classes unloaded (0 events):
No events

Classes redefined (0 events):
No events

Internal exceptions (20 events):
Event: 59.319 Thread 0x000002ac7cf6cdd0 Exception <a 'sun/nio/fs/WindowsException'{0x0000000097ea23f0}> (0x0000000097ea23f0) 
thrown [s\open\src\hotspot\share\prims\jni.cpp, line 516]
Event: 59.326 Thread 0x000002ac7cf6ec30 Exception <a 'sun/nio/fs/WindowsException'{0x0000000097e6c180}> (0x0000000097e6c180) 
thrown [s\open\src\hotspot\share\prims\jni.cpp, line 516]
Event: 59.327 Thread 0x000002ac7cf6ec30 Exception <a 'sun/nio/fs/WindowsException'{0x0000000097e6e178}> (0x0000000097e6e178) 
thrown [s\open\src\hotspot\share\prims\jni.cpp, line 516]
Event: 59.330 Thread 0x000002ac7cf6d2e0 Exception <a 'sun/nio/fs/WindowsException'{0x0000000097e3ab00}> (0x0000000097e3ab00) 
thrown [s\open\src\hotspot\share\prims\jni.cpp, line 516]
Event: 59.330 Thread 0x000002ac7cf6d2e0 Exception <a 'sun/nio/fs/WindowsException'{0x0000000097ebf710}> (0x0000000097ebf710) 
thrown [s\open\src\hotspot\share\prims\jni.cpp, line 516]
Event: 59.333 Thread 0x000002ac7cf6cdd0 Exception <a 'sun/nio/fs/WindowsException'{0x0000000097ecbed0}> (0x0000000097ecbed0) 
thrown [s\open\src\hotspot\share\prims\jni.cpp, line 516]
Event: 59.333 Thread 0x000002ac7cf6cdd0 Exception <a 'sun/nio/fs/WindowsException'{0x0000000097ecde78}> (0x0000000097ecde78) 
thrown [s\open\src\hotspot\share\prims\jni.cpp, line 516]
Event: 59.338 Thread 0x000002ac7cf6d2e0 Exception <a 'sun/nio/fs/WindowsException'{0x0000000097edc468}> (0x0000000097edc468) 
thrown [s\open\src\hotspot\share\prims\jni.cpp, line 516]
Event: 59.339 Thread 0x000002ac7cf6d2e0 Exception <a 'sun/nio/fs/WindowsException'{0x0000000097ede478}> (0x0000000097ede478) 
thrown [s\open\src\hotspot\share\prims\jni.cpp, line 516]
Event: 59.347 Thread 0x000002ac7cf6d2e0 Exception <a 'sun/nio/fs/WindowsException'{0x0000000097ef0d80}> (0x0000000097ef0d80) 
thrown [s\open\src\hotspot\share\prims\jni.cpp, line 516]
Event: 59.347 Thread 0x000002ac7cf6d2e0 Exception <a 'sun/nio/fs/WindowsException'{0x0000000097ef2ce8}> (0x0000000097ef2ce8) 
thrown [s\open\src\hotspot\share\prims\jni.cpp, line 516]
Event: 59.352 Thread 0x000002ac7cf6d2e0 Exception <a 'sun/nio/fs/WindowsException'{0x0000000097d01b10}> (0x0000000097d01b10) 
thrown [s\open\src\hotspot\share\prims\jni.cpp, line 516]
Event: 59.354 Thread 0x000002ac7cf6d2e0 Exception <a 'sun/nio/fs/WindowsException'{0x0000000097d03b08}> (0x0000000097d03b08) 
thrown [s\open\src\hotspot\share\prims\jni.cpp, line 516]
Event: 59.363 Thread 0x000002ac7cf6d2e0 Exception <a 'sun/nio/fs/WindowsException'{0x0000000097d11f00}> (0x0000000097d11f00) 
thrown [s\open\src\hotspot\share\prims\jni.cpp, line 516]
Event: 59.363 Thread 0x000002ac7cf6d2e0 Exception <a 'sun/nio/fs/WindowsException'{0x0000000097d14110}> (0x0000000097d14110) 
thrown [s\open\src\hotspot\share\prims\jni.cpp, line 516]
Event: 59.366 Thread 0x000002ac7cf6d2e0 Exception <a 'sun/nio/fs/WindowsException'{0x0000000097d24c58}> (0x0000000097d24c58) 
thrown [s\open\src\hotspot\share\prims\jni.cpp, line 516]
Event: 59.366 Thread 0x000002ac7cf6d2e0 Exception <a 'sun/nio/fs/WindowsException'{0x0000000097d26d78}> (0x0000000097d26d78) 
thrown [s\open\src\hotspot\share\prims\jni.cpp, line 516]
Event: 59.367 Thread 0x000002ac7cf6d2e0 Exception <a 'sun/nio/fs/WindowsException'{0x0000000097d28ba8}> (0x0000000097d28ba8) 
thrown [s\open\src\hotspot\share\prims\jni.cpp, line 516]
Event: 59.367 Thread 0x000002ac7cf6d2e0 Exception <a 'sun/nio/fs/WindowsException'{0x0000000097d2ab18}> (0x0000000097d2ab18) 
thrown [s\open\src\hotspot\share\prims\jni.cpp, line 516]
Event: 59.436 Thread 0x000002ac7cf6d2e0 Exception <a 'java/lang/NoSuchMethodError'{0x0000000097d86a48}: static Lcom/android/build/api/variant/BuildConfigField;.<clinit>()V> (0x0000000097d86a48) 
thrown [s\open\src\hotspot\share\prims\jni.cpp, line 1107]

VM Operations (20 events):
Event: 58.853 Executing VM operation: HandshakeAllThreads
Event: 58.854 Executing VM operation: HandshakeAllThreads done
Event: 58.859 Executing VM operation: HandshakeAllThreads
Event: 58.860 Executing VM operation: HandshakeAllThreads done
Event: 58.981 Executing VM operation: HandshakeAllThreads
Event: 58.981 Executing VM operation: HandshakeAllThreads done
Event: 59.036 Executing VM operation: ICBufferFull
Event: 59.036 Executing VM operation: ICBufferFull done
Event: 59.251 Executing VM operation: G1CollectForAllocation
Event: 59.273 Executing VM operation: G1CollectForAllocation done
Event: 59.547 Executing VM operation: HandshakeAllThreads
Event: 59.548 Executing VM operation: HandshakeAllThreads done
Event: 59.802 Executing VM operation: ICBufferFull
Event: 59.807 Executing VM operation: ICBufferFull done
Event: 60.141 Executing VM operation: HandshakeAllThreads
Event: 60.141 Executing VM operation: HandshakeAllThreads done
Event: 60.551 Executing VM operation: G1CollectForAllocation
Event: 60.565 Executing VM operation: G1CollectForAllocation done
Event: 61.324 Executing VM operation: G1CollectForAllocation
Event: 61.335 Executing VM operation: G1CollectForAllocation done

Events (20 events):
Event: 59.429 loading class java/io/ObjectStreamClass$2
Event: 59.430 loading class java/io/ObjectStreamClass$2 done
Event: 59.433 loading class java/io/ObjectStreamClass$FieldReflectorKey
Event: 59.434 loading class java/io/ObjectStreamClass$FieldReflectorKey done
Event: 59.434 loading class java/io/ObjectStreamClass$FieldReflector
Event: 59.435 loading class java/io/ObjectStreamClass$FieldReflector done
Event: 59.435 loading class java/io/ObjectStreamClass$1
Event: 59.435 loading class java/io/ObjectStreamClass$1 done
Event: 59.435 loading class java/io/ObjectStreamClass$MemberSignature
Event: 59.435 loading class java/io/ObjectStreamClass$MemberSignature done
Event: 59.436 loading class java/io/ObjectStreamClass$3
Event: 59.436 loading class java/io/ObjectStreamClass$3 done
Event: 59.437 loading class java/io/ObjectStreamClass$4
Event: 59.437 loading class java/io/ObjectStreamClass$4 done
Event: 59.438 loading class java/io/ObjectStreamClass$5
Event: 59.438 loading class java/io/ObjectStreamClass$5 done
Event: 59.439 loading class java/io/ObjectStreamClass$ClassDataSlot
Event: 59.440 loading class java/io/ObjectStreamClass$ClassDataSlot done
Event: 59.440 loading class jdk/internal/reflect/UnsafeQualifiedStaticLongFieldAccessorImpl
Event: 59.442 loading class jdk/internal/reflect/UnsafeQualifiedStaticLongFieldAccessorImpl done


Dynamic libraries:
0x00007ff7c7d60000 - 0x00007ff7c7d70000 	C:\Program Files\Java\jdk-17\bin\java.exe
0x00007ffe20390000 - 0x00007ffe20588000 	C:\Windows\SYSTEM32\ntdll.dll
0x00007ffe1e740000 - 0x00007ffe1e7fd000 	C:\Windows\System32\KERNEL32.DLL
0x00007ffe1e020000 - 0x00007ffe1e316000 	C:\Windows\System32\KERNELBASE.dll
0x00007ffe1db20000 - 0x00007ffe1dc20000 	C:\Windows\System32\ucrtbase.dll
0x00007ffdfb950000 - 0x00007ffdfb96b000 	C:\Program Files\Java\jdk-17\bin\VCRUNTIME140.dll
0x00007ffe017c0000 - 0x00007ffe017d9000 	C:\Program Files\Java\jdk-17\bin\jli.dll
0x00007ffe1f8e0000 - 0x00007ffe1f990000 	C:\Windows\System32\ADVAPI32.dll
0x00007ffe20030000 - 0x00007ffe200ce000 	C:\Windows\System32\msvcrt.dll
0x00007ffe1e540000 - 0x00007ffe1e5e0000 	C:\Windows\System32\sechost.dll
0x00007ffe200d0000 - 0x00007ffe201f3000 	C:\Windows\System32\RPCRT4.dll
0x00007ffe1e320000 - 0x00007ffe1e347000 	C:\Windows\System32\bcrypt.dll
0x00007ffe1e9e0000 - 0x00007ffe1eb7f000 	C:\Windows\System32\USER32.dll
0x00007ffe1de30000 - 0x00007ffe1de52000 	C:\Windows\System32\win32u.dll
0x00007ffe1ebe0000 - 0x00007ffe1ec0b000 	C:\Windows\System32\GDI32.dll
0x00007ffe051b0000 - 0x00007ffe0544a000 	C:\Windows\WinSxS\amd64_microsoft.windows.common-controls_6595b64144ccf1df_6.0.19041.4355_none_60b8b9eb71f62e16\COMCTL32.dll
0x00007ffe1df00000 - 0x00007ffe1e017000 	C:\Windows\System32\gdi32full.dll
0x00007ffe1de60000 - 0x00007ffe1defd000 	C:\Windows\System32\msvcp_win.dll
0x00007ffe1d400000 - 0x00007ffe1d40a000 	C:\Windows\SYSTEM32\VERSION.dll
0x00007ffe1eb90000 - 0x00007ffe1ebc2000 	C:\Windows\System32\IMM32.DLL
0x0000000076ff0000 - 0x0000000076ffc000 	C:\Program Files (x86)\360\Total Security\safemon\SafeWrapper.dll
0x00007ffe0a2d0000 - 0x00007ffe0a2dc000 	C:\Program Files\Java\jdk-17\bin\vcruntime140_1.dll
0x00007ffdefd70000 - 0x00007ffdefdfe000 	C:\Program Files\Java\jdk-17\bin\msvcp140.dll
0x00007ffd4e700000 - 0x00007ffd4f2df000 	C:\Program Files\Java\jdk-17\bin\server\jvm.dll
0x00007ffe1f570000 - 0x00007ffe1f578000 	C:\Windows\System32\PSAPI.DLL
0x00007ffe0ba60000 - 0x00007ffe0ba87000 	C:\Windows\SYSTEM32\WINMM.dll
0x00007ffe06b40000 - 0x00007ffe06b49000 	C:\Windows\SYSTEM32\WSOCK32.dll
0x00007ffe202e0000 - 0x00007ffe2034b000 	C:\Windows\System32\WS2_32.dll
0x00007ffe1aa20000 - 0x00007ffe1aa32000 	C:\Windows\SYSTEM32\kernel.appcore.dll
0x00007ffe09020000 - 0x00007ffe0902a000 	C:\Program Files\Java\jdk-17\bin\jimage.dll
0x00007ffe1d180000 - 0x00007ffe1d364000 	C:\Windows\SYSTEM32\DBGHELP.DLL
0x00007ffe1d120000 - 0x00007ffe1d154000 	C:\Windows\SYSTEM32\dbgcore.DLL
0x00007ffe1da90000 - 0x00007ffe1db12000 	C:\Windows\System32\bcryptPrimitives.dll
0x00007ffdf0b30000 - 0x00007ffdf0b55000 	C:\Program Files\Java\jdk-17\bin\java.dll
0x00007ffdce920000 - 0x00007ffdce9f7000 	C:\Program Files\Java\jdk-17\bin\jsvml.dll
0x00007ffe1ecd0000 - 0x00007ffe1f43b000 	C:\Windows\System32\SHELL32.dll
0x00007ffe1ad30000 - 0x00007ffe1b4cd000 	C:\Windows\SYSTEM32\windows.storage.dll
0x00007ffe1f580000 - 0x00007ffe1f8d3000 	C:\Windows\System32\combase.dll
0x00007ffe1cc90000 - 0x00007ffe1ccbe000 	C:\Windows\SYSTEM32\Wldp.dll
0x00007ffe1e800000 - 0x00007ffe1e8cd000 	C:\Windows\System32\OLEAUT32.dll
0x00007ffe1e670000 - 0x00007ffe1e71d000 	C:\Windows\System32\SHCORE.dll
0x00007ffe1e8d0000 - 0x00007ffe1e925000 	C:\Windows\System32\shlwapi.dll
0x00007ffe1d970000 - 0x00007ffe1d994000 	C:\Windows\SYSTEM32\profapi.dll
0x00007ffdf9ab0000 - 0x00007ffdf9ac9000 	C:\Program Files\Java\jdk-17\bin\net.dll
0x00007ffe16680000 - 0x00007ffe1678a000 	C:\Windows\SYSTEM32\WINHTTP.dll
0x00007ffe1cb60000 - 0x00007ffe1cbca000 	C:\Windows\system32\mswsock.dll
0x00007ffdf90a0000 - 0x00007ffdf90b6000 	C:\Program Files\Java\jdk-17\bin\nio.dll
0x00007ffdf8ee0000 - 0x00007ffdf8ef8000 	C:\Program Files\Java\jdk-17\bin\zip.dll
0x00007ffe08f40000 - 0x00007ffe08f50000 	C:\Program Files\Java\jdk-17\bin\verify.dll
0x00007ffdf04b0000 - 0x00007ffdf04d7000 	C:\Users\Admin\.gradle\native\68d5fa5c4cc2d200863cafc0d521ce42e7d3e7ee720ec0a83991735586a16f82\windows-amd64\native-platform.dll
0x00007ffdcdd80000 - 0x00007ffdcdec4000 	C:\Users\Admin\.gradle\native\e376f236ea51e6404a007f0833ffe2c6e607c4080706a723a18a27aeea778392\windows-amd64\native-platform-file-events.dll
0x00007ffe083b0000 - 0x00007ffe083ba000 	C:\Program Files\Java\jdk-17\bin\management.dll
0x00007ffe07ff0000 - 0x00007ffe07ffb000 	C:\Program Files\Java\jdk-17\bin\management_ext.dll
0x00007ffe1d6e0000 - 0x00007ffe1d6f8000 	C:\Windows\SYSTEM32\CRYPTSP.dll
0x00007ffe1c370000 - 0x00007ffe1c3a4000 	C:\Windows\system32\rsaenh.dll
0x00007ffe1d920000 - 0x00007ffe1d94e000 	C:\Windows\SYSTEM32\USERENV.dll
0x00007ffe1cc50000 - 0x00007ffe1cc5c000 	C:\Windows\SYSTEM32\CRYPTBASE.dll
0x00007ffe1c6d0000 - 0x00007ffe1c70b000 	C:\Windows\SYSTEM32\IPHLPAPI.DLL
0x00007ffe1eb80000 - 0x00007ffe1eb88000 	C:\Windows\System32\NSI.dll
0x00007ffe17250000 - 0x00007ffe17267000 	C:\Windows\SYSTEM32\dhcpcsvc6.DLL
0x00007ffe17230000 - 0x00007ffe1724d000 	C:\Windows\SYSTEM32\dhcpcsvc.DLL
0x00007ffe1c710000 - 0x00007ffe1c7db000 	C:\Windows\SYSTEM32\DNSAPI.dll
0x00007ffe10cd0000 - 0x00007ffe10cde000 	C:\Program Files\Java\jdk-17\bin\sunmscapi.dll
0x00007ffe1dcd0000 - 0x00007ffe1de2e000 	C:\Windows\System32\CRYPT32.dll
0x00007ffe1cd00000 - 0x00007ffe1cd29000 	C:\Windows\SYSTEM32\ncrypt.dll
0x00007ffe1ccc0000 - 0x00007ffe1ccfb000 	C:\Windows\SYSTEM32\NTASN1.dll
0x00007ffe10cc0000 - 0x00007ffe10cc7000 	C:\Windows\system32\wshunix.dll
0x00007ffe13630000 - 0x00007ffe1363a000 	C:\Windows\System32\rasadhlp.dll
0x00007ffe136b0000 - 0x00007ffe13730000 	C:\Windows\System32\fwpuclnt.dll
0x00007ffe13b60000 - 0x00007ffe13b77000 	C:\Windows\system32\napinsp.dll
0x00007ffe13b40000 - 0x00007ffe13b5b000 	C:\Windows\system32\pnrpnsp.dll
0x00007ffdff5b0000 - 0x00007ffdff5c5000 	C:\Windows\system32\wshbth.dll
0x00007ffe18700000 - 0x00007ffe1871d000 	C:\Windows\system32\NLAapi.dll
0x00007ffe0c6b0000 - 0x00007ffe0c6c2000 	C:\Windows\System32\winrnr.dll

dbghelp: loaded successfully - version: 4.0.5 - missing functions: none
symbol engine: initialized successfully - sym options: 0x614 - pdb path: .;C:\Program Files\Java\jdk-17\bin;C:\Windows\SYSTEM32;C:\Windows\WinSxS\amd64_microsoft.windows.common-controls_6595b64144ccf1df_6.0.19041.4355_none_60b8b9eb71f62e16;C:\Program Files (x86)\360\Total Security\safemon;C:\Program Files\Java\jdk-17\bin\server;C:\Users\Admin\.gradle\native\68d5fa5c4cc2d200863cafc0d521ce42e7d3e7ee720ec0a83991735586a16f82\windows-amd64;C:\Users\Admin\.gradle\native\e376f236ea51e6404a007f0833ffe2c6e607c4080706a723a18a27aeea778392\windows-amd64

VM Arguments:
jvm_args: -XX:MaxMetaspaceSize=512m --add-opens=java.base/java.util=ALL-UNNAMED --add-opens=java.base/java.lang=ALL-UNNAMED --add-opens=java.base/java.lang.invoke=ALL-UNNAMED --add-opens=java.prefs/java.util.prefs=ALL-UNNAMED --add-opens=java.base/java.nio.charset=ALL-UNNAMED --add-opens=java.base/java.net=ALL-UNNAMED --add-opens=java.base/java.util.concurrent.atomic=ALL-UNNAMED -Xmx2048m -Dfile.encoding=windows-1252 -Duser.country=US -Duser.language=en -Duser.variant 
java_command: org.gradle.launcher.daemon.bootstrap.GradleDaemon 8.0.1
java_class_path (initial): C:\Users\Admin\.gradle\wrapper\dists\gradle-8.0.1-all\aro4hu1c3oeioove7l0i4i14o\gradle-8.0.1\lib\gradle-launcher-8.0.1.jar
Launcher Type: SUN_STANDARD

[Global flags]
     intx CICompilerCount                          = 3                                         {product} {ergonomic}
   size_t CompressedClassSpaceSize                 = 436207616                                 {product} {ergonomic}
     uint ConcGCThreads                            = 2                                         {product} {ergonomic}
     uint G1ConcRefinementThreads                  = 6                                         {product} {ergonomic}
   size_t G1HeapRegionSize                         = 1048576                                   {product} {ergonomic}
    uintx GCDrainStackTargetSize                   = 64                                        {product} {ergonomic}
   size_t InitialHeapSize                          = 132120576                                 {product} {ergonomic}
   size_t MarkStackSize                            = 4194304                                   {product} {ergonomic}
   size_t MaxHeapSize                              = 2147483648                                {product} {command line}
   size_t MaxMetaspaceSize                         = 536870912                                 {product} {command line}
   size_t MaxNewSize                               = 1287651328                                {product} {ergonomic}
   size_t MinHeapDeltaBytes                        = 1048576                                   {product} {ergonomic}
   size_t MinHeapSize                              = 8388608                                   {product} {ergonomic}
    uintx NonNMethodCodeHeapSize                   = 5832780                                {pd product} {ergonomic}
    uintx NonProfiledCodeHeapSize                  = 122912730                              {pd product} {ergonomic}
    uintx ProfiledCodeHeapSize                     = 122912730                              {pd product} {ergonomic}
    uintx ReservedCodeCacheSize                    = 251658240                              {pd product} {ergonomic}
     bool SegmentedCodeCache                       = true                                      {product} {ergonomic}
   size_t SoftMaxHeapSize                          = 2147483648                             {manageable} {ergonomic}
     bool UseCompressedClassPointers               = true                           {product lp64_product} {ergonomic}
     bool UseCompressedOops                        = true                           {product lp64_product} {ergonomic}
     bool UseG1GC                                  = true                                      {product} {ergonomic}
     bool UseLargePagesIndividualAllocation        = false                                  {pd product} {ergonomic}

Logging:
Log output configuration:
 #0: stdout all=warning uptime,level,tags
 #1: stderr all=off uptime,level,tags

Environment Variables:
JAVA_HOME=C:\Program Files\Java\jdk-17
CLASSPATH=E:\React Project\All Parking\Parking_Dual\android\\gradle\wrapper\gradle-wrapper.jar
PATH=E:\React Project\All Parking\Parking_Dual\node_modules\.bin;E:\React Project\All Parking\Parking_Dual\node_modules\.bin;E:\React Project\All Parking\node_modules\.bin;E:\React Project\node_modules\.bin;E:\node_modules\.bin;C:\Program Files\nodejs\node_modules\npm\node_modules\@npmcli\run-script\lib\node-gyp-bin;E:\React Project\All Parking\Parking_Dual\node_modules\.bin;E:\React Project\All Parking\node_modules\.bin;E:\React Project\node_modules\.bin;E:\node_modules\.bin;C:\Program Files\nodejs\node_modules\npm\node_modules\@npmcli\run-script\lib\node-gyp-bin;C:\Program Files\Common Files\Oracle\Java\javapath;C:\Python312\Scripts\;C:\Python312\;C:\Windows\system32;C:\Windows;C:\Windows\System32\Wbem;C:\Windows\System32\WindowsPowerShell\v1.0\;C:\Windows\System32\OpenSSH\;C:\ProgramData\chocolatey\bin;C:\Program Files\nodejs\;C:\Program Files\Git\cmd;C:\Program Files\Java\jdk-17\bin;C:\Users\Admin\AppData\Local\Android\Sdk\platform-tools;C:\Users\Admin\AppData\Local\Android\Sdk\build-tools\34.0.0;C:\Users\Admin\AppData\Local\Microsoft\WindowsApps;C:\Users\Admin\AppData\Local\Programs\Microsoft VS Code\bin;C:\Users\Admin\AppData\Roaming\npm;C:\Program Files\Java\jdk-17\bin;C:\Users\Admin\AppData\Local\Android\Sdk\platform-tools;C:\Users\Admin\AppData\Local\Android\Sdk\build-tools\34.0.0;
USERNAME=Admin
LANG=en_US.UTF-8
OS=Windows_NT
PROCESSOR_IDENTIFIER=Intel64 Family 6 Model 158 Stepping 10, GenuineIntel



---------------  S Y S T E M  ---------------

OS:
 Windows 10 , 64 bit Build 19041 (10.0.19041.3636)
OS uptime: 2 days 22:17 hours

CPU: total 6 (initial active 6) (6 cores per cpu, 1 threads per core) family 6 model 158 stepping 10 microcode 0xb4, cx8, cmov, fxsr, mmx, 3dnowpref, sse, sse2, sse3, ssse3, sse4.1, sse4.2, popcnt, lzcnt, tsc, tscinvbit, avx, avx2, aes, erms, clmul, bmi1, bmi2, adx, fma, vzeroupper, clflush, clflushopt

Memory: 4k page, system-wide physical 8054M (345M free)
TotalPageFile size 20342M (AvailPageFile size 0M)
current process WorkingSet (physical memory assigned to process): 401M, peak: 532M
current process commit charge ("private bytes"): 756M, peak: 764M

vm_info: Java HotSpot(TM) 64-Bit Server VM (17.0.10+11-LTS-240) for windows-amd64 JRE (17.0.10+11-LTS-240), built on Dec 19 2023 21:47:25 by "mach5one" with MS VC++ 17.1 (VS2022)

END.
