#
# There is insufficient memory for the Java Runtime Environment to continue.
# Native memory allocation (malloc) failed to allocate 1069776 bytes for Chunk::new
# Possible reasons:
#   The system is out of physical RAM or swap space
#   The process is running with CompressedOops enabled, and the Java Heap may be blocking the growth of the native heap
# Possible solutions:
#   Reduce memory load on the system
#   Increase physical memory or swap space
#   Check if swap backing store is full
#   Decrease Java heap size (-Xmx/-Xms)
#   Decrease number of Java threads
#   Decrease Java thread stack sizes (-Xss)
#   Set larger code cache with -XX:ReservedCodeCacheSize=
#   JVM is running with Unscaled Compressed Oops mode in which the Java heap is
#     placed in the first 4GB address space. The Java Heap base address is the
#     maximum limit for the native heap growth. Please use -XX:HeapBaseMinAddress
#     to set the Java Heap base and to place the Java Heap above 4GB virtual address.
# This output file may be truncated or incomplete.
#
#  Out of Memory Error (arena.cpp:189), pid=16004, tid=15604
#
# JRE version: Java(TM) SE Runtime Environment (17.0.10+11) (build 17.0.10+11-LTS-240)
# Java VM: Java HotSpot(TM) 64-Bit Server VM (17.0.10+11-LTS-240, mixed mode, sharing, tiered, compressed oops, compressed class ptrs, g1 gc, windows-amd64)
# No core dump will be written. Minidumps are not enabled by default on client versions of Windows
#

---------------  S U M M A R Y ------------

Command Line: -XX:MaxMetaspaceSize=512m --add-opens=java.base/java.util=ALL-UNNAMED --add-opens=java.base/java.lang=ALL-UNNAMED --add-opens=java.base/java.lang.invoke=ALL-UNNAMED --add-opens=java.prefs/java.util.prefs=ALL-UNNAMED --add-opens=java.base/java.nio.charset=ALL-UNNAMED --add-opens=java.base/java.net=ALL-UNNAMED --add-opens=java.base/java.util.concurrent.atomic=ALL-UNNAMED -Xmx2048m -Dfile.encoding=windows-1252 -Duser.country=US -Duser.language=en -Duser.variant org.gradle.launcher.daemon.bootstrap.GradleDaemon 8.0.1

Host: Intel(R) Core(TM) i5-8400 CPU @ 2.80GHz, 6 cores, 7G,  Windows 10 , 64 bit Build 19041 (10.0.19041.5072)
Time: Fri Nov 22 13:11:52 2024 India Standard Time elapsed time: 52.400956 seconds (0d 0h 0m 52s)

---------------  T H R E A D  ---------------

Current thread (0x000002646c9e69f0):  JavaThread "C2 CompilerThread0" daemon [_thread_in_native, id=15604, stack(0x0000008b07a00000,0x0000008b07b00000)]


Current CompileTask:
C2:  52401 24871       4       org.gradle.api.internal.artifacts.transform.AttributeMatchingVariantSelector::doSelect (365 bytes)

Stack: [0x0000008b07a00000,0x0000008b07b00000]
Native frames: (J=compiled Java code, j=interpreted, Vv=VM code, C=native code)
V  [jvm.dll+0x677a5a]
V  [jvm.dll+0x7d8b2d]
V  [jvm.dll+0x7da48e]
V  [jvm.dll+0x7daaf3]
V  [jvm.dll+0x2455ff]
V  [jvm.dll+0xaaafb]
V  [jvm.dll+0xab09c]
V  [jvm.dll+0x2aafef]
V  [jvm.dll+0x57fd55]
V  [jvm.dll+0x220472]
V  [jvm.dll+0x22084f]
V  [jvm.dll+0x2197a6]
V  [jvm.dll+0x216c79]
V  [jvm.dll+0x1a3410]
V  [jvm.dll+0x226aeb]
V  [jvm.dll+0x224cab]
V  [jvm.dll+0x78e45c]
V  [jvm.dll+0x78888a]
V  [jvm.dll+0x676935]
C  [ucrtbase.dll+0x21bb2]
C  [KERNEL32.DLL+0x17374]
C  [ntdll.dll+0x4cc91]


---------------  P R O C E S S  ---------------

Threads class SMR info:
_java_thread_list=0x00000264773c26e0, length=123, elements={
0x000002644ec40750, 0x000002646c9c5a30, 0x000002646c9c67c0, 0x000002646c9d92b0,
0x000002646c9ddfb0, 0x000002646c9df020, 0x000002646c9e0090, 0x000002646c9e69f0,
0x000002646c9e7b50, 0x000002646c9fd3e0, 0x000002646cc2c510, 0x000002646cc39870,
0x0000026472dd2ab0, 0x0000026472364240, 0x0000026472c35540, 0x00000264728f2020,
0x00000264728f7730, 0x0000026471bc4e90, 0x0000026471bc2610, 0x0000026471bc2b20,
0x0000026471bc3f60, 0x0000026471bc2100, 0x0000026471bc3030, 0x0000026471bc3540,
0x0000026471bc58b0, 0x0000026471bc4980, 0x0000026471bc53a0, 0x0000026475cd20b0,
0x0000026475cd34f0, 0x0000026475cd5350, 0x0000026475cd5860, 0x0000026475cd2fe0,
0x0000026475cd4930, 0x0000026475ccfd40, 0x0000026475cd3a00, 0x0000026475cd6280,
0x0000026475cd4e40, 0x0000026475cd6ca0, 0x0000026475cd0250, 0x0000026475cd0c70,
0x0000026475cd4420, 0x0000026475cd1690, 0x0000026475cd1ba0, 0x0000026475cd25c0,
0x0000026475cd2ad0, 0x0000026472b2a2a0, 0x0000026472b27f30, 0x0000026472b2a7b0,
0x0000026472b29370, 0x0000026472b29d90, 0x0000026472b28440, 0x0000026472b27000,
0x0000026472b29880, 0x0000026472b27510, 0x0000026472b27a20, 0x0000026472b28950,
0x0000026472b28e60, 0x0000026472f13830, 0x0000026472f13d40, 0x0000026472f0e730,
0x0000026472f0ec40, 0x0000026472f123f0, 0x0000026472f114c0, 0x0000026472f11ee0,
0x0000026472f12900, 0x0000026472f12e10, 0x0000026472f13320, 0x0000026472f10080,
0x0000026472f0fb70, 0x0000026472f15690, 0x0000026472f14250, 0x0000026472f14760,
0x0000026472f10590, 0x0000026472f14c70, 0x0000026472f0f150, 0x0000026472f15180,
0x0000026472f10aa0, 0x0000026472f15ba0, 0x0000026472f10fb0, 0x000002647374fa80,
0x0000026473753740, 0x0000026473754670, 0x000002647374f060, 0x000002647374f570,
0x0000026473753c50, 0x0000026473751df0, 0x0000026473752d20, 0x000002647374ff90,
0x0000026473755fc0, 0x0000026473752810, 0x0000026473753230, 0x00000264737564d0,
0x00000264737513d0, 0x0000026473754160, 0x00000264737504a0, 0x00000264737509b0,
0x00000264737569e0, 0x0000026473750ec0, 0x00000264737518e0, 0x0000026473754b80,
0x0000026473755090, 0x00000264737555a0, 0x0000026473752300, 0x0000026473755ab0,
0x000002647591cca0, 0x0000026475916760, 0x0000026475917180, 0x000002647591c790,
0x00000264759185c0, 0x0000026475919f10, 0x000002647591b860, 0x0000026475cd5d70,
0x0000026475cd71b0, 0x0000026471bc3a50, 0x000002646ce61fc0, 0x000002646ce5d3d0,
0x000002646ce5c9b0, 0x000002646ce5ba80, 0x000002646ce5d8e0, 0x000002646ce5e300,
0x000002646ce5ed20, 0x000002646ce60160, 0x0000026475919a00
}

Java Threads: ( => current thread )
  0x000002644ec40750 JavaThread "main" [_thread_blocked, id=22128, stack(0x0000008b06d00000,0x0000008b06e00000)]
  0x000002646c9c5a30 JavaThread "Reference Handler" daemon [_thread_blocked, id=688, stack(0x0000008b07400000,0x0000008b07500000)]
  0x000002646c9c67c0 JavaThread "Finalizer" daemon [_thread_blocked, id=10892, stack(0x0000008b07500000,0x0000008b07600000)]
  0x000002646c9d92b0 JavaThread "Signal Dispatcher" daemon [_thread_blocked, id=18828, stack(0x0000008b07600000,0x0000008b07700000)]
  0x000002646c9ddfb0 JavaThread "Attach Listener" daemon [_thread_blocked, id=5008, stack(0x0000008b07700000,0x0000008b07800000)]
  0x000002646c9df020 JavaThread "Service Thread" daemon [_thread_blocked, id=7264, stack(0x0000008b07800000,0x0000008b07900000)]
  0x000002646c9e0090 JavaThread "Monitor Deflation Thread" daemon [_thread_blocked, id=14872, stack(0x0000008b07900000,0x0000008b07a00000)]
=>0x000002646c9e69f0 JavaThread "C2 CompilerThread0" daemon [_thread_in_native, id=15604, stack(0x0000008b07a00000,0x0000008b07b00000)]
  0x000002646c9e7b50 JavaThread "C1 CompilerThread0" daemon [_thread_blocked, id=17388, stack(0x0000008b07b00000,0x0000008b07c00000)]
  0x000002646c9fd3e0 JavaThread "Sweeper thread" daemon [_thread_blocked, id=19176, stack(0x0000008b07c00000,0x0000008b07d00000)]
  0x000002646cc2c510 JavaThread "Common-Cleaner" daemon [_thread_blocked, id=17560, stack(0x0000008b07d00000,0x0000008b07e00000)]
  0x000002646cc39870 JavaThread "Notification Thread" daemon [_thread_blocked, id=9140, stack(0x0000008b07e00000,0x0000008b07f00000)]
  0x0000026472dd2ab0 JavaThread "Daemon health stats" [_thread_blocked, id=10456, stack(0x0000008b08500000,0x0000008b08600000)]
  0x0000026472364240 JavaThread "Incoming local TCP Connector on port 55649" [_thread_in_native, id=15380, stack(0x0000008b08600000,0x0000008b08700000)]
  0x0000026472c35540 JavaThread "Daemon periodic checks" [_thread_blocked, id=5652, stack(0x0000008b08700000,0x0000008b08800000)]
  0x00000264728f2020 JavaThread "Daemon" [_thread_blocked, id=9284, stack(0x0000008b08800000,0x0000008b08900000)]
  0x00000264728f7730 JavaThread "Handler for socket connection from /127.0.0.1:55649 to /127.0.0.1:55650" [_thread_in_native, id=3972, stack(0x0000008b08900000,0x0000008b08a00000)]
  0x0000026471bc4e90 JavaThread "Cancel handler" [_thread_blocked, id=3052, stack(0x0000008b08a00000,0x0000008b08b00000)]
  0x0000026471bc2610 JavaThread "Daemon worker" [_thread_blocked, id=7356, stack(0x0000008b08b00000,0x0000008b08c00000)]
  0x0000026471bc2b20 JavaThread "Asynchronous log dispatcher for DefaultDaemonConnection: socket connection from /127.0.0.1:55649 to /127.0.0.1:55650" [_thread_blocked, id=11004, stack(0x0000008b08c00000,0x0000008b08d00000)]
  0x0000026471bc3f60 JavaThread "Stdin handler" [_thread_blocked, id=12536, stack(0x0000008b08d00000,0x0000008b08e00000)]
  0x0000026471bc2100 JavaThread "Daemon client event forwarder" [_thread_blocked, id=10700, stack(0x0000008b08e00000,0x0000008b08f00000)]
  0x0000026471bc3030 JavaThread "Cache worker for journal cache (C:\Users\Admin\.gradle\caches\journal-1)" [_thread_blocked, id=8392, stack(0x0000008b08f00000,0x0000008b09000000)]
  0x0000026471bc3540 JavaThread "File lock request listener" [_thread_in_native, id=14400, stack(0x0000008b09000000,0x0000008b09100000)]
  0x0000026471bc58b0 JavaThread "Cache worker for file hash cache (C:\Users\Admin\.gradle\caches\8.0.1\fileHashes)" [_thread_blocked, id=13708, stack(0x0000008b09100000,0x0000008b09200000)]
  0x0000026471bc4980 JavaThread "File watcher server" daemon [_thread_in_native, id=12408, stack(0x0000008b09300000,0x0000008b09400000)]
  0x0000026471bc53a0 JavaThread "File watcher consumer" daemon [_thread_blocked, id=19612, stack(0x0000008b09400000,0x0000008b09500000)]
  0x0000026475cd20b0 JavaThread "Cache worker for checksums cache (E:\React Native\All Parking\Parking_Dual\android\.gradle\8.0.1\checksums)" [_thread_blocked, id=10264, stack(0x0000008b09500000,0x0000008b09600000)]
  0x0000026475cd34f0 JavaThread "Cache worker for cache directory md-rule (C:\Users\Admin\.gradle\caches\8.0.1\md-rule)" [_thread_blocked, id=17472, stack(0x0000008b09600000,0x0000008b09700000)]
  0x0000026475cd5350 JavaThread "Cache worker for file content cache (C:\Users\Admin\.gradle\caches\8.0.1\fileContent)" [_thread_blocked, id=12732, stack(0x0000008b09700000,0x0000008b09800000)]
  0x0000026475cd5860 JavaThread "Cache worker for file hash cache (E:\React Native\All Parking\Parking_Dual\android\.gradle\8.0.1\fileHashes)" [_thread_blocked, id=13780, stack(0x0000008b09800000,0x0000008b09900000)]
  0x0000026475cd2fe0 JavaThread "Cache worker for cache directory md-supplier (C:\Users\Admin\.gradle\caches\8.0.1\md-supplier)" [_thread_blocked, id=13300, stack(0x0000008b09900000,0x0000008b09a00000)]
  0x0000026475cd4930 JavaThread "Cache worker for execution history cache (C:\Users\Admin\.gradle\caches\8.0.1\executionHistory)" [_thread_blocked, id=9672, stack(0x0000008b09c00000,0x0000008b09d00000)]
  0x0000026475ccfd40 JavaThread "jar transforms" [_thread_blocked, id=9820, stack(0x0000008b09d00000,0x0000008b09e00000)]
  0x0000026475cd3a00 JavaThread "jar transforms Thread 2" [_thread_blocked, id=16876, stack(0x0000008b09e00000,0x0000008b09f00000)]
  0x0000026475cd6280 JavaThread "jar transforms Thread 3" [_thread_blocked, id=13128, stack(0x0000008b09f00000,0x0000008b0a000000)]
  0x0000026475cd4e40 JavaThread "jar transforms Thread 4" [_thread_blocked, id=19040, stack(0x0000008b0a000000,0x0000008b0a100000)]
  0x0000026475cd6ca0 JavaThread "Cache worker for kotlin-dsl (C:\Users\Admin\.gradle\caches\8.0.1\kotlin-dsl)" [_thread_blocked, id=16640, stack(0x0000008b0a100000,0x0000008b0a200000)]
  0x0000026475cd0250 JavaThread "jar transforms Thread 5" [_thread_blocked, id=22164, stack(0x0000008b0a200000,0x0000008b0a300000)]
  0x0000026475cd0c70 JavaThread "jar transforms Thread 6" [_thread_blocked, id=12168, stack(0x0000008b0a300000,0x0000008b0a400000)]
  0x0000026475cd4420 JavaThread "Cache worker for dependencies-accessors (E:\React Native\All Parking\Parking_Dual\android\.gradle\8.0.1\dependencies-accessors)" [_thread_blocked, id=12296, stack(0x0000008b0a400000,0x0000008b0a500000)]
  0x0000026475cd1690 JavaThread "Cache worker for Build Output Cleanup Cache (E:\React Native\All Parking\Parking_Dual\node_modules\@react-native\gradle-plugin\.gradle\buildOutputCleanup)" [_thread_blocked, id=14204, stack(0x0000008b0a500000,0x0000008b0a600000)]
  0x0000026475cd1ba0 JavaThread "Unconstrained build operations" [_thread_blocked, id=17852, stack(0x0000008b0a600000,0x0000008b0a700000)]
  0x0000026475cd25c0 JavaThread "Unconstrained build operations Thread 2" [_thread_blocked, id=15548, stack(0x0000008b0a700000,0x0000008b0a800000)]
  0x0000026475cd2ad0 JavaThread "Unconstrained build operations Thread 3" [_thread_blocked, id=2584, stack(0x0000008b0a800000,0x0000008b0a900000)]
  0x0000026472b2a2a0 JavaThread "Unconstrained build operations Thread 4" [_thread_blocked, id=20300, stack(0x0000008b0a900000,0x0000008b0aa00000)]
  0x0000026472b27f30 JavaThread "Unconstrained build operations Thread 5" [_thread_blocked, id=7888, stack(0x0000008b0aa00000,0x0000008b0ab00000)]
  0x0000026472b2a7b0 JavaThread "Unconstrained build operations Thread 6" [_thread_blocked, id=9960, stack(0x0000008b0ab00000,0x0000008b0ac00000)]
  0x0000026472b29370 JavaThread "Unconstrained build operations Thread 7" [_thread_blocked, id=7416, stack(0x0000008b0ac00000,0x0000008b0ad00000)]
  0x0000026472b29d90 JavaThread "Unconstrained build operations Thread 8" [_thread_blocked, id=16220, stack(0x0000008b0ad00000,0x0000008b0ae00000)]
  0x0000026472b28440 JavaThread "Unconstrained build operations Thread 9" [_thread_blocked, id=19604, stack(0x0000008b0ae00000,0x0000008b0af00000)]
  0x0000026472b27000 JavaThread "Unconstrained build operations Thread 10" [_thread_blocked, id=15052, stack(0x0000008b0af00000,0x0000008b0b000000)]
  0x0000026472b29880 JavaThread "Unconstrained build operations Thread 11" [_thread_blocked, id=12356, stack(0x0000008b0b000000,0x0000008b0b100000)]
  0x0000026472b27510 JavaThread "Unconstrained build operations Thread 12" [_thread_blocked, id=16348, stack(0x0000008b0b100000,0x0000008b0b200000)]
  0x0000026472b27a20 JavaThread "Unconstrained build operations Thread 13" [_thread_blocked, id=11452, stack(0x0000008b0b200000,0x0000008b0b300000)]
  0x0000026472b28950 JavaThread "Unconstrained build operations Thread 14" [_thread_blocked, id=11436, stack(0x0000008b0b300000,0x0000008b0b400000)]
  0x0000026472b28e60 JavaThread "Unconstrained build operations Thread 15" [_thread_blocked, id=9236, stack(0x0000008b0b400000,0x0000008b0b500000)]
  0x0000026472f13830 JavaThread "Unconstrained build operations Thread 16" [_thread_blocked, id=18992, stack(0x0000008b0b500000,0x0000008b0b600000)]
  0x0000026472f13d40 JavaThread "Unconstrained build operations Thread 17" [_thread_blocked, id=20580, stack(0x0000008b0b600000,0x0000008b0b700000)]
  0x0000026472f0e730 JavaThread "Unconstrained build operations Thread 18" [_thread_blocked, id=5504, stack(0x0000008b0b700000,0x0000008b0b800000)]
  0x0000026472f0ec40 JavaThread "Unconstrained build operations Thread 19" [_thread_blocked, id=16112, stack(0x0000008b0b800000,0x0000008b0b900000)]
  0x0000026472f123f0 JavaThread "Unconstrained build operations Thread 20" [_thread_blocked, id=6652, stack(0x0000008b0b900000,0x0000008b0ba00000)]
  0x0000026472f114c0 JavaThread "Unconstrained build operations Thread 21" [_thread_blocked, id=4200, stack(0x0000008b0ba00000,0x0000008b0bb00000)]
  0x0000026472f11ee0 JavaThread "Unconstrained build operations Thread 22" [_thread_blocked, id=9824, stack(0x0000008b0bb00000,0x0000008b0bc00000)]
  0x0000026472f12900 JavaThread "Unconstrained build operations Thread 23" [_thread_blocked, id=11092, stack(0x0000008b0bc00000,0x0000008b0bd00000)]
  0x0000026472f12e10 JavaThread "Unconstrained build operations Thread 24" [_thread_blocked, id=7272, stack(0x0000008b0bd00000,0x0000008b0be00000)]
  0x0000026472f13320 JavaThread "Unconstrained build operations Thread 25" [_thread_blocked, id=12308, stack(0x0000008b0be00000,0x0000008b0bf00000)]
  0x0000026472f10080 JavaThread "Unconstrained build operations Thread 26" [_thread_blocked, id=11272, stack(0x0000008b0bf00000,0x0000008b0c000000)]
  0x0000026472f0fb70 JavaThread "Memory manager" [_thread_blocked, id=15484, stack(0x0000008b0c000000,0x0000008b0c100000)]
  0x0000026472f15690 JavaThread "Cache worker for Build Output Cleanup Cache (E:\React Native\All Parking\Parking_Dual\android\.gradle\buildOutputCleanup)" [_thread_blocked, id=9264, stack(0x0000008b0c100000,0x0000008b0c200000)]
  0x0000026472f14250 JavaThread "included builds" [_thread_blocked, id=2128, stack(0x0000008b0c200000,0x0000008b0c300000)]
  0x0000026472f14760 JavaThread "Execution worker" [_thread_blocked, id=8048, stack(0x0000008b0c300000,0x0000008b0c400000)]
  0x0000026472f10590 JavaThread "Execution worker Thread 2" [_thread_blocked, id=20208, stack(0x0000008b0c400000,0x0000008b0c500000)]
  0x0000026472f14c70 JavaThread "Execution worker Thread 3" [_thread_blocked, id=9680, stack(0x0000008b0c500000,0x0000008b0c600000)]
  0x0000026472f0f150 JavaThread "Execution worker Thread 4" [_thread_in_vm, id=15492, stack(0x0000008b0c600000,0x0000008b0c700000)]
  0x0000026472f15180 JavaThread "Execution worker Thread 5" [_thread_blocked, id=4700, stack(0x0000008b0c700000,0x0000008b0c800000)]
  0x0000026472f10aa0 JavaThread "Cache worker for execution history cache (E:\React Native\All Parking\Parking_Dual\node_modules\@react-native\gradle-plugin\.gradle\8.0.1\executionHistory)" [_thread_blocked, id=13944, stack(0x0000008b0c800000,0x0000008b0c900000)]
  0x0000026472f15ba0 JavaThread "Unconstrained build operations Thread 27" [_thread_blocked, id=12260, stack(0x0000008b0c900000,0x0000008b0ca00000)]
  0x0000026472f10fb0 JavaThread "Unconstrained build operations Thread 28" [_thread_blocked, id=10072, stack(0x0000008b0ca00000,0x0000008b0cb00000)]
  0x000002647374fa80 JavaThread "Unconstrained build operations Thread 29" [_thread_blocked, id=7248, stack(0x0000008b0cb00000,0x0000008b0cc00000)]
  0x0000026473753740 JavaThread "Unconstrained build operations Thread 30" [_thread_blocked, id=9396, stack(0x0000008b0cc00000,0x0000008b0cd00000)]
  0x0000026473754670 JavaThread "Unconstrained build operations Thread 31" [_thread_blocked, id=20652, stack(0x0000008b0cd00000,0x0000008b0ce00000)]
  0x000002647374f060 JavaThread "Unconstrained build operations Thread 32" [_thread_blocked, id=12588, stack(0x0000008b0ce00000,0x0000008b0cf00000)]
  0x000002647374f570 JavaThread "Unconstrained build operations Thread 33" [_thread_blocked, id=17700, stack(0x0000008b0cf00000,0x0000008b0d000000)]
  0x0000026473753c50 JavaThread "Unconstrained build operations Thread 34" [_thread_blocked, id=3716, stack(0x0000008b0d000000,0x0000008b0d100000)]
  0x0000026473751df0 JavaThread "Unconstrained build operations Thread 35" [_thread_blocked, id=5932, stack(0x0000008b0d100000,0x0000008b0d200000)]
  0x0000026473752d20 JavaThread "Unconstrained build operations Thread 36" [_thread_blocked, id=16780, stack(0x0000008b0d200000,0x0000008b0d300000)]
  0x000002647374ff90 JavaThread "Unconstrained build operations Thread 37" [_thread_blocked, id=2432, stack(0x0000008b0d300000,0x0000008b0d400000)]
  0x0000026473755fc0 JavaThread "Unconstrained build operations Thread 38" [_thread_blocked, id=1064, stack(0x0000008b0d400000,0x0000008b0d500000)]
  0x0000026473752810 JavaThread "Unconstrained build operations Thread 39" [_thread_blocked, id=13212, stack(0x0000008b0d500000,0x0000008b0d600000)]
  0x0000026473753230 JavaThread "Unconstrained build operations Thread 40" [_thread_blocked, id=10124, stack(0x0000008b0d600000,0x0000008b0d700000)]
  0x00000264737564d0 JavaThread "Unconstrained build operations Thread 41" [_thread_blocked, id=20084, stack(0x0000008b0d700000,0x0000008b0d800000)]
  0x00000264737513d0 JavaThread "Unconstrained build operations Thread 42" [_thread_blocked, id=7736, stack(0x0000008b0d800000,0x0000008b0d900000)]
  0x0000026473754160 JavaThread "Unconstrained build operations Thread 43" [_thread_blocked, id=6408, stack(0x0000008b0d900000,0x0000008b0da00000)]
  0x00000264737504a0 JavaThread "Unconstrained build operations Thread 44" [_thread_blocked, id=19560, stack(0x0000008b0da00000,0x0000008b0db00000)]
  0x00000264737509b0 JavaThread "Unconstrained build operations Thread 45" [_thread_blocked, id=12192, stack(0x0000008b0db00000,0x0000008b0dc00000)]
  0x00000264737569e0 JavaThread "Unconstrained build operations Thread 46" [_thread_blocked, id=12996, stack(0x0000008b0dc00000,0x0000008b0dd00000)]
  0x0000026473750ec0 JavaThread "Unconstrained build operations Thread 47" [_thread_blocked, id=3964, stack(0x0000008b0dd00000,0x0000008b0de00000)]
  0x00000264737518e0 JavaThread "Unconstrained build operations Thread 48" [_thread_blocked, id=1852, stack(0x0000008b0de00000,0x0000008b0df00000)]
  0x0000026473754b80 JavaThread "Unconstrained build operations Thread 49" [_thread_blocked, id=1592, stack(0x0000008b0df00000,0x0000008b0e000000)]
  0x0000026473755090 JavaThread "Unconstrained build operations Thread 50" [_thread_blocked, id=15664, stack(0x0000008b0e000000,0x0000008b0e100000)]
  0x00000264737555a0 JavaThread "Unconstrained build operations Thread 51" [_thread_blocked, id=9640, stack(0x0000008b0e100000,0x0000008b0e200000)]
  0x0000026473752300 JavaThread "Unconstrained build operations Thread 52" [_thread_blocked, id=7816, stack(0x0000008b0e200000,0x0000008b0e300000)]
  0x0000026473755ab0 JavaThread "Unconstrained build operations Thread 53" [_thread_blocked, id=8268, stack(0x0000008b0e300000,0x0000008b0e400000)]
  0x000002647591cca0 JavaThread "Unconstrained build operations Thread 54" [_thread_blocked, id=19524, stack(0x0000008b0e400000,0x0000008b0e500000)]
  0x0000026475916760 JavaThread "Unconstrained build operations Thread 55" [_thread_blocked, id=12028, stack(0x0000008b0e500000,0x0000008b0e600000)]
  0x0000026475917180 JavaThread "Unconstrained build operations Thread 56" [_thread_blocked, id=8408, stack(0x0000008b0e600000,0x0000008b0e700000)]
  0x000002647591c790 JavaThread "Unconstrained build operations Thread 57" [_thread_blocked, id=11404, stack(0x0000008b0e700000,0x0000008b0e800000)]
  0x00000264759185c0 JavaThread "Unconstrained build operations Thread 58" [_thread_blocked, id=10464, stack(0x0000008b0e800000,0x0000008b0e900000)]
  0x0000026475919f10 JavaThread "Unconstrained build operations Thread 59" [_thread_blocked, id=19732, stack(0x0000008b0e900000,0x0000008b0ea00000)]
  0x000002647591b860 JavaThread "Unconstrained build operations Thread 60" [_thread_blocked, id=15412, stack(0x0000008b0ea00000,0x0000008b0eb00000)]
  0x0000026475cd5d70 JavaThread "Cache worker for execution history cache (E:\React Native\All Parking\Parking_Dual\android\.gradle\8.0.1\executionHistory)" [_thread_blocked, id=12564, stack(0x0000008b0ed00000,0x0000008b0ee00000)]
  0x0000026475cd71b0 JavaThread "WorkerExecutor Queue" [_thread_blocked, id=22096, stack(0x0000008b0ee00000,0x0000008b0ef00000)]
  0x0000026471bc3a50 JavaThread "WorkerExecutor Queue Thread 2" [_thread_blocked, id=9688, stack(0x0000008b0ef00000,0x0000008b0f000000)]
  0x000002646ce61fc0 JavaThread "WorkerExecutor Queue Thread 4" [_thread_blocked, id=8864, stack(0x0000008b0f100000,0x0000008b0f200000)]
  0x000002646ce5d3d0 JavaThread "WorkerExecutor Queue Thread 5" [_thread_blocked, id=1236, stack(0x0000008b0f200000,0x0000008b0f300000)]
  0x000002646ce5c9b0 JavaThread "WorkerExecutor Queue Thread 6" [_thread_blocked, id=9572, stack(0x0000008b0f300000,0x0000008b0f400000)]
  0x000002646ce5ba80 JavaThread "WorkerExecutor Queue Thread 7" [_thread_blocked, id=10180, stack(0x0000008b0f400000,0x0000008b0f500000)]
  0x000002646ce5d8e0 JavaThread "Thread-104" [_thread_in_native, id=12292, stack(0x0000008b0f500000,0x0000008b0f600000)]
  0x000002646ce5e300 JavaThread "pool-3-thread-1" [_thread_blocked, id=17592, stack(0x0000008b0f000000,0x0000008b0f100000)]
  0x000002646ce5ed20 JavaThread "Cache worker for Java compile cache (C:\Users\Admin\.gradle\caches\8.0.1\javaCompile)" [_thread_blocked, id=20280, stack(0x0000008b0f600000,0x0000008b0f700000)]
  0x000002646ce60160 JavaThread "stderr" [_thread_in_native, id=7340, stack(0x0000008b0f700000,0x0000008b0f800000)]
  0x0000026475919a00 JavaThread "stdout" [_thread_in_native, id=14832, stack(0x0000008b0f800000,0x0000008b0f900000)]

Other Threads:
  0x000002646c9bfeb0 VMThread "VM Thread" [stack: 0x0000008b07300000,0x0000008b07400000] [id=8068]
  0x000002646cc39d50 WatcherThread [stack: 0x0000008b07f00000,0x0000008b08000000] [id=9840]
  0x000002644ec986d0 GCTaskThread "GC Thread#0" [stack: 0x0000008b06e00000,0x0000008b06f00000] [id=21604]
  0x0000026471e968e0 GCTaskThread "GC Thread#1" [stack: 0x0000008b08100000,0x0000008b08200000] [id=11924]
  0x0000026471e96ba0 GCTaskThread "GC Thread#2" [stack: 0x0000008b08200000,0x0000008b08300000] [id=9984]
  0x000002647186ca10 GCTaskThread "GC Thread#3" [stack: 0x0000008b08300000,0x0000008b08400000] [id=7884]
  0x00000264718e1040 GCTaskThread "GC Thread#4" [stack: 0x0000008b08400000,0x0000008b08500000] [id=13676]
  0x000002647478ec50 GCTaskThread "GC Thread#5" [stack: 0x0000008b09200000,0x0000008b09300000] [id=15848]
  0x000002644eca9530 ConcurrentGCThread "G1 Main Marker" [stack: 0x0000008b06f00000,0x0000008b07000000] [id=9332]
  0x000002644ecaa5f0 ConcurrentGCThread "G1 Conc#0" [stack: 0x0000008b07000000,0x0000008b07100000] [id=1860]
  0x00000264734775f0 ConcurrentGCThread "G1 Conc#1" [stack: 0x0000008b09a00000,0x0000008b09b00000] [id=14032]
  0x000002646c8800a0 ConcurrentGCThread "G1 Refine#0" [stack: 0x0000008b07100000,0x0000008b07200000] [id=20236]
  0x0000026474818030 ConcurrentGCThread "G1 Refine#1" [stack: 0x0000008b09b00000,0x0000008b09c00000] [id=22160]
  0x000002646ccee460 ConcurrentGCThread "G1 Refine#2" [stack: 0x0000008b08000000,0x0000008b08100000] [id=9724]
  0x000002646c8808e0 ConcurrentGCThread "G1 Service" [stack: 0x0000008b07200000,0x0000008b07300000] [id=22396]

Threads with active compile tasks:
C2 CompilerThread0    52495 24871       4       org.gradle.api.internal.artifacts.transform.AttributeMatchingVariantSelector::doSelect (365 bytes)

VM state: not at safepoint (normal execution)

VM Mutex/Monitor currently owned by a thread: None

Heap address: 0x0000000080000000, size: 2048 MB, Compressed Oops mode: 32-bit

CDS archive(s) mapped at: [0x0000026400000000-0x0000026400bd0000-0x0000026400bd0000), size 12386304, SharedBaseAddress: 0x0000026400000000, ArchiveRelocationMode: 1.
Compressed class space mapped at: 0x0000026401000000-0x000002641b000000, reserved size: 436207616
Narrow klass base: 0x0000026400000000, Narrow klass shift: 0, Narrow klass range: 0x100000000

GC Precious Log:
 CPUs: 6 total, 6 available
 Memory: 8054M
 Large Page Support: Disabled
 NUMA Support: Disabled
 Compressed Oops: Enabled (32-bit)
 Heap Region Size: 1M
 Heap Min Capacity: 8M
 Heap Initial Capacity: 126M
 Heap Max Capacity: 2G
 Pre-touch: Disabled
 Parallel Workers: 6
 Concurrent Workers: 2
 Concurrent Refinement Workers: 6
 Periodic GC: Disabled

Heap:
 garbage-first heap   total 521216K, used 356533K [0x0000000080000000, 0x0000000100000000)
  region size 1024K, 21 young (21504K), 12 survivors (12288K)
 Metaspace       used 129131K, committed 130944K, reserved 557056K
  class space    used 17127K, committed 17984K, reserved 425984K

Heap Regions: E=young(eden), S=young(survivor), O=old, HS=humongous(starts), HC=humongous(continues), CS=collection set, F=free, OA=open archive, CA=closed archive, TAMS=top-at-mark-start (previous, next)
|   0|0x0000000080000000, 0x0000000080100000, 0x0000000080100000|100%|HS|  |TAMS 0x0000000080100000, 0x0000000080000000| Complete 
|   1|0x0000000080100000, 0x0000000080200000, 0x0000000080200000|100%|HC|  |TAMS 0x0000000080200000, 0x0000000080100000| Complete 
|   2|0x0000000080200000, 0x0000000080300000, 0x0000000080300000|100%|HC|  |TAMS 0x0000000080300000, 0x0000000080200000| Complete 
|   3|0x0000000080300000, 0x0000000080400000, 0x0000000080400000|100%|HC|  |TAMS 0x0000000080400000, 0x0000000080300000| Complete 
|   4|0x0000000080400000, 0x0000000080500000, 0x0000000080500000|100%| O|  |TAMS 0x0000000080500000, 0x0000000080400000| Untracked 
|   5|0x0000000080500000, 0x0000000080600000, 0x0000000080600000|100%| O|  |TAMS 0x0000000080600000, 0x0000000080500000| Untracked 
|   6|0x0000000080600000, 0x0000000080700000, 0x0000000080700000|100%| O|  |TAMS 0x0000000080700000, 0x0000000080600000| Untracked 
|   7|0x0000000080700000, 0x0000000080800000, 0x0000000080800000|100%| O|  |TAMS 0x0000000080800000, 0x0000000080700000| Untracked 
|   8|0x0000000080800000, 0x0000000080900000, 0x0000000080900000|100%| O|  |TAMS 0x0000000080900000, 0x0000000080800000| Untracked 
|   9|0x0000000080900000, 0x0000000080a00000, 0x0000000080a00000|100%| O|  |TAMS 0x0000000080a00000, 0x0000000080900000| Untracked 
|  10|0x0000000080a00000, 0x0000000080b00000, 0x0000000080b00000|100%| O|  |TAMS 0x0000000080b00000, 0x0000000080a00000| Untracked 
|  11|0x0000000080b00000, 0x0000000080c00000, 0x0000000080c00000|100%| O|  |TAMS 0x0000000080c00000, 0x0000000080b00000| Untracked 
|  12|0x0000000080c00000, 0x0000000080d00000, 0x0000000080d00000|100%| O|  |TAMS 0x0000000080d00000, 0x0000000080c00000| Untracked 
|  13|0x0000000080d00000, 0x0000000080e00000, 0x0000000080e00000|100%| O|  |TAMS 0x0000000080e00000, 0x0000000080d00000| Untracked 
|  14|0x0000000080e00000, 0x0000000080f00000, 0x0000000080f00000|100%| O|  |TAMS 0x0000000080f00000, 0x0000000080e00000| Untracked 
|  15|0x0000000080f00000, 0x0000000081000000, 0x0000000081000000|100%| O|  |TAMS 0x0000000081000000, 0x0000000080f00000| Untracked 
|  16|0x0000000081000000, 0x0000000081100000, 0x0000000081100000|100%| O|  |TAMS 0x0000000081100000, 0x0000000081000000| Untracked 
|  17|0x0000000081100000, 0x0000000081200000, 0x0000000081200000|100%| O|  |TAMS 0x0000000081200000, 0x0000000081100000| Untracked 
|  18|0x0000000081200000, 0x0000000081300000, 0x0000000081300000|100%| O|  |TAMS 0x0000000081300000, 0x0000000081200000| Untracked 
|  19|0x0000000081300000, 0x0000000081400000, 0x0000000081400000|100%| O|  |TAMS 0x0000000081400000, 0x0000000081300000| Untracked 
|  20|0x0000000081400000, 0x0000000081500000, 0x0000000081500000|100%|HS|  |TAMS 0x0000000081500000, 0x0000000081400000| Complete 
|  21|0x0000000081500000, 0x0000000081600000, 0x0000000081600000|100%| O|  |TAMS 0x0000000081600000, 0x0000000081500000| Untracked 
|  22|0x0000000081600000, 0x0000000081700000, 0x0000000081700000|100%| O|  |TAMS 0x0000000081700000, 0x0000000081600000| Untracked 
|  23|0x0000000081700000, 0x0000000081800000, 0x0000000081800000|100%| O|  |TAMS 0x0000000081800000, 0x0000000081700000| Untracked 
|  24|0x0000000081800000, 0x0000000081900000, 0x0000000081900000|100%| O|  |TAMS 0x0000000081900000, 0x0000000081800000| Untracked 
|  25|0x0000000081900000, 0x0000000081a00000, 0x0000000081a00000|100%| O|  |TAMS 0x0000000081a00000, 0x0000000081900000| Untracked 
|  26|0x0000000081a00000, 0x0000000081b00000, 0x0000000081b00000|100%| O|  |TAMS 0x0000000081b00000, 0x0000000081a00000| Untracked 
|  27|0x0000000081b00000, 0x0000000081c00000, 0x0000000081c00000|100%| O|  |TAMS 0x0000000081c00000, 0x0000000081b00000| Untracked 
|  28|0x0000000081c00000, 0x0000000081d00000, 0x0000000081d00000|100%| O|  |TAMS 0x0000000081d00000, 0x0000000081c00000| Untracked 
|  29|0x0000000081d00000, 0x0000000081e00000, 0x0000000081e00000|100%|HS|  |TAMS 0x0000000081e00000, 0x0000000081d00000| Complete 
|  30|0x0000000081e00000, 0x0000000081f00000, 0x0000000081f00000|100%|HC|  |TAMS 0x0000000081f00000, 0x0000000081e00000| Complete 
|  31|0x0000000081f00000, 0x0000000082000000, 0x0000000082000000|100%| O|  |TAMS 0x0000000082000000, 0x0000000081f00000| Untracked 
|  32|0x0000000082000000, 0x0000000082100000, 0x0000000082100000|100%| O|  |TAMS 0x0000000082100000, 0x0000000082000000| Untracked 
|  33|0x0000000082100000, 0x0000000082200000, 0x0000000082200000|100%| O|  |TAMS 0x0000000082200000, 0x0000000082100000| Untracked 
|  34|0x0000000082200000, 0x0000000082300000, 0x0000000082300000|100%| O|  |TAMS 0x0000000082300000, 0x0000000082200000| Untracked 
|  35|0x0000000082300000, 0x0000000082400000, 0x0000000082400000|100%| O|  |TAMS 0x0000000082400000, 0x0000000082300000| Untracked 
|  36|0x0000000082400000, 0x0000000082500000, 0x0000000082500000|100%| O|  |TAMS 0x0000000082500000, 0x0000000082400000| Untracked 
|  37|0x0000000082500000, 0x0000000082600000, 0x0000000082600000|100%| O|  |TAMS 0x0000000082600000, 0x0000000082500000| Untracked 
|  38|0x0000000082600000, 0x0000000082700000, 0x0000000082700000|100%|HS|  |TAMS 0x0000000082700000, 0x0000000082600000| Complete 
|  39|0x0000000082700000, 0x0000000082800000, 0x0000000082800000|100%|HC|  |TAMS 0x0000000082800000, 0x0000000082700000| Complete 
|  40|0x0000000082800000, 0x0000000082900000, 0x0000000082900000|100%|HC|  |TAMS 0x0000000082900000, 0x0000000082800000| Complete 
|  41|0x0000000082900000, 0x0000000082a00000, 0x0000000082a00000|100%|HC|  |TAMS 0x0000000082a00000, 0x0000000082900000| Complete 
|  42|0x0000000082a00000, 0x0000000082b00000, 0x0000000082b00000|100%| O|  |TAMS 0x0000000082b00000, 0x0000000082a00000| Untracked 
|  43|0x0000000082b00000, 0x0000000082c00000, 0x0000000082c00000|100%| O|  |TAMS 0x0000000082c00000, 0x0000000082b00000| Untracked 
|  44|0x0000000082c00000, 0x0000000082d00000, 0x0000000082d00000|100%| O|  |TAMS 0x0000000082d00000, 0x0000000082c00000| Untracked 
|  45|0x0000000082d00000, 0x0000000082e00000, 0x0000000082e00000|100%| O|  |TAMS 0x0000000082e00000, 0x0000000082d00000| Untracked 
|  46|0x0000000082e00000, 0x0000000082f00000, 0x0000000082f00000|100%| O|  |TAMS 0x0000000082f00000, 0x0000000082e00000| Untracked 
|  47|0x0000000082f00000, 0x0000000083000000, 0x0000000083000000|100%| O|  |TAMS 0x0000000083000000, 0x0000000082f00000| Untracked 
|  48|0x0000000083000000, 0x0000000083100000, 0x0000000083100000|100%| O|  |TAMS 0x0000000083100000, 0x0000000083000000| Untracked 
|  49|0x0000000083100000, 0x0000000083200000, 0x0000000083200000|100%| O|  |TAMS 0x0000000083200000, 0x0000000083100000| Untracked 
|  50|0x0000000083200000, 0x0000000083300000, 0x0000000083300000|100%| O|  |TAMS 0x0000000083300000, 0x0000000083200000| Untracked 
|  51|0x0000000083300000, 0x0000000083400000, 0x0000000083400000|100%| O|  |TAMS 0x0000000083400000, 0x0000000083300000| Untracked 
|  52|0x0000000083400000, 0x0000000083500000, 0x0000000083500000|100%| O|  |TAMS 0x0000000083500000, 0x0000000083400000| Untracked 
|  53|0x0000000083500000, 0x0000000083600000, 0x0000000083600000|100%| O|  |TAMS 0x0000000083500000, 0x0000000083500000| Untracked 
|  54|0x0000000083600000, 0x0000000083700000, 0x0000000083700000|100%| O|  |TAMS 0x0000000083700000, 0x0000000083600000| Untracked 
|  55|0x0000000083700000, 0x0000000083800000, 0x0000000083800000|100%| O|  |TAMS 0x0000000083800000, 0x0000000083700000| Untracked 
|  56|0x0000000083800000, 0x0000000083900000, 0x0000000083900000|100%| O|  |TAMS 0x0000000083900000, 0x0000000083800000| Untracked 
|  57|0x0000000083900000, 0x0000000083a00000, 0x0000000083a00000|100%| O|  |TAMS 0x0000000083a00000, 0x0000000083900000| Untracked 
|  58|0x0000000083a00000, 0x0000000083b00000, 0x0000000083b00000|100%| O|  |TAMS 0x0000000083b00000, 0x0000000083a00000| Untracked 
|  59|0x0000000083b00000, 0x0000000083c00000, 0x0000000083c00000|100%| O|  |TAMS 0x0000000083c00000, 0x0000000083b00000| Untracked 
|  60|0x0000000083c00000, 0x0000000083d00000, 0x0000000083d00000|100%|HS|  |TAMS 0x0000000083d00000, 0x0000000083c00000| Complete 
|  61|0x0000000083d00000, 0x0000000083e00000, 0x0000000083e00000|100%| O|  |TAMS 0x0000000083e00000, 0x0000000083d00000| Untracked 
|  62|0x0000000083e00000, 0x0000000083f00000, 0x0000000083f00000|100%| O|  |TAMS 0x0000000083f00000, 0x0000000083e00000| Untracked 
|  63|0x0000000083f00000, 0x0000000084000000, 0x0000000084000000|100%| O|  |TAMS 0x0000000084000000, 0x0000000083f00000| Untracked 
|  64|0x0000000084000000, 0x0000000084100000, 0x0000000084100000|100%| O|  |TAMS 0x0000000084100000, 0x0000000084000000| Untracked 
|  65|0x0000000084100000, 0x0000000084200000, 0x0000000084200000|100%| O|  |TAMS 0x0000000084200000, 0x0000000084100000| Untracked 
|  66|0x0000000084200000, 0x0000000084300000, 0x0000000084300000|100%| O|  |TAMS 0x0000000084300000, 0x0000000084200000| Untracked 
|  67|0x0000000084300000, 0x0000000084400000, 0x0000000084400000|100%| O|  |TAMS 0x0000000084400000, 0x0000000084300000| Untracked 
|  68|0x0000000084400000, 0x0000000084500000, 0x0000000084500000|100%| O|  |TAMS 0x0000000084500000, 0x0000000084400000| Untracked 
|  69|0x0000000084500000, 0x0000000084600000, 0x0000000084600000|100%| O|  |TAMS 0x0000000084600000, 0x0000000084500000| Untracked 
|  70|0x0000000084600000, 0x0000000084700000, 0x0000000084700000|100%| O|  |TAMS 0x0000000084700000, 0x0000000084600000| Untracked 
|  71|0x0000000084700000, 0x0000000084800000, 0x0000000084800000|100%| O|  |TAMS 0x0000000084800000, 0x0000000084700000| Untracked 
|  72|0x0000000084800000, 0x0000000084900000, 0x0000000084900000|100%| O|  |TAMS 0x0000000084900000, 0x0000000084800000| Untracked 
|  73|0x0000000084900000, 0x0000000084a00000, 0x0000000084a00000|100%| O|  |TAMS 0x0000000084a00000, 0x0000000084900000| Untracked 
|  74|0x0000000084a00000, 0x0000000084b00000, 0x0000000084b00000|100%| O|  |TAMS 0x0000000084b00000, 0x0000000084a00000| Untracked 
|  75|0x0000000084b00000, 0x0000000084c00000, 0x0000000084c00000|100%| O|  |TAMS 0x0000000084c00000, 0x0000000084b00000| Untracked 
|  76|0x0000000084c00000, 0x0000000084d00000, 0x0000000084d00000|100%| O|  |TAMS 0x0000000084d00000, 0x0000000084c00000| Untracked 
|  77|0x0000000084d00000, 0x0000000084e00000, 0x0000000084e00000|100%| O|  |TAMS 0x0000000084e00000, 0x0000000084d00000| Untracked 
|  78|0x0000000084e00000, 0x0000000084f00000, 0x0000000084f00000|100%| O|  |TAMS 0x0000000084f00000, 0x0000000084e00000| Untracked 
|  79|0x0000000084f00000, 0x0000000085000000, 0x0000000085000000|100%| O|  |TAMS 0x0000000085000000, 0x0000000084f00000| Untracked 
|  80|0x0000000085000000, 0x0000000085100000, 0x0000000085100000|100%|HS|  |TAMS 0x0000000085100000, 0x0000000085000000| Complete 
|  81|0x0000000085100000, 0x0000000085200000, 0x0000000085200000|100%|HS|  |TAMS 0x0000000085200000, 0x0000000085100000| Complete 
|  82|0x0000000085200000, 0x0000000085300000, 0x0000000085300000|100%|HS|  |TAMS 0x0000000085300000, 0x0000000085200000| Complete 
|  83|0x0000000085300000, 0x0000000085400000, 0x0000000085400000|100%|HS|  |TAMS 0x0000000085400000, 0x0000000085300000| Complete 
|  84|0x0000000085400000, 0x0000000085500000, 0x0000000085500000|100%|HC|  |TAMS 0x0000000085500000, 0x0000000085400000| Complete 
|  85|0x0000000085500000, 0x0000000085600000, 0x0000000085600000|100%|HC|  |TAMS 0x0000000085600000, 0x0000000085500000| Complete 
|  86|0x0000000085600000, 0x0000000085700000, 0x0000000085700000|100%|HS|  |TAMS 0x0000000085700000, 0x0000000085600000| Complete 
|  87|0x0000000085700000, 0x0000000085800000, 0x0000000085800000|100%|HC|  |TAMS 0x0000000085800000, 0x0000000085700000| Complete 
|  88|0x0000000085800000, 0x0000000085900000, 0x0000000085900000|100%| O|  |TAMS 0x0000000085900000, 0x0000000085800000| Untracked 
|  89|0x0000000085900000, 0x0000000085a00000, 0x0000000085a00000|100%| O|  |TAMS 0x0000000085a00000, 0x0000000085900000| Untracked 
|  90|0x0000000085a00000, 0x0000000085b00000, 0x0000000085b00000|100%| O|  |TAMS 0x0000000085b00000, 0x0000000085a00000| Untracked 
|  91|0x0000000085b00000, 0x0000000085c00000, 0x0000000085c00000|100%| O|  |TAMS 0x0000000085c00000, 0x0000000085b00000| Untracked 
|  92|0x0000000085c00000, 0x0000000085d00000, 0x0000000085d00000|100%| O|  |TAMS 0x0000000085d00000, 0x0000000085c00000| Untracked 
|  93|0x0000000085d00000, 0x0000000085e00000, 0x0000000085e00000|100%| O|  |TAMS 0x0000000085e00000, 0x0000000085d00000| Untracked 
|  94|0x0000000085e00000, 0x0000000085f00000, 0x0000000085f00000|100%| O|  |TAMS 0x0000000085f00000, 0x0000000085e00000| Untracked 
|  95|0x0000000085f00000, 0x0000000086000000, 0x0000000086000000|100%| O|  |TAMS 0x0000000086000000, 0x0000000085f00000| Untracked 
|  96|0x0000000086000000, 0x0000000086100000, 0x0000000086100000|100%| O|  |TAMS 0x0000000086100000, 0x0000000086000000| Untracked 
|  97|0x0000000086100000, 0x0000000086200000, 0x0000000086200000|100%| O|  |TAMS 0x0000000086200000, 0x0000000086100000| Untracked 
|  98|0x0000000086200000, 0x0000000086300000, 0x0000000086300000|100%|HS|  |TAMS 0x0000000086300000, 0x0000000086200000| Complete 
|  99|0x0000000086300000, 0x0000000086400000, 0x0000000086400000|100%|HC|  |TAMS 0x0000000086400000, 0x0000000086300000| Complete 
| 100|0x0000000086400000, 0x0000000086500000, 0x0000000086500000|100%|HC|  |TAMS 0x0000000086500000, 0x0000000086400000| Complete 
| 101|0x0000000086500000, 0x0000000086600000, 0x0000000086600000|100%|HS|  |TAMS 0x0000000086600000, 0x0000000086500000| Complete 
| 102|0x0000000086600000, 0x0000000086700000, 0x0000000086700000|100%|HC|  |TAMS 0x0000000086700000, 0x0000000086600000| Complete 
| 103|0x0000000086700000, 0x0000000086800000, 0x0000000086800000|100%| O|  |TAMS 0x0000000086800000, 0x0000000086700000| Untracked 
| 104|0x0000000086800000, 0x0000000086900000, 0x0000000086900000|100%| O|  |TAMS 0x0000000086900000, 0x0000000086800000| Untracked 
| 105|0x0000000086900000, 0x0000000086a00000, 0x0000000086a00000|100%| O|  |TAMS 0x0000000086a00000, 0x0000000086900000| Untracked 
| 106|0x0000000086a00000, 0x0000000086b00000, 0x0000000086b00000|100%| O|  |TAMS 0x0000000086b00000, 0x0000000086a00000| Untracked 
| 107|0x0000000086b00000, 0x0000000086c00000, 0x0000000086c00000|100%| O|  |TAMS 0x0000000086c00000, 0x0000000086b00000| Untracked 
| 108|0x0000000086c00000, 0x0000000086d00000, 0x0000000086d00000|100%| O|  |TAMS 0x0000000086d00000, 0x0000000086c00000| Untracked 
| 109|0x0000000086d00000, 0x0000000086e00000, 0x0000000086e00000|100%| O|  |TAMS 0x0000000086e00000, 0x0000000086d00000| Untracked 
| 110|0x0000000086e00000, 0x0000000086f00000, 0x0000000086f00000|100%| O|  |TAMS 0x0000000086f00000, 0x0000000086e00000| Untracked 
| 111|0x0000000086f00000, 0x0000000087000000, 0x0000000087000000|100%| O|  |TAMS 0x0000000087000000, 0x0000000086f00000| Untracked 
| 112|0x0000000087000000, 0x0000000087100000, 0x0000000087100000|100%| O|  |TAMS 0x0000000087100000, 0x0000000087000000| Untracked 
| 113|0x0000000087100000, 0x0000000087200000, 0x0000000087200000|100%| O|  |TAMS 0x0000000087200000, 0x0000000087100000| Untracked 
| 114|0x0000000087200000, 0x0000000087300000, 0x0000000087300000|100%| O|  |TAMS 0x0000000087300000, 0x0000000087200000| Untracked 
| 115|0x0000000087300000, 0x0000000087400000, 0x0000000087400000|100%| O|  |TAMS 0x0000000087400000, 0x0000000087300000| Untracked 
| 116|0x0000000087400000, 0x0000000087500000, 0x0000000087500000|100%|HS|  |TAMS 0x0000000087500000, 0x0000000087400000| Complete 
| 117|0x0000000087500000, 0x0000000087600000, 0x0000000087600000|100%| O|  |TAMS 0x0000000087600000, 0x0000000087500000| Untracked 
| 118|0x0000000087600000, 0x0000000087700000, 0x0000000087700000|100%| O|  |TAMS 0x0000000087700000, 0x0000000087600000| Untracked 
| 119|0x0000000087700000, 0x0000000087800000, 0x0000000087800000|100%| O|  |TAMS 0x0000000087800000, 0x0000000087700000| Untracked 
| 120|0x0000000087800000, 0x0000000087900000, 0x0000000087900000|100%| O|  |TAMS 0x0000000087900000, 0x0000000087800000| Untracked 
| 121|0x0000000087900000, 0x0000000087a00000, 0x0000000087a00000|100%| O|  |TAMS 0x0000000087a00000, 0x0000000087900000| Untracked 
| 122|0x0000000087a00000, 0x0000000087b00000, 0x0000000087b00000|100%| O|  |TAMS 0x0000000087b00000, 0x0000000087a00000| Untracked 
| 123|0x0000000087b00000, 0x0000000087c00000, 0x0000000087c00000|100%| O|  |TAMS 0x0000000087c00000, 0x0000000087b00000| Untracked 
| 124|0x0000000087c00000, 0x0000000087d00000, 0x0000000087d00000|100%| O|  |TAMS 0x0000000087d00000, 0x0000000087c00000| Untracked 
| 125|0x0000000087d00000, 0x0000000087e00000, 0x0000000087e00000|100%| O|  |TAMS 0x0000000087e00000, 0x0000000087d00000| Untracked 
| 126|0x0000000087e00000, 0x0000000087f00000, 0x0000000087f00000|100%| O|  |TAMS 0x0000000087f00000, 0x0000000087e00000| Untracked 
| 127|0x0000000087f00000, 0x0000000088000000, 0x0000000088000000|100%| O|  |TAMS 0x0000000088000000, 0x0000000087f00000| Untracked 
| 128|0x0000000088000000, 0x0000000088100000, 0x0000000088100000|100%| O|  |TAMS 0x0000000088100000, 0x0000000088000000| Untracked 
| 129|0x0000000088100000, 0x0000000088200000, 0x0000000088200000|100%| O|  |TAMS 0x0000000088200000, 0x0000000088100000| Untracked 
| 130|0x0000000088200000, 0x0000000088300000, 0x0000000088300000|100%| O|  |TAMS 0x0000000088300000, 0x0000000088200000| Untracked 
| 131|0x0000000088300000, 0x0000000088400000, 0x0000000088400000|100%| O|  |TAMS 0x0000000088400000, 0x0000000088300000| Untracked 
| 132|0x0000000088400000, 0x0000000088500000, 0x0000000088500000|100%| O|  |TAMS 0x0000000088500000, 0x0000000088400000| Untracked 
| 133|0x0000000088500000, 0x0000000088600000, 0x0000000088600000|100%| O|  |TAMS 0x0000000088600000, 0x0000000088500000| Untracked 
| 134|0x0000000088600000, 0x0000000088700000, 0x0000000088700000|100%| O|  |TAMS 0x0000000088700000, 0x0000000088600000| Untracked 
| 135|0x0000000088700000, 0x0000000088800000, 0x0000000088800000|100%| O|  |TAMS 0x0000000088800000, 0x0000000088700000| Untracked 
| 136|0x0000000088800000, 0x0000000088900000, 0x0000000088900000|100%| O|  |TAMS 0x0000000088900000, 0x0000000088800000| Untracked 
| 137|0x0000000088900000, 0x0000000088a00000, 0x0000000088a00000|100%| O|  |TAMS 0x0000000088a00000, 0x0000000088900000| Untracked 
| 138|0x0000000088a00000, 0x0000000088b00000, 0x0000000088b00000|100%| O|  |TAMS 0x0000000088b00000, 0x0000000088a00000| Untracked 
| 139|0x0000000088b00000, 0x0000000088c00000, 0x0000000088c00000|100%| O|  |TAMS 0x0000000088c00000, 0x0000000088b00000| Untracked 
| 140|0x0000000088c00000, 0x0000000088d00000, 0x0000000088d00000|100%| O|  |TAMS 0x0000000088d00000, 0x0000000088c00000| Untracked 
| 141|0x0000000088d00000, 0x0000000088e00000, 0x0000000088e00000|100%| O|  |TAMS 0x0000000088e00000, 0x0000000088d00000| Untracked 
| 142|0x0000000088e00000, 0x0000000088f00000, 0x0000000088f00000|100%| O|  |TAMS 0x0000000088f00000, 0x0000000088e00000| Untracked 
| 143|0x0000000088f00000, 0x0000000089000000, 0x0000000089000000|100%| O|  |TAMS 0x0000000089000000, 0x0000000088f00000| Untracked 
| 144|0x0000000089000000, 0x0000000089100000, 0x0000000089100000|100%| O|  |TAMS 0x0000000089100000, 0x0000000089000000| Untracked 
| 145|0x0000000089100000, 0x0000000089200000, 0x0000000089200000|100%| O|  |TAMS 0x0000000089200000, 0x0000000089100000| Untracked 
| 146|0x0000000089200000, 0x0000000089300000, 0x0000000089300000|100%| O|  |TAMS 0x0000000089300000, 0x0000000089200000| Untracked 
| 147|0x0000000089300000, 0x0000000089400000, 0x0000000089400000|100%| O|  |TAMS 0x0000000089400000, 0x0000000089300000| Untracked 
| 148|0x0000000089400000, 0x0000000089500000, 0x0000000089500000|100%| O|  |TAMS 0x0000000089500000, 0x0000000089400000| Untracked 
| 149|0x0000000089500000, 0x0000000089600000, 0x0000000089600000|100%| O|  |TAMS 0x0000000089600000, 0x0000000089500000| Untracked 
| 150|0x0000000089600000, 0x0000000089700000, 0x0000000089700000|100%| O|  |TAMS 0x0000000089700000, 0x0000000089600000| Untracked 
| 151|0x0000000089700000, 0x0000000089800000, 0x0000000089800000|100%| O|  |TAMS 0x0000000089800000, 0x0000000089700000| Untracked 
| 152|0x0000000089800000, 0x0000000089900000, 0x0000000089900000|100%| O|  |TAMS 0x0000000089900000, 0x0000000089800000| Untracked 
| 153|0x0000000089900000, 0x0000000089a00000, 0x0000000089a00000|100%| O|  |TAMS 0x0000000089900000, 0x0000000089900000| Untracked 
| 154|0x0000000089a00000, 0x0000000089b00000, 0x0000000089b00000|100%| O|  |TAMS 0x0000000089b00000, 0x0000000089a00000| Untracked 
| 155|0x0000000089b00000, 0x0000000089c00000, 0x0000000089c00000|100%| O|  |TAMS 0x0000000089c00000, 0x0000000089b00000| Untracked 
| 156|0x0000000089c00000, 0x0000000089d00000, 0x0000000089d00000|100%| O|  |TAMS 0x0000000089d00000, 0x0000000089c00000| Untracked 
| 157|0x0000000089d00000, 0x0000000089e00000, 0x0000000089e00000|100%| O|  |TAMS 0x0000000089e00000, 0x0000000089d00000| Untracked 
| 158|0x0000000089e00000, 0x0000000089f00000, 0x0000000089f00000|100%| O|  |TAMS 0x0000000089f00000, 0x0000000089e00000| Untracked 
| 159|0x0000000089f00000, 0x000000008a000000, 0x000000008a000000|100%| O|  |TAMS 0x000000008a000000, 0x0000000089f00000| Untracked 
| 160|0x000000008a000000, 0x000000008a100000, 0x000000008a100000|100%| O|  |TAMS 0x000000008a100000, 0x000000008a000000| Untracked 
| 161|0x000000008a100000, 0x000000008a200000, 0x000000008a200000|100%| O|  |TAMS 0x000000008a200000, 0x000000008a100000| Untracked 
| 162|0x000000008a200000, 0x000000008a300000, 0x000000008a300000|100%|HS|  |TAMS 0x000000008a300000, 0x000000008a200000| Complete 
| 163|0x000000008a300000, 0x000000008a400000, 0x000000008a400000|100%|HS|  |TAMS 0x000000008a400000, 0x000000008a300000| Complete 
| 164|0x000000008a400000, 0x000000008a500000, 0x000000008a500000|100%|HS|  |TAMS 0x000000008a500000, 0x000000008a400000| Complete 
| 165|0x000000008a500000, 0x000000008a600000, 0x000000008a600000|100%|HS|  |TAMS 0x000000008a600000, 0x000000008a500000| Complete 
| 166|0x000000008a600000, 0x000000008a700000, 0x000000008a700000|100%|HC|  |TAMS 0x000000008a700000, 0x000000008a600000| Complete 
| 167|0x000000008a700000, 0x000000008a800000, 0x000000008a800000|100%|HC|  |TAMS 0x000000008a800000, 0x000000008a700000| Complete 
| 168|0x000000008a800000, 0x000000008a900000, 0x000000008a900000|100%|HS|  |TAMS 0x000000008a900000, 0x000000008a800000| Complete 
| 169|0x000000008a900000, 0x000000008aa00000, 0x000000008aa00000|100%| O|  |TAMS 0x000000008aa00000, 0x000000008a900000| Untracked 
| 170|0x000000008aa00000, 0x000000008ab00000, 0x000000008ab00000|100%| O|  |TAMS 0x000000008ab00000, 0x000000008aa00000| Untracked 
| 171|0x000000008ab00000, 0x000000008ac00000, 0x000000008ac00000|100%| O|  |TAMS 0x000000008ac00000, 0x000000008ab00000| Untracked 
| 172|0x000000008ac00000, 0x000000008ad00000, 0x000000008ad00000|100%| O|  |TAMS 0x000000008ad00000, 0x000000008ac00000| Untracked 
| 173|0x000000008ad00000, 0x000000008ae00000, 0x000000008ae00000|100%| O|  |TAMS 0x000000008ae00000, 0x000000008ad00000| Untracked 
| 174|0x000000008ae00000, 0x000000008af00000, 0x000000008af00000|100%|HS|  |TAMS 0x000000008af00000, 0x000000008ae00000| Complete 
| 175|0x000000008af00000, 0x000000008b000000, 0x000000008b000000|100%|HC|  |TAMS 0x000000008b000000, 0x000000008af00000| Complete 
| 176|0x000000008b000000, 0x000000008b100000, 0x000000008b100000|100%|HS|  |TAMS 0x000000008b100000, 0x000000008b000000| Complete 
| 177|0x000000008b100000, 0x000000008b200000, 0x000000008b200000|100%|HC|  |TAMS 0x000000008b200000, 0x000000008b100000| Complete 
| 178|0x000000008b200000, 0x000000008b300000, 0x000000008b300000|100%|HC|  |TAMS 0x000000008b300000, 0x000000008b200000| Complete 
| 179|0x000000008b300000, 0x000000008b400000, 0x000000008b400000|100%|HC|  |TAMS 0x000000008b400000, 0x000000008b300000| Complete 
| 180|0x000000008b400000, 0x000000008b500000, 0x000000008b500000|100%| O|  |TAMS 0x000000008b500000, 0x000000008b400000| Untracked 
| 181|0x000000008b500000, 0x000000008b600000, 0x000000008b600000|100%| O|  |TAMS 0x000000008b600000, 0x000000008b500000| Untracked 
| 182|0x000000008b600000, 0x000000008b700000, 0x000000008b700000|100%| O|  |TAMS 0x000000008b700000, 0x000000008b600000| Untracked 
| 183|0x000000008b700000, 0x000000008b800000, 0x000000008b800000|100%| O|  |TAMS 0x000000008b800000, 0x000000008b700000| Untracked 
| 184|0x000000008b800000, 0x000000008b900000, 0x000000008b900000|100%| O|  |TAMS 0x000000008b900000, 0x000000008b800000| Untracked 
| 185|0x000000008b900000, 0x000000008ba00000, 0x000000008ba00000|100%| O|  |TAMS 0x000000008ba00000, 0x000000008b900000| Untracked 
| 186|0x000000008ba00000, 0x000000008bb00000, 0x000000008bb00000|100%| O|  |TAMS 0x000000008bb00000, 0x000000008ba00000| Untracked 
| 187|0x000000008bb00000, 0x000000008bc00000, 0x000000008bc00000|100%| O|  |TAMS 0x000000008bc00000, 0x000000008bb00000| Untracked 
| 188|0x000000008bc00000, 0x000000008bd00000, 0x000000008bd00000|100%| O|  |TAMS 0x000000008bd00000, 0x000000008bc00000| Untracked 
| 189|0x000000008bd00000, 0x000000008be00000, 0x000000008be00000|100%|HS|  |TAMS 0x000000008be00000, 0x000000008bd00000| Complete 
| 190|0x000000008be00000, 0x000000008bf00000, 0x000000008bf00000|100%|HS|  |TAMS 0x000000008bf00000, 0x000000008be00000| Complete 
| 191|0x000000008bf00000, 0x000000008c000000, 0x000000008c000000|100%| O|  |TAMS 0x000000008c000000, 0x000000008bf00000| Untracked 
| 192|0x000000008c000000, 0x000000008c100000, 0x000000008c100000|100%| O|  |TAMS 0x000000008c100000, 0x000000008c000000| Untracked 
| 193|0x000000008c100000, 0x000000008c200000, 0x000000008c200000|100%| O|  |TAMS 0x000000008c200000, 0x000000008c100000| Untracked 
| 194|0x000000008c200000, 0x000000008c300000, 0x000000008c300000|100%| O|  |TAMS 0x000000008c300000, 0x000000008c200000| Untracked 
| 195|0x000000008c300000, 0x000000008c400000, 0x000000008c400000|100%| O|  |TAMS 0x000000008c400000, 0x000000008c300000| Untracked 
| 196|0x000000008c400000, 0x000000008c500000, 0x000000008c500000|100%| O|  |TAMS 0x000000008c500000, 0x000000008c400000| Untracked 
| 197|0x000000008c500000, 0x000000008c600000, 0x000000008c600000|100%| O|  |TAMS 0x000000008c600000, 0x000000008c500000| Untracked 
| 198|0x000000008c600000, 0x000000008c700000, 0x000000008c700000|100%| O|  |TAMS 0x000000008c700000, 0x000000008c600000| Untracked 
| 199|0x000000008c700000, 0x000000008c800000, 0x000000008c800000|100%| O|  |TAMS 0x000000008c800000, 0x000000008c700000| Untracked 
| 200|0x000000008c800000, 0x000000008c900000, 0x000000008c900000|100%| O|  |TAMS 0x000000008c900000, 0x000000008c800000| Untracked 
| 201|0x000000008c900000, 0x000000008ca00000, 0x000000008ca00000|100%| O|  |TAMS 0x000000008ca00000, 0x000000008c900000| Untracked 
| 202|0x000000008ca00000, 0x000000008cb00000, 0x000000008cb00000|100%| O|  |TAMS 0x000000008cb00000, 0x000000008ca00000| Untracked 
| 203|0x000000008cb00000, 0x000000008cc00000, 0x000000008cc00000|100%| O|  |TAMS 0x000000008cc00000, 0x000000008cb00000| Untracked 
| 204|0x000000008cc00000, 0x000000008cd00000, 0x000000008cd00000|100%| O|  |TAMS 0x000000008cd00000, 0x000000008cc00000| Untracked 
| 205|0x000000008cd00000, 0x000000008ce00000, 0x000000008ce00000|100%| O|  |TAMS 0x000000008ce00000, 0x000000008cd00000| Untracked 
| 206|0x000000008ce00000, 0x000000008cf00000, 0x000000008cf00000|100%| O|  |TAMS 0x000000008ce00000, 0x000000008ce00000| Untracked 
| 207|0x000000008cf00000, 0x000000008d000000, 0x000000008d000000|100%| O|  |TAMS 0x000000008d000000, 0x000000008cf00000| Untracked 
| 208|0x000000008d000000, 0x000000008d100000, 0x000000008d100000|100%| O|  |TAMS 0x000000008d100000, 0x000000008d000000| Untracked 
| 209|0x000000008d100000, 0x000000008d200000, 0x000000008d200000|100%| O|  |TAMS 0x000000008d200000, 0x000000008d100000| Untracked 
| 210|0x000000008d200000, 0x000000008d300000, 0x000000008d300000|100%| O|  |TAMS 0x000000008d300000, 0x000000008d200000| Untracked 
| 211|0x000000008d300000, 0x000000008d400000, 0x000000008d400000|100%| O|  |TAMS 0x000000008d400000, 0x000000008d300000| Untracked 
| 212|0x000000008d400000, 0x000000008d500000, 0x000000008d500000|100%| O|  |TAMS 0x000000008d500000, 0x000000008d400000| Untracked 
| 213|0x000000008d500000, 0x000000008d600000, 0x000000008d600000|100%| O|  |TAMS 0x000000008d600000, 0x000000008d500000| Untracked 
| 214|0x000000008d600000, 0x000000008d700000, 0x000000008d700000|100%| O|  |TAMS 0x000000008d700000, 0x000000008d600000| Untracked 
| 215|0x000000008d700000, 0x000000008d800000, 0x000000008d800000|100%| O|  |TAMS 0x000000008d800000, 0x000000008d700000| Untracked 
| 216|0x000000008d800000, 0x000000008d900000, 0x000000008d900000|100%| O|  |TAMS 0x000000008d800000, 0x000000008d800000| Untracked 
| 217|0x000000008d900000, 0x000000008da00000, 0x000000008da00000|100%| O|  |TAMS 0x000000008da00000, 0x000000008d900000| Untracked 
| 218|0x000000008da00000, 0x000000008db00000, 0x000000008db00000|100%| O|  |TAMS 0x000000008db00000, 0x000000008da00000| Untracked 
| 219|0x000000008db00000, 0x000000008dc00000, 0x000000008dc00000|100%| O|  |TAMS 0x000000008dc00000, 0x000000008db00000| Untracked 
| 220|0x000000008dc00000, 0x000000008dd00000, 0x000000008dd00000|100%| O|  |TAMS 0x000000008dd00000, 0x000000008dc00000| Untracked 
| 221|0x000000008dd00000, 0x000000008de00000, 0x000000008de00000|100%| O|  |TAMS 0x000000008de00000, 0x000000008dd00000| Untracked 
| 222|0x000000008de00000, 0x000000008df00000, 0x000000008df00000|100%| O|  |TAMS 0x000000008df00000, 0x000000008de00000| Untracked 
| 223|0x000000008df00000, 0x000000008e000000, 0x000000008e000000|100%| O|  |TAMS 0x000000008e000000, 0x000000008df00000| Untracked 
| 224|0x000000008e000000, 0x000000008e100000, 0x000000008e100000|100%| O|  |TAMS 0x000000008e100000, 0x000000008e000000| Untracked 
| 225|0x000000008e100000, 0x000000008e200000, 0x000000008e200000|100%| O|  |TAMS 0x000000008e200000, 0x000000008e100000| Untracked 
| 226|0x000000008e200000, 0x000000008e300000, 0x000000008e300000|100%| O|  |TAMS 0x000000008e300000, 0x000000008e200000| Untracked 
| 227|0x000000008e300000, 0x000000008e400000, 0x000000008e400000|100%| O|  |TAMS 0x000000008e400000, 0x000000008e300000| Untracked 
| 228|0x000000008e400000, 0x000000008e500000, 0x000000008e500000|100%| O|  |TAMS 0x000000008e500000, 0x000000008e400000| Untracked 
| 229|0x000000008e500000, 0x000000008e600000, 0x000000008e600000|100%| O|  |TAMS 0x000000008e600000, 0x000000008e500000| Untracked 
| 230|0x000000008e600000, 0x000000008e700000, 0x000000008e700000|100%| O|  |TAMS 0x000000008e700000, 0x000000008e600000| Untracked 
| 231|0x000000008e700000, 0x000000008e800000, 0x000000008e800000|100%| O|  |TAMS 0x000000008e800000, 0x000000008e700000| Untracked 
| 232|0x000000008e800000, 0x000000008e900000, 0x000000008e900000|100%| O|  |TAMS 0x000000008e900000, 0x000000008e800000| Untracked 
| 233|0x000000008e900000, 0x000000008ea00000, 0x000000008ea00000|100%| O|  |TAMS 0x000000008ea00000, 0x000000008e900000| Untracked 
| 234|0x000000008ea00000, 0x000000008eb00000, 0x000000008eb00000|100%| O|  |TAMS 0x000000008eb00000, 0x000000008ea00000| Untracked 
| 235|0x000000008eb00000, 0x000000008ec00000, 0x000000008ec00000|100%| O|  |TAMS 0x000000008ec00000, 0x000000008eb00000| Untracked 
| 236|0x000000008ec00000, 0x000000008ed00000, 0x000000008ed00000|100%| O|  |TAMS 0x000000008ed00000, 0x000000008ec00000| Untracked 
| 237|0x000000008ed00000, 0x000000008ee00000, 0x000000008ee00000|100%| O|  |TAMS 0x000000008ee00000, 0x000000008ed00000| Untracked 
| 238|0x000000008ee00000, 0x000000008ef00000, 0x000000008ef00000|100%| O|  |TAMS 0x000000008ef00000, 0x000000008ee00000| Untracked 
| 239|0x000000008ef00000, 0x000000008f000000, 0x000000008f000000|100%| O|  |TAMS 0x000000008f000000, 0x000000008ef00000| Untracked 
| 240|0x000000008f000000, 0x000000008f100000, 0x000000008f100000|100%| O|  |TAMS 0x000000008f100000, 0x000000008f000000| Untracked 
| 241|0x000000008f100000, 0x000000008f200000, 0x000000008f200000|100%| O|  |TAMS 0x000000008f200000, 0x000000008f100000| Untracked 
| 242|0x000000008f200000, 0x000000008f300000, 0x000000008f300000|100%| O|  |TAMS 0x000000008f300000, 0x000000008f200000| Untracked 
| 243|0x000000008f300000, 0x000000008f400000, 0x000000008f400000|100%| O|  |TAMS 0x000000008f400000, 0x000000008f300000| Untracked 
| 244|0x000000008f400000, 0x000000008f500000, 0x000000008f500000|100%| O|  |TAMS 0x000000008f500000, 0x000000008f400000| Untracked 
| 245|0x000000008f500000, 0x000000008f600000, 0x000000008f600000|100%| O|  |TAMS 0x000000008f600000, 0x000000008f500000| Untracked 
| 246|0x000000008f600000, 0x000000008f700000, 0x000000008f700000|100%| O|  |TAMS 0x000000008f700000, 0x000000008f600000| Untracked 
| 247|0x000000008f700000, 0x000000008f800000, 0x000000008f800000|100%| O|  |TAMS 0x000000008f800000, 0x000000008f700000| Untracked 
| 248|0x000000008f800000, 0x000000008f900000, 0x000000008f900000|100%| O|  |TAMS 0x000000008f900000, 0x000000008f800000| Untracked 
| 249|0x000000008f900000, 0x000000008fa00000, 0x000000008fa00000|100%| O|  |TAMS 0x000000008fa00000, 0x000000008f900000| Untracked 
| 250|0x000000008fa00000, 0x000000008fb00000, 0x000000008fb00000|100%| O|  |TAMS 0x000000008fa00000, 0x000000008fa00000| Untracked 
| 251|0x000000008fb00000, 0x000000008fc00000, 0x000000008fc00000|100%| O|  |TAMS 0x000000008fc00000, 0x000000008fb00000| Untracked 
| 252|0x000000008fc00000, 0x000000008fd00000, 0x000000008fd00000|100%| O|  |TAMS 0x000000008fd00000, 0x000000008fc00000| Untracked 
| 253|0x000000008fd00000, 0x000000008fe00000, 0x000000008fe00000|100%| O|  |TAMS 0x000000008fe00000, 0x000000008fd00000| Untracked 
| 254|0x000000008fe00000, 0x000000008ff00000, 0x000000008ff00000|100%| O|  |TAMS 0x000000008ff00000, 0x000000008fe00000| Untracked 
| 255|0x000000008ff00000, 0x0000000090000000, 0x0000000090000000|100%| O|  |TAMS 0x0000000090000000, 0x000000008ff00000| Untracked 
| 256|0x0000000090000000, 0x0000000090100000, 0x0000000090100000|100%| O|  |TAMS 0x0000000090000000, 0x0000000090000000| Untracked 
| 257|0x0000000090100000, 0x0000000090200000, 0x0000000090200000|100%| O|  |TAMS 0x0000000090200000, 0x0000000090100000| Untracked 
| 258|0x0000000090200000, 0x0000000090300000, 0x0000000090300000|100%| O|  |TAMS 0x0000000090300000, 0x0000000090200000| Untracked 
| 259|0x0000000090300000, 0x0000000090400000, 0x0000000090400000|100%| O|  |TAMS 0x0000000090400000, 0x0000000090300000| Untracked 
| 260|0x0000000090400000, 0x0000000090500000, 0x0000000090500000|100%| O|  |TAMS 0x0000000090400000, 0x0000000090400000| Untracked 
| 261|0x0000000090500000, 0x0000000090600000, 0x0000000090600000|100%| O|  |TAMS 0x0000000090600000, 0x0000000090500000| Untracked 
| 262|0x0000000090600000, 0x0000000090700000, 0x0000000090700000|100%| O|  |TAMS 0x0000000090700000, 0x0000000090600000| Untracked 
| 263|0x0000000090700000, 0x0000000090800000, 0x0000000090800000|100%| O|  |TAMS 0x0000000090800000, 0x0000000090700000| Untracked 
| 264|0x0000000090800000, 0x0000000090900000, 0x0000000090900000|100%| O|  |TAMS 0x0000000090900000, 0x0000000090800000| Untracked 
| 265|0x0000000090900000, 0x0000000090a00000, 0x0000000090a00000|100%| O|  |TAMS 0x0000000090a00000, 0x0000000090900000| Untracked 
| 266|0x0000000090a00000, 0x0000000090b00000, 0x0000000090b00000|100%| O|  |TAMS 0x0000000090b00000, 0x0000000090a00000| Untracked 
| 267|0x0000000090b00000, 0x0000000090c00000, 0x0000000090c00000|100%| O|  |TAMS 0x0000000090c00000, 0x0000000090b00000| Untracked 
| 268|0x0000000090c00000, 0x0000000090d00000, 0x0000000090d00000|100%| O|  |TAMS 0x0000000090d00000, 0x0000000090c00000| Untracked 
| 269|0x0000000090d00000, 0x0000000090e00000, 0x0000000090e00000|100%| O|  |TAMS 0x0000000090e00000, 0x0000000090d00000| Untracked 
| 270|0x0000000090e00000, 0x0000000090f00000, 0x0000000090f00000|100%| O|  |TAMS 0x0000000090f00000, 0x0000000090e00000| Untracked 
| 271|0x0000000090f00000, 0x0000000091000000, 0x0000000091000000|100%| O|  |TAMS 0x0000000091000000, 0x0000000090f00000| Untracked 
| 272|0x0000000091000000, 0x0000000091100000, 0x0000000091100000|100%| O|  |TAMS 0x0000000091100000, 0x0000000091000000| Untracked 
| 273|0x0000000091100000, 0x0000000091200000, 0x0000000091200000|100%| O|  |TAMS 0x0000000091200000, 0x0000000091100000| Untracked 
| 274|0x0000000091200000, 0x0000000091300000, 0x0000000091300000|100%| O|  |TAMS 0x0000000091300000, 0x0000000091200000| Untracked 
| 275|0x0000000091300000, 0x0000000091400000, 0x0000000091400000|100%| O|  |TAMS 0x0000000091400000, 0x0000000091300000| Untracked 
| 276|0x0000000091400000, 0x0000000091500000, 0x0000000091500000|100%| O|  |TAMS 0x0000000091500000, 0x0000000091400000| Untracked 
| 277|0x0000000091500000, 0x0000000091600000, 0x0000000091600000|100%| O|  |TAMS 0x0000000091600000, 0x0000000091500000| Untracked 
| 278|0x0000000091600000, 0x0000000091700000, 0x0000000091700000|100%| O|  |TAMS 0x0000000091700000, 0x0000000091600000| Untracked 
| 279|0x0000000091700000, 0x0000000091800000, 0x0000000091800000|100%| O|  |TAMS 0x0000000091800000, 0x0000000091700000| Untracked 
| 280|0x0000000091800000, 0x0000000091900000, 0x0000000091900000|100%| O|  |TAMS 0x0000000091900000, 0x0000000091800000| Untracked 
| 281|0x0000000091900000, 0x0000000091a00000, 0x0000000091a00000|100%| O|  |TAMS 0x0000000091a00000, 0x0000000091900000| Untracked 
| 282|0x0000000091a00000, 0x0000000091b00000, 0x0000000091b00000|100%| O|  |TAMS 0x0000000091b00000, 0x0000000091a00000| Untracked 
| 283|0x0000000091b00000, 0x0000000091c00000, 0x0000000091c00000|100%| O|  |TAMS 0x0000000091c00000, 0x0000000091b00000| Untracked 
| 284|0x0000000091c00000, 0x0000000091d00000, 0x0000000091d00000|100%| O|  |TAMS 0x0000000091d00000, 0x0000000091c00000| Untracked 
| 285|0x0000000091d00000, 0x0000000091e00000, 0x0000000091e00000|100%| O|  |TAMS 0x0000000091e00000, 0x0000000091d00000| Untracked 
| 286|0x0000000091e00000, 0x0000000091f00000, 0x0000000091f00000|100%| O|  |TAMS 0x0000000091e5b200, 0x0000000091e00000| Untracked 
| 287|0x0000000091f00000, 0x0000000092000000, 0x0000000092000000|100%| O|  |TAMS 0x0000000091f00000, 0x0000000091f00000| Untracked 
| 288|0x0000000092000000, 0x0000000092100000, 0x0000000092100000|100%| O|  |TAMS 0x0000000092000000, 0x0000000092000000| Untracked 
| 289|0x0000000092100000, 0x0000000092200000, 0x0000000092200000|100%| O|  |TAMS 0x0000000092100000, 0x0000000092100000| Untracked 
| 290|0x0000000092200000, 0x0000000092300000, 0x0000000092300000|100%| O|  |TAMS 0x0000000092200000, 0x0000000092200000| Untracked 
| 291|0x0000000092300000, 0x0000000092400000, 0x0000000092400000|100%| O|  |TAMS 0x0000000092300000, 0x0000000092300000| Untracked 
| 292|0x0000000092400000, 0x0000000092500000, 0x0000000092500000|100%| O|  |TAMS 0x0000000092400000, 0x0000000092400000| Untracked 
| 293|0x0000000092500000, 0x0000000092600000, 0x0000000092600000|100%| O|  |TAMS 0x0000000092500000, 0x0000000092500000| Untracked 
| 294|0x0000000092600000, 0x0000000092700000, 0x0000000092700000|100%| O|  |TAMS 0x0000000092600000, 0x0000000092600000| Untracked 
| 295|0x0000000092700000, 0x0000000092800000, 0x0000000092800000|100%| O|  |TAMS 0x0000000092700000, 0x0000000092700000| Untracked 
| 296|0x0000000092800000, 0x0000000092900000, 0x0000000092900000|100%|HS|  |TAMS 0x0000000092800000, 0x0000000092800000| Complete 
| 297|0x0000000092900000, 0x0000000092a00000, 0x0000000092a00000|100%|HC|  |TAMS 0x0000000092900000, 0x0000000092900000| Complete 
| 298|0x0000000092a00000, 0x0000000092b00000, 0x0000000092b00000|100%| O|  |TAMS 0x0000000092a00000, 0x0000000092a00000| Untracked 
| 299|0x0000000092b00000, 0x0000000092c00000, 0x0000000092c00000|100%| O|  |TAMS 0x0000000092b00000, 0x0000000092b00000| Untracked 
| 300|0x0000000092c00000, 0x0000000092d00000, 0x0000000092d00000|100%| O|  |TAMS 0x0000000092c00000, 0x0000000092c00000| Untracked 
| 301|0x0000000092d00000, 0x0000000092e00000, 0x0000000092e00000|100%| O|  |TAMS 0x0000000092d00000, 0x0000000092d00000| Untracked 
| 302|0x0000000092e00000, 0x0000000092f00000, 0x0000000092f00000|100%| O|  |TAMS 0x0000000092e00000, 0x0000000092e00000| Untracked 
| 303|0x0000000092f00000, 0x0000000093000000, 0x0000000093000000|100%| O|  |TAMS 0x0000000092f00000, 0x0000000092f00000| Untracked 
| 304|0x0000000093000000, 0x0000000093100000, 0x0000000093100000|100%| O|  |TAMS 0x0000000093000000, 0x0000000093000000| Untracked 
| 305|0x0000000093100000, 0x0000000093200000, 0x0000000093200000|100%| O|  |TAMS 0x0000000093100000, 0x0000000093100000| Untracked 
| 306|0x0000000093200000, 0x0000000093300000, 0x0000000093300000|100%| O|  |TAMS 0x0000000093200000, 0x0000000093200000| Untracked 
| 307|0x0000000093300000, 0x0000000093400000, 0x0000000093400000|100%| O|  |TAMS 0x0000000093300000, 0x0000000093300000| Untracked 
| 308|0x0000000093400000, 0x0000000093500000, 0x0000000093500000|100%| O|  |TAMS 0x0000000093400000, 0x0000000093400000| Untracked 
| 309|0x0000000093500000, 0x0000000093600000, 0x0000000093600000|100%| O|  |TAMS 0x0000000093500000, 0x0000000093500000| Untracked 
| 310|0x0000000093600000, 0x0000000093700000, 0x0000000093700000|100%| O|  |TAMS 0x0000000093600000, 0x0000000093600000| Untracked 
| 311|0x0000000093700000, 0x0000000093800000, 0x0000000093800000|100%| O|  |TAMS 0x0000000093700000, 0x0000000093700000| Untracked 
| 312|0x0000000093800000, 0x0000000093900000, 0x0000000093900000|100%| O|  |TAMS 0x0000000093800000, 0x0000000093800000| Untracked 
| 313|0x0000000093900000, 0x0000000093a00000, 0x0000000093a00000|100%| O|  |TAMS 0x0000000093900000, 0x0000000093900000| Untracked 
| 314|0x0000000093a00000, 0x0000000093b00000, 0x0000000093b00000|100%| O|  |TAMS 0x0000000093a00000, 0x0000000093a00000| Untracked 
| 315|0x0000000093b00000, 0x0000000093c00000, 0x0000000093c00000|100%| O|  |TAMS 0x0000000093b00000, 0x0000000093b00000| Untracked 
| 316|0x0000000093c00000, 0x0000000093d00000, 0x0000000093d00000|100%| O|  |TAMS 0x0000000093c00000, 0x0000000093c00000| Untracked 
| 317|0x0000000093d00000, 0x0000000093e00000, 0x0000000093e00000|100%| O|  |TAMS 0x0000000093d00000, 0x0000000093d00000| Untracked 
| 318|0x0000000093e00000, 0x0000000093f00000, 0x0000000093f00000|100%| O|  |TAMS 0x0000000093e00000, 0x0000000093e00000| Untracked 
| 319|0x0000000093f00000, 0x0000000094000000, 0x0000000094000000|100%| O|  |TAMS 0x0000000093f00000, 0x0000000093f00000| Untracked 
| 320|0x0000000094000000, 0x0000000094100000, 0x0000000094100000|100%| O|  |TAMS 0x0000000094000000, 0x0000000094000000| Untracked 
| 321|0x0000000094100000, 0x0000000094200000, 0x0000000094200000|100%| O|  |TAMS 0x0000000094100000, 0x0000000094100000| Untracked 
| 322|0x0000000094200000, 0x0000000094300000, 0x0000000094300000|100%| O|  |TAMS 0x0000000094200000, 0x0000000094200000| Untracked 
| 323|0x0000000094300000, 0x0000000094400000, 0x0000000094400000|100%| O|  |TAMS 0x0000000094300000, 0x0000000094300000| Untracked 
| 324|0x0000000094400000, 0x0000000094500000, 0x0000000094500000|100%| O|  |TAMS 0x0000000094400000, 0x0000000094400000| Untracked 
| 325|0x0000000094500000, 0x0000000094600000, 0x0000000094600000|100%| O|  |TAMS 0x0000000094500000, 0x0000000094500000| Untracked 
| 326|0x0000000094600000, 0x0000000094700000, 0x0000000094700000|100%| O|  |TAMS 0x0000000094600000, 0x0000000094600000| Untracked 
| 327|0x0000000094700000, 0x0000000094800000, 0x0000000094800000|100%| O|  |TAMS 0x0000000094700000, 0x0000000094700000| Untracked 
| 328|0x0000000094800000, 0x0000000094863800, 0x0000000094900000| 38%| O|  |TAMS 0x0000000094800000, 0x0000000094800000| Untracked 
| 329|0x0000000094900000, 0x0000000094900000, 0x0000000094a00000|  0%| F|  |TAMS 0x0000000094900000, 0x0000000094900000| Untracked 
| 330|0x0000000094a00000, 0x0000000094a00000, 0x0000000094b00000|  0%| F|  |TAMS 0x0000000094a00000, 0x0000000094a00000| Untracked 
| 331|0x0000000094b00000, 0x0000000094b00000, 0x0000000094c00000|  0%| F|  |TAMS 0x0000000094b00000, 0x0000000094b00000| Untracked 
| 332|0x0000000094c00000, 0x0000000094c00000, 0x0000000094d00000|  0%| F|  |TAMS 0x0000000094c00000, 0x0000000094c00000| Untracked 
| 333|0x0000000094d00000, 0x0000000094d00000, 0x0000000094e00000|  0%| F|  |TAMS 0x0000000094d00000, 0x0000000094d00000| Untracked 
| 334|0x0000000094e00000, 0x0000000094e00000, 0x0000000094f00000|  0%| F|  |TAMS 0x0000000094e00000, 0x0000000094e00000| Untracked 
| 335|0x0000000094f00000, 0x0000000094f00000, 0x0000000095000000|  0%| F|  |TAMS 0x0000000094f00000, 0x0000000094f00000| Untracked 
| 336|0x0000000095000000, 0x0000000095000000, 0x0000000095100000|  0%| F|  |TAMS 0x0000000095000000, 0x0000000095000000| Untracked 
| 337|0x0000000095100000, 0x0000000095100000, 0x0000000095200000|  0%| F|  |TAMS 0x0000000095100000, 0x0000000095100000| Untracked 
| 338|0x0000000095200000, 0x0000000095200000, 0x0000000095300000|  0%| F|  |TAMS 0x0000000095200000, 0x0000000095200000| Untracked 
| 339|0x0000000095300000, 0x0000000095300000, 0x0000000095400000|  0%| F|  |TAMS 0x0000000095300000, 0x0000000095300000| Untracked 
| 340|0x0000000095400000, 0x0000000095400000, 0x0000000095500000|  0%| F|  |TAMS 0x0000000095400000, 0x0000000095400000| Untracked 
| 341|0x0000000095500000, 0x0000000095500000, 0x0000000095600000|  0%| F|  |TAMS 0x0000000095500000, 0x0000000095500000| Untracked 
| 342|0x0000000095600000, 0x0000000095600000, 0x0000000095700000|  0%| F|  |TAMS 0x0000000095600000, 0x0000000095600000| Untracked 
| 343|0x0000000095700000, 0x0000000095700000, 0x0000000095800000|  0%| F|  |TAMS 0x0000000095700000, 0x0000000095700000| Untracked 
| 344|0x0000000095800000, 0x0000000095800000, 0x0000000095900000|  0%| F|  |TAMS 0x0000000095800000, 0x0000000095800000| Untracked 
| 345|0x0000000095900000, 0x0000000095900000, 0x0000000095a00000|  0%| F|  |TAMS 0x0000000095900000, 0x0000000095900000| Untracked 
| 346|0x0000000095a00000, 0x0000000095a00000, 0x0000000095b00000|  0%| F|  |TAMS 0x0000000095a00000, 0x0000000095a00000| Untracked 
| 347|0x0000000095b00000, 0x0000000095b00000, 0x0000000095c00000|  0%| F|  |TAMS 0x0000000095b00000, 0x0000000095b00000| Untracked 
| 348|0x0000000095c00000, 0x0000000095c00000, 0x0000000095d00000|  0%| F|  |TAMS 0x0000000095c00000, 0x0000000095c00000| Untracked 
| 349|0x0000000095d00000, 0x0000000095d00000, 0x0000000095e00000|  0%| F|  |TAMS 0x0000000095d00000, 0x0000000095d00000| Untracked 
| 350|0x0000000095e00000, 0x0000000095e00000, 0x0000000095f00000|  0%| F|  |TAMS 0x0000000095e00000, 0x0000000095e00000| Untracked 
| 351|0x0000000095f00000, 0x0000000095f00000, 0x0000000096000000|  0%| F|  |TAMS 0x0000000095f00000, 0x0000000095f00000| Untracked 
| 352|0x0000000096000000, 0x0000000096000000, 0x0000000096100000|  0%| F|  |TAMS 0x0000000096000000, 0x0000000096000000| Untracked 
| 353|0x0000000096100000, 0x0000000096100000, 0x0000000096200000|  0%| F|  |TAMS 0x0000000096100000, 0x0000000096100000| Untracked 
| 354|0x0000000096200000, 0x0000000096200000, 0x0000000096300000|  0%| F|  |TAMS 0x0000000096200000, 0x0000000096200000| Untracked 
| 355|0x0000000096300000, 0x0000000096300000, 0x0000000096400000|  0%| F|  |TAMS 0x0000000096300000, 0x0000000096300000| Untracked 
| 356|0x0000000096400000, 0x0000000096400000, 0x0000000096500000|  0%| F|  |TAMS 0x0000000096400000, 0x0000000096400000| Untracked 
| 357|0x0000000096500000, 0x0000000096500000, 0x0000000096600000|  0%| F|  |TAMS 0x0000000096500000, 0x0000000096500000| Untracked 
| 358|0x0000000096600000, 0x0000000096600000, 0x0000000096700000|  0%| F|  |TAMS 0x0000000096600000, 0x0000000096600000| Untracked 
| 359|0x0000000096700000, 0x0000000096700000, 0x0000000096800000|  0%| F|  |TAMS 0x0000000096700000, 0x0000000096700000| Untracked 
| 360|0x0000000096800000, 0x0000000096800000, 0x0000000096900000|  0%| F|  |TAMS 0x0000000096800000, 0x0000000096800000| Untracked 
| 361|0x0000000096900000, 0x0000000096900000, 0x0000000096a00000|  0%| F|  |TAMS 0x0000000096900000, 0x0000000096900000| Untracked 
| 362|0x0000000096a00000, 0x0000000096a00000, 0x0000000096b00000|  0%| F|  |TAMS 0x0000000096a00000, 0x0000000096a00000| Untracked 
| 363|0x0000000096b00000, 0x0000000096b00000, 0x0000000096c00000|  0%| F|  |TAMS 0x0000000096b00000, 0x0000000096b00000| Untracked 
| 364|0x0000000096c00000, 0x0000000096c00000, 0x0000000096d00000|  0%| F|  |TAMS 0x0000000096c00000, 0x0000000096c00000| Untracked 
| 365|0x0000000096d00000, 0x0000000096d00000, 0x0000000096e00000|  0%| F|  |TAMS 0x0000000096d00000, 0x0000000096d00000| Untracked 
| 366|0x0000000096e00000, 0x0000000096e00000, 0x0000000096f00000|  0%| F|  |TAMS 0x0000000096e00000, 0x0000000096e00000| Untracked 
| 367|0x0000000096f00000, 0x0000000096f00000, 0x0000000097000000|  0%| F|  |TAMS 0x0000000096f00000, 0x0000000096f00000| Untracked 
| 368|0x0000000097000000, 0x0000000097000000, 0x0000000097100000|  0%| F|  |TAMS 0x0000000097000000, 0x0000000097000000| Untracked 
| 369|0x0000000097100000, 0x0000000097100000, 0x0000000097200000|  0%| F|  |TAMS 0x0000000097100000, 0x0000000097100000| Untracked 
| 370|0x0000000097200000, 0x0000000097200000, 0x0000000097300000|  0%| F|  |TAMS 0x0000000097200000, 0x0000000097200000| Untracked 
| 371|0x0000000097300000, 0x0000000097300000, 0x0000000097400000|  0%| F|  |TAMS 0x0000000097300000, 0x0000000097300000| Untracked 
| 372|0x0000000097400000, 0x0000000097400000, 0x0000000097500000|  0%| F|  |TAMS 0x0000000097400000, 0x0000000097400000| Untracked 
| 373|0x0000000097500000, 0x0000000097500000, 0x0000000097600000|  0%| F|  |TAMS 0x0000000097500000, 0x0000000097500000| Untracked 
| 374|0x0000000097600000, 0x0000000097600000, 0x0000000097700000|  0%| F|  |TAMS 0x0000000097600000, 0x0000000097600000| Untracked 
| 375|0x0000000097700000, 0x0000000097700000, 0x0000000097800000|  0%| F|  |TAMS 0x0000000097700000, 0x0000000097700000| Untracked 
| 376|0x0000000097800000, 0x0000000097800000, 0x0000000097900000|  0%| F|  |TAMS 0x0000000097800000, 0x0000000097800000| Untracked 
| 377|0x0000000097900000, 0x0000000097900000, 0x0000000097a00000|  0%| F|  |TAMS 0x0000000097900000, 0x0000000097900000| Untracked 
| 378|0x0000000097a00000, 0x0000000097a00000, 0x0000000097b00000|  0%| F|  |TAMS 0x0000000097a00000, 0x0000000097a00000| Untracked 
| 379|0x0000000097b00000, 0x0000000097b00000, 0x0000000097c00000|  0%| F|  |TAMS 0x0000000097b00000, 0x0000000097b00000| Untracked 
| 380|0x0000000097c00000, 0x0000000097c00000, 0x0000000097d00000|  0%| F|  |TAMS 0x0000000097c00000, 0x0000000097c00000| Untracked 
| 381|0x0000000097d00000, 0x0000000097d00000, 0x0000000097e00000|  0%| F|  |TAMS 0x0000000097d00000, 0x0000000097d00000| Untracked 
| 382|0x0000000097e00000, 0x0000000097e00000, 0x0000000097f00000|  0%| F|  |TAMS 0x0000000097e00000, 0x0000000097e00000| Untracked 
| 383|0x0000000097f00000, 0x0000000097f00000, 0x0000000098000000|  0%| F|  |TAMS 0x0000000097f00000, 0x0000000097f00000| Untracked 
| 384|0x0000000098000000, 0x0000000098000000, 0x0000000098100000|  0%| F|  |TAMS 0x0000000098000000, 0x0000000098000000| Untracked 
| 385|0x0000000098100000, 0x0000000098100000, 0x0000000098200000|  0%| F|  |TAMS 0x0000000098100000, 0x0000000098100000| Untracked 
| 386|0x0000000098200000, 0x0000000098200000, 0x0000000098300000|  0%| F|  |TAMS 0x0000000098200000, 0x0000000098200000| Untracked 
| 387|0x0000000098300000, 0x0000000098300000, 0x0000000098400000|  0%| F|  |TAMS 0x0000000098300000, 0x0000000098300000| Untracked 
| 388|0x0000000098400000, 0x0000000098400000, 0x0000000098500000|  0%| F|  |TAMS 0x0000000098400000, 0x0000000098400000| Untracked 
| 389|0x0000000098500000, 0x0000000098500000, 0x0000000098600000|  0%| F|  |TAMS 0x0000000098500000, 0x0000000098500000| Untracked 
| 390|0x0000000098600000, 0x0000000098600000, 0x0000000098700000|  0%| F|  |TAMS 0x0000000098600000, 0x0000000098600000| Untracked 
| 391|0x0000000098700000, 0x0000000098700000, 0x0000000098800000|  0%| F|  |TAMS 0x0000000098700000, 0x0000000098700000| Untracked 
| 392|0x0000000098800000, 0x0000000098800000, 0x0000000098900000|  0%| F|  |TAMS 0x0000000098800000, 0x0000000098800000| Untracked 
| 393|0x0000000098900000, 0x0000000098900000, 0x0000000098a00000|  0%| F|  |TAMS 0x0000000098900000, 0x0000000098900000| Untracked 
| 394|0x0000000098a00000, 0x0000000098a00000, 0x0000000098b00000|  0%| F|  |TAMS 0x0000000098a00000, 0x0000000098a00000| Untracked 
| 395|0x0000000098b00000, 0x0000000098b00000, 0x0000000098c00000|  0%| F|  |TAMS 0x0000000098b00000, 0x0000000098b00000| Untracked 
| 396|0x0000000098c00000, 0x0000000098c00000, 0x0000000098d00000|  0%| F|  |TAMS 0x0000000098c00000, 0x0000000098c00000| Untracked 
| 397|0x0000000098d00000, 0x0000000098dc9cc0, 0x0000000098e00000| 78%| S|CS|TAMS 0x0000000098d00000, 0x0000000098d00000| Complete 
| 398|0x0000000098e00000, 0x0000000098f00000, 0x0000000098f00000|100%| S|CS|TAMS 0x0000000098e00000, 0x0000000098e00000| Complete 
| 399|0x0000000098f00000, 0x0000000099000000, 0x0000000099000000|100%| S|CS|TAMS 0x0000000098f00000, 0x0000000098f00000| Complete 
| 400|0x0000000099000000, 0x0000000099100000, 0x0000000099100000|100%| S|CS|TAMS 0x0000000099000000, 0x0000000099000000| Complete 
| 401|0x0000000099100000, 0x0000000099200000, 0x0000000099200000|100%| S|CS|TAMS 0x0000000099100000, 0x0000000099100000| Complete 
| 402|0x0000000099200000, 0x0000000099300000, 0x0000000099300000|100%| S|CS|TAMS 0x0000000099200000, 0x0000000099200000| Complete 
| 403|0x0000000099300000, 0x0000000099400000, 0x0000000099400000|100%| S|CS|TAMS 0x0000000099300000, 0x0000000099300000| Complete 
| 404|0x0000000099400000, 0x0000000099500000, 0x0000000099500000|100%| S|CS|TAMS 0x0000000099400000, 0x0000000099400000| Complete 
| 405|0x0000000099500000, 0x0000000099600000, 0x0000000099600000|100%| S|CS|TAMS 0x0000000099500000, 0x0000000099500000| Complete 
| 406|0x0000000099600000, 0x0000000099700000, 0x0000000099700000|100%| S|CS|TAMS 0x0000000099600000, 0x0000000099600000| Complete 
| 407|0x0000000099700000, 0x0000000099800000, 0x0000000099800000|100%| S|CS|TAMS 0x0000000099700000, 0x0000000099700000| Complete 
| 408|0x0000000099800000, 0x0000000099900000, 0x0000000099900000|100%| S|CS|TAMS 0x0000000099800000, 0x0000000099800000| Complete 
| 409|0x0000000099900000, 0x0000000099900000, 0x0000000099a00000|  0%| F|  |TAMS 0x0000000099900000, 0x0000000099900000| Untracked 
| 410|0x0000000099a00000, 0x0000000099a00000, 0x0000000099b00000|  0%| F|  |TAMS 0x0000000099a00000, 0x0000000099a00000| Untracked 
| 411|0x0000000099b00000, 0x0000000099b00000, 0x0000000099c00000|  0%| F|  |TAMS 0x0000000099b00000, 0x0000000099b00000| Untracked 
| 412|0x0000000099c00000, 0x0000000099c00000, 0x0000000099d00000|  0%| F|  |TAMS 0x0000000099c00000, 0x0000000099c00000| Untracked 
| 413|0x0000000099d00000, 0x0000000099d00000, 0x0000000099e00000|  0%| F|  |TAMS 0x0000000099d00000, 0x0000000099d00000| Untracked 
| 414|0x0000000099e00000, 0x0000000099e00000, 0x0000000099f00000|  0%| F|  |TAMS 0x0000000099e00000, 0x0000000099e00000| Untracked 
| 415|0x0000000099f00000, 0x0000000099f00000, 0x000000009a000000|  0%| F|  |TAMS 0x0000000099f00000, 0x0000000099f00000| Untracked 
| 416|0x000000009a000000, 0x000000009a000000, 0x000000009a100000|  0%| F|  |TAMS 0x000000009a000000, 0x000000009a000000| Untracked 
| 417|0x000000009a100000, 0x000000009a100000, 0x000000009a200000|  0%| F|  |TAMS 0x000000009a100000, 0x000000009a100000| Untracked 
| 418|0x000000009a200000, 0x000000009a200000, 0x000000009a300000|  0%| F|  |TAMS 0x000000009a200000, 0x000000009a200000| Untracked 
| 419|0x000000009a300000, 0x000000009a300000, 0x000000009a400000|  0%| F|  |TAMS 0x000000009a300000, 0x000000009a300000| Untracked 
| 420|0x000000009a400000, 0x000000009a400000, 0x000000009a500000|  0%| F|  |TAMS 0x000000009a400000, 0x000000009a400000| Untracked 
| 421|0x000000009a500000, 0x000000009a500000, 0x000000009a600000|  0%| F|  |TAMS 0x000000009a500000, 0x000000009a500000| Untracked 
| 422|0x000000009a600000, 0x000000009a600000, 0x000000009a700000|  0%| F|  |TAMS 0x000000009a600000, 0x000000009a600000| Untracked 
| 423|0x000000009a700000, 0x000000009a700000, 0x000000009a800000|  0%| F|  |TAMS 0x000000009a700000, 0x000000009a700000| Untracked 
| 424|0x000000009a800000, 0x000000009a800000, 0x000000009a900000|  0%| F|  |TAMS 0x000000009a800000, 0x000000009a800000| Untracked 
| 425|0x000000009a900000, 0x000000009a900000, 0x000000009aa00000|  0%| F|  |TAMS 0x000000009a900000, 0x000000009a900000| Untracked 
| 426|0x000000009aa00000, 0x000000009aa00000, 0x000000009ab00000|  0%| F|  |TAMS 0x000000009aa00000, 0x000000009aa00000| Untracked 
| 427|0x000000009ab00000, 0x000000009ab00000, 0x000000009ac00000|  0%| F|  |TAMS 0x000000009ab00000, 0x000000009ab00000| Untracked 
| 428|0x000000009ac00000, 0x000000009ac00000, 0x000000009ad00000|  0%| F|  |TAMS 0x000000009ac00000, 0x000000009ac00000| Untracked 
| 429|0x000000009ad00000, 0x000000009ad00000, 0x000000009ae00000|  0%| F|  |TAMS 0x000000009ad00000, 0x000000009ad00000| Untracked 
| 430|0x000000009ae00000, 0x000000009ae00000, 0x000000009af00000|  0%| F|  |TAMS 0x000000009ae00000, 0x000000009ae00000| Untracked 
| 431|0x000000009af00000, 0x000000009af00000, 0x000000009b000000|  0%| F|  |TAMS 0x000000009af00000, 0x000000009af00000| Untracked 
| 432|0x000000009b000000, 0x000000009b000000, 0x000000009b100000|  0%| F|  |TAMS 0x000000009b000000, 0x000000009b000000| Untracked 
| 433|0x000000009b100000, 0x000000009b100000, 0x000000009b200000|  0%| F|  |TAMS 0x000000009b100000, 0x000000009b100000| Untracked 
| 434|0x000000009b200000, 0x000000009b200000, 0x000000009b300000|  0%| F|  |TAMS 0x000000009b200000, 0x000000009b200000| Untracked 
| 435|0x000000009b300000, 0x000000009b300000, 0x000000009b400000|  0%| F|  |TAMS 0x000000009b300000, 0x000000009b300000| Untracked 
| 436|0x000000009b400000, 0x000000009b400000, 0x000000009b500000|  0%| F|  |TAMS 0x000000009b400000, 0x000000009b400000| Untracked 
| 437|0x000000009b500000, 0x000000009b500000, 0x000000009b600000|  0%| F|  |TAMS 0x000000009b500000, 0x000000009b500000| Untracked 
| 438|0x000000009b600000, 0x000000009b600000, 0x000000009b700000|  0%| F|  |TAMS 0x000000009b600000, 0x000000009b600000| Untracked 
| 439|0x000000009b700000, 0x000000009b700000, 0x000000009b800000|  0%| F|  |TAMS 0x000000009b700000, 0x000000009b700000| Untracked 
| 440|0x000000009b800000, 0x000000009b800000, 0x000000009b900000|  0%| F|  |TAMS 0x000000009b800000, 0x000000009b800000| Untracked 
| 441|0x000000009b900000, 0x000000009b900000, 0x000000009ba00000|  0%| F|  |TAMS 0x000000009b900000, 0x000000009b900000| Untracked 
| 442|0x000000009ba00000, 0x000000009ba00000, 0x000000009bb00000|  0%| F|  |TAMS 0x000000009ba00000, 0x000000009ba00000| Untracked 
| 443|0x000000009bb00000, 0x000000009bb00000, 0x000000009bc00000|  0%| F|  |TAMS 0x000000009bb00000, 0x000000009bb00000| Untracked 
| 444|0x000000009bc00000, 0x000000009bc00000, 0x000000009bd00000|  0%| F|  |TAMS 0x000000009bc00000, 0x000000009bc00000| Untracked 
| 445|0x000000009bd00000, 0x000000009bd00000, 0x000000009be00000|  0%| F|  |TAMS 0x000000009bd00000, 0x000000009bd00000| Untracked 
| 446|0x000000009be00000, 0x000000009be00000, 0x000000009bf00000|  0%| F|  |TAMS 0x000000009be00000, 0x000000009be00000| Untracked 
| 447|0x000000009bf00000, 0x000000009bf00000, 0x000000009c000000|  0%| F|  |TAMS 0x000000009bf00000, 0x000000009bf00000| Untracked 
| 448|0x000000009c000000, 0x000000009c000000, 0x000000009c100000|  0%| F|  |TAMS 0x000000009c000000, 0x000000009c000000| Untracked 
| 449|0x000000009c100000, 0x000000009c100000, 0x000000009c200000|  0%| F|  |TAMS 0x000000009c100000, 0x000000009c100000| Untracked 
| 450|0x000000009c200000, 0x000000009c200000, 0x000000009c300000|  0%| F|  |TAMS 0x000000009c200000, 0x000000009c200000| Untracked 
| 451|0x000000009c300000, 0x000000009c300000, 0x000000009c400000|  0%| F|  |TAMS 0x000000009c300000, 0x000000009c300000| Untracked 
| 452|0x000000009c400000, 0x000000009c400000, 0x000000009c500000|  0%| F|  |TAMS 0x000000009c400000, 0x000000009c400000| Untracked 
| 453|0x000000009c500000, 0x000000009c500000, 0x000000009c600000|  0%| F|  |TAMS 0x000000009c500000, 0x000000009c500000| Untracked 
| 454|0x000000009c600000, 0x000000009c600000, 0x000000009c700000|  0%| F|  |TAMS 0x000000009c600000, 0x000000009c600000| Untracked 
| 455|0x000000009c700000, 0x000000009c700000, 0x000000009c800000|  0%| F|  |TAMS 0x000000009c700000, 0x000000009c700000| Untracked 
| 456|0x000000009c800000, 0x000000009c800000, 0x000000009c900000|  0%| F|  |TAMS 0x000000009c800000, 0x000000009c800000| Untracked 
| 457|0x000000009c900000, 0x000000009c900000, 0x000000009ca00000|  0%| F|  |TAMS 0x000000009c900000, 0x000000009c900000| Untracked 
| 458|0x000000009ca00000, 0x000000009ca00000, 0x000000009cb00000|  0%| F|  |TAMS 0x000000009ca00000, 0x000000009ca00000| Untracked 
| 459|0x000000009cb00000, 0x000000009cb00000, 0x000000009cc00000|  0%| F|  |TAMS 0x000000009cb00000, 0x000000009cb00000| Untracked 
| 460|0x000000009cc00000, 0x000000009cc00000, 0x000000009cd00000|  0%| F|  |TAMS 0x000000009cc00000, 0x000000009cc00000| Untracked 
| 461|0x000000009cd00000, 0x000000009cd00000, 0x000000009ce00000|  0%| F|  |TAMS 0x000000009cd00000, 0x000000009cd00000| Untracked 
| 462|0x000000009ce00000, 0x000000009ce00000, 0x000000009cf00000|  0%| F|  |TAMS 0x000000009ce00000, 0x000000009ce00000| Untracked 
| 463|0x000000009cf00000, 0x000000009cf00000, 0x000000009d000000|  0%| F|  |TAMS 0x000000009cf00000, 0x000000009cf00000| Untracked 
| 464|0x000000009d000000, 0x000000009d000000, 0x000000009d100000|  0%| F|  |TAMS 0x000000009d000000, 0x000000009d000000| Untracked 
| 465|0x000000009d100000, 0x000000009d100000, 0x000000009d200000|  0%| F|  |TAMS 0x000000009d100000, 0x000000009d100000| Untracked 
| 466|0x000000009d200000, 0x000000009d200000, 0x000000009d300000|  0%| F|  |TAMS 0x000000009d200000, 0x000000009d200000| Untracked 
| 467|0x000000009d300000, 0x000000009d300000, 0x000000009d400000|  0%| F|  |TAMS 0x000000009d300000, 0x000000009d300000| Untracked 
| 468|0x000000009d400000, 0x000000009d400000, 0x000000009d500000|  0%| F|  |TAMS 0x000000009d400000, 0x000000009d400000| Untracked 
| 469|0x000000009d500000, 0x000000009d500000, 0x000000009d600000|  0%| F|  |TAMS 0x000000009d500000, 0x000000009d500000| Untracked 
| 470|0x000000009d600000, 0x000000009d600000, 0x000000009d700000|  0%| F|  |TAMS 0x000000009d600000, 0x000000009d600000| Untracked 
| 471|0x000000009d700000, 0x000000009d700000, 0x000000009d800000|  0%| F|  |TAMS 0x000000009d700000, 0x000000009d700000| Untracked 
| 472|0x000000009d800000, 0x000000009d800000, 0x000000009d900000|  0%| F|  |TAMS 0x000000009d800000, 0x000000009d800000| Untracked 
| 473|0x000000009d900000, 0x000000009d900000, 0x000000009da00000|  0%| F|  |TAMS 0x000000009d900000, 0x000000009d900000| Untracked 
| 474|0x000000009da00000, 0x000000009da00000, 0x000000009db00000|  0%| F|  |TAMS 0x000000009da00000, 0x000000009da00000| Untracked 
| 475|0x000000009db00000, 0x000000009db00000, 0x000000009dc00000|  0%| F|  |TAMS 0x000000009db00000, 0x000000009db00000| Untracked 
| 476|0x000000009dc00000, 0x000000009dc00000, 0x000000009dd00000|  0%| F|  |TAMS 0x000000009dc00000, 0x000000009dc00000| Untracked 
| 477|0x000000009dd00000, 0x000000009dd00000, 0x000000009de00000|  0%| F|  |TAMS 0x000000009dd00000, 0x000000009dd00000| Untracked 
| 478|0x000000009de00000, 0x000000009de00000, 0x000000009df00000|  0%| F|  |TAMS 0x000000009de00000, 0x000000009de00000| Untracked 
| 479|0x000000009df00000, 0x000000009df00000, 0x000000009e000000|  0%| F|  |TAMS 0x000000009df00000, 0x000000009df00000| Untracked 
| 480|0x000000009e000000, 0x000000009e000000, 0x000000009e100000|  0%| F|  |TAMS 0x000000009e000000, 0x000000009e000000| Untracked 
| 481|0x000000009e100000, 0x000000009e100000, 0x000000009e200000|  0%| F|  |TAMS 0x000000009e100000, 0x000000009e100000| Untracked 
| 482|0x000000009e200000, 0x000000009e200000, 0x000000009e300000|  0%| F|  |TAMS 0x000000009e200000, 0x000000009e200000| Untracked 
| 483|0x000000009e300000, 0x000000009e300000, 0x000000009e400000|  0%| F|  |TAMS 0x000000009e300000, 0x000000009e300000| Untracked 
| 484|0x000000009e400000, 0x000000009e400000, 0x000000009e500000|  0%| F|  |TAMS 0x000000009e400000, 0x000000009e400000| Untracked 
| 485|0x000000009e500000, 0x000000009e500000, 0x000000009e600000|  0%| F|  |TAMS 0x000000009e500000, 0x000000009e500000| Untracked 
| 486|0x000000009e600000, 0x000000009e600000, 0x000000009e700000|  0%| F|  |TAMS 0x000000009e600000, 0x000000009e600000| Untracked 
| 487|0x000000009e700000, 0x000000009e700000, 0x000000009e800000|  0%| F|  |TAMS 0x000000009e700000, 0x000000009e700000| Untracked 
| 488|0x000000009e800000, 0x000000009e800000, 0x000000009e900000|  0%| F|  |TAMS 0x000000009e800000, 0x000000009e800000| Untracked 
| 489|0x000000009e900000, 0x000000009e900000, 0x000000009ea00000|  0%| F|  |TAMS 0x000000009e900000, 0x000000009e900000| Untracked 
| 490|0x000000009ea00000, 0x000000009ea00000, 0x000000009eb00000|  0%| F|  |TAMS 0x000000009ea00000, 0x000000009ea00000| Untracked 
| 491|0x000000009eb00000, 0x000000009eb00000, 0x000000009ec00000|  0%| F|  |TAMS 0x000000009eb00000, 0x000000009eb00000| Untracked 
| 492|0x000000009ec00000, 0x000000009ec00000, 0x000000009ed00000|  0%| F|  |TAMS 0x000000009ec00000, 0x000000009ec00000| Untracked 
| 493|0x000000009ed00000, 0x000000009ed00000, 0x000000009ee00000|  0%| F|  |TAMS 0x000000009ed00000, 0x000000009ed00000| Untracked 
| 494|0x000000009ee00000, 0x000000009ee00000, 0x000000009ef00000|  0%| F|  |TAMS 0x000000009ee00000, 0x000000009ee00000| Untracked 
| 495|0x000000009ef00000, 0x000000009ef00000, 0x000000009f000000|  0%| F|  |TAMS 0x000000009ef00000, 0x000000009ef00000| Untracked 
| 496|0x000000009f000000, 0x000000009f000000, 0x000000009f100000|  0%| F|  |TAMS 0x000000009f000000, 0x000000009f000000| Untracked 
| 497|0x000000009f100000, 0x000000009f100000, 0x000000009f200000|  0%| F|  |TAMS 0x000000009f100000, 0x000000009f100000| Untracked 
| 498|0x000000009f200000, 0x000000009f200000, 0x000000009f300000|  0%| F|  |TAMS 0x000000009f200000, 0x000000009f200000| Untracked 
| 499|0x000000009f300000, 0x000000009f3abdc0, 0x000000009f400000| 67%| E|  |TAMS 0x000000009f300000, 0x000000009f300000| Complete 
| 500|0x000000009f400000, 0x000000009f500000, 0x000000009f500000|100%| E|CS|TAMS 0x000000009f400000, 0x000000009f400000| Complete 
| 501|0x000000009f500000, 0x000000009f600000, 0x000000009f600000|100%| E|CS|TAMS 0x000000009f500000, 0x000000009f500000| Complete 
| 502|0x000000009f600000, 0x000000009f700000, 0x000000009f700000|100%| E|CS|TAMS 0x000000009f600000, 0x000000009f600000| Complete 
| 503|0x000000009f700000, 0x000000009f800000, 0x000000009f800000|100%| E|CS|TAMS 0x000000009f700000, 0x000000009f700000| Complete 
| 504|0x000000009f800000, 0x000000009f900000, 0x000000009f900000|100%| E|CS|TAMS 0x000000009f800000, 0x000000009f800000| Complete 
| 505|0x000000009f900000, 0x000000009fa00000, 0x000000009fa00000|100%| E|CS|TAMS 0x000000009f900000, 0x000000009f900000| Complete 
| 506|0x000000009fa00000, 0x000000009fb00000, 0x000000009fb00000|100%| E|CS|TAMS 0x000000009fa00000, 0x000000009fa00000| Complete 
| 507|0x000000009fb00000, 0x000000009fc00000, 0x000000009fc00000|100%| E|CS|TAMS 0x000000009fb00000, 0x000000009fb00000| Complete 
| 508|0x000000009fc00000, 0x000000009fd00000, 0x000000009fd00000|100%| E|CS|TAMS 0x000000009fc00000, 0x000000009fc00000| Complete 

Card table byte_map: [0x0000026465a00000,0x0000026465e00000] _byte_map_base: 0x0000026465600000

Marking Bits (Prev, Next): (CMBitMap*) 0x000002644ec98c40, (CMBitMap*) 0x000002644ec98c00
 Prev Bits: [0x0000026468200000, 0x000002646a200000)
 Next Bits: [0x0000026466200000, 0x0000026468200000)

Polling page: 0x000002644e410000

Metaspace:

Usage:
  Non-class:    109.44 MB used.
      Class:     16.73 MB used.
       Both:    126.18 MB used.

Virtual space:
  Non-class space:      128.00 MB reserved,     110.38 MB ( 86%) committed,  2 nodes.
      Class space:      416.00 MB reserved,      17.56 MB (  4%) committed,  1 nodes.
             Both:      544.00 MB reserved,     127.94 MB ( 24%) committed. 

Chunk freelists:
   Non-Class:  912.00 KB
       Class:  14.39 MB
        Both:  15.28 MB

MaxMetaspaceSize: 512.00 MB
CompressedClassSpaceSize: 416.00 MB
Initial GC threshold: 21.00 MB
Current GC threshold: 194.38 MB
CDS: on
MetaspaceReclaimPolicy: balanced
 - commit_granule_bytes: 65536.
 - commit_granule_words: 8192.
 - virtual_space_node_default_size: 8388608.
 - enlarge_chunks_in_place: 1.
 - new_chunks_are_fully_committed: 0.
 - uncommit_free_chunks: 1.
 - use_allocation_guard: 0.
 - handle_deallocations: 1.


Internal statistics:

num_allocs_failed_limit: 6.
num_arena_births: 2502.
num_arena_deaths: 6.
num_vsnodes_births: 3.
num_vsnodes_deaths: 0.
num_space_committed: 2046.
num_space_uncommitted: 0.
num_chunks_returned_to_freelist: 22.
num_chunks_taken_from_freelist: 8516.
num_chunk_merges: 8.
num_chunk_splits: 5332.
num_chunks_enlarged: 3119.
num_inconsistent_stats: 0.

CodeHeap 'non-profiled nmethods': size=120000Kb used=12813Kb max_used=12957Kb free=107186Kb
 bounds [0x000002645dfc0000, 0x000002645ec70000, 0x00000264654f0000]
CodeHeap 'profiled nmethods': size=120000Kb used=39726Kb max_used=39999Kb free=80273Kb
 bounds [0x00000264564f0000, 0x0000026458c00000, 0x000002645da20000]
CodeHeap 'non-nmethods': size=5760Kb used=2470Kb max_used=2557Kb free=3289Kb
 bounds [0x000002645da20000, 0x000002645dcc0000, 0x000002645dfc0000]
 total_blobs=21321 nmethods=20307 adapters=925
 compilation: enabled
              stopped_count=0, restarted_count=0
 full_count=0

Compilation events (20 events):
Event: 52.352 Thread 0x000002646c9e7b50 24890       3       com.google.common.collect.ImmutableCollection::spliterator (8 bytes)
Event: 52.352 Thread 0x000002646c9e7b50 nmethod 24890 0x0000026457791590 code [0x0000026457791740, 0x00000264577919c8]
Event: 52.352 Thread 0x000002646c9e7b50 24886       3       org.gradle.execution.plan.ExecutionNodeAccessHierarchy$CollectingNodeAccessVisitor::<init> (5 bytes)
Event: 52.352 Thread 0x000002646c9e7b50 nmethod 24886 0x0000026457cf7010 code [0x0000026457cf71e0, 0x0000026457cf7628]
Event: 52.352 Thread 0x000002646c9e7b50 24887       3       org.gradle.execution.plan.ExecutionNodeAccessHierarchy$CollectingNodeAccessVisitor::<init> (13 bytes)
Event: 52.352 Thread 0x000002646c9e7b50 nmethod 24887 0x000002645884ff10 code [0x00000264588500e0, 0x00000264588504c8]
Event: 52.352 Thread 0x000002646c9e7b50 24888       3       org.gradle.execution.plan.ExecutionNodeAccessHierarchy$CollectingNodeAccessVisitor::getResult (5 bytes)
Event: 52.353 Thread 0x000002646c9e7b50 nmethod 24888 0x0000026457aa0110 code [0x0000026457aa02c0, 0x0000026457aa0568]
Event: 52.353 Thread 0x000002646c9e7b50 24889       3       org.gradle.execution.plan.ExecutionNodeAccessHierarchy$CollectingNodeAccessVisitor::getResult (8 bytes)
Event: 52.353 Thread 0x000002646c9e7b50 nmethod 24889 0x000002645838de90 code [0x000002645838e040, 0x000002645838e208]
Event: 52.378 Thread 0x000002646c9e7b50 24891       2       com.google.gson.internal.$Gson$Types::checkNotPrimitive (26 bytes)
Event: 52.378 Thread 0x000002646c9e7b50 nmethod 24891 0x000002645848a210 code [0x000002645848a3c0, 0x000002645848a628]
Event: 52.378 Thread 0x000002646c9e7b50 24892       2       com.google.gson.internal.bind.NumberTypeAdapter$1::create (18 bytes)
Event: 52.378 Thread 0x000002646c9e7b50 nmethod 24892 0x0000026456aa4c90 code [0x0000026456aa4e20, 0x0000026456aa4f78]
Event: 52.378 Thread 0x000002646c9e7b50 24893       2       com.google.gson.internal.bind.DateTypeAdapter$1::create (21 bytes)
Event: 52.378 Thread 0x000002646c9e7b50 nmethod 24893 0x0000026458282010 code [0x00000264582821c0, 0x00000264582823a8]
Event: 52.389 Thread 0x000002646c9e7b50 24894       1       org.gradle.cache.PersistentIndexedCacheParameters::getCacheName (5 bytes)
Event: 52.389 Thread 0x000002646c9e7b50 nmethod 24894 0x000002645ead1b90 code [0x000002645ead1d20, 0x000002645ead1df8]
Event: 52.389 Thread 0x000002646c9e7b50 24895       1       java.lang.Thread::isDaemon (5 bytes)
Event: 52.389 Thread 0x000002646c9e7b50 nmethod 24895 0x000002645ead1890 code [0x000002645ead1a20, 0x000002645ead1af8]

GC Heap History (20 events):
Event: 44.799 GC heap before
{Heap before GC invocations=75 (full 0):
 garbage-first heap   total 339968K, used 299372K [0x0000000080000000, 0x0000000100000000)
  region size 1024K, 6 young (6144K), 2 survivors (2048K)
 Metaspace       used 117673K, committed 119424K, reserved 557056K
  class space    used 15962K, committed 16768K, reserved 425984K
}
Event: 44.802 GC heap after
{Heap after GC invocations=76 (full 0):
 garbage-first heap   total 339968K, used 297631K [0x0000000080000000, 0x0000000100000000)
  region size 1024K, 2 young (2048K), 2 survivors (2048K)
 Metaspace       used 117673K, committed 119424K, reserved 557056K
  class space    used 15962K, committed 16768K, reserved 425984K
}
Event: 45.044 GC heap before
{Heap before GC invocations=76 (full 0):
 garbage-first heap   total 339968K, used 320159K [0x0000000080000000, 0x0000000100000000)
  region size 1024K, 16 young (16384K), 2 survivors (2048K)
 Metaspace       used 117679K, committed 119424K, reserved 557056K
  class space    used 15962K, committed 16768K, reserved 425984K
}
Event: 45.051 GC heap after
{Heap after GC invocations=77 (full 0):
 garbage-first heap   total 408576K, used 308224K [0x0000000080000000, 0x0000000100000000)
  region size 1024K, 2 young (2048K), 2 survivors (2048K)
 Metaspace       used 117679K, committed 119424K, reserved 557056K
  class space    used 15962K, committed 16768K, reserved 425984K
}
Event: 45.699 GC heap before
{Heap before GC invocations=78 (full 0):
 garbage-first heap   total 521216K, used 343040K [0x0000000080000000, 0x0000000100000000)
  region size 1024K, 29 young (29696K), 2 survivors (2048K)
 Metaspace       used 117820K, committed 119552K, reserved 557056K
  class space    used 15944K, committed 16768K, reserved 425984K
}
Event: 45.708 GC heap after
{Heap after GC invocations=79 (full 0):
 garbage-first heap   total 521216K, used 314827K [0x0000000080000000, 0x0000000100000000)
  region size 1024K, 4 young (4096K), 4 survivors (4096K)
 Metaspace       used 117820K, committed 119552K, reserved 557056K
  class space    used 15944K, committed 16768K, reserved 425984K
}
Event: 45.980 GC heap before
{Heap before GC invocations=79 (full 0):
 garbage-first heap   total 521216K, used 336331K [0x0000000080000000, 0x0000000100000000)
  region size 1024K, 25 young (25600K), 4 survivors (4096K)
 Metaspace       used 117892K, committed 119616K, reserved 557056K
  class space    used 15950K, committed 16768K, reserved 425984K
}
Event: 45.991 GC heap after
{Heap after GC invocations=80 (full 0):
 garbage-first heap   total 521216K, used 314915K [0x0000000080000000, 0x0000000100000000)
  region size 1024K, 4 young (4096K), 4 survivors (4096K)
 Metaspace       used 117892K, committed 119616K, reserved 557056K
  class space    used 15950K, committed 16768K, reserved 425984K
}
Event: 46.879 GC heap before
{Heap before GC invocations=80 (full 0):
 garbage-first heap   total 521216K, used 423459K [0x0000000080000000, 0x0000000100000000)
  region size 1024K, 94 young (96256K), 4 survivors (4096K)
 Metaspace       used 121502K, committed 123200K, reserved 557056K
  class space    used 16248K, committed 17024K, reserved 425984K
}
Event: 46.894 GC heap after
{Heap after GC invocations=81 (full 0):
 garbage-first heap   total 521216K, used 326871K [0x0000000080000000, 0x0000000100000000)
  region size 1024K, 12 young (12288K), 12 survivors (12288K)
 Metaspace       used 121502K, committed 123200K, reserved 557056K
  class space    used 16248K, committed 17024K, reserved 425984K
}
Event: 47.406 GC heap before
{Heap before GC invocations=81 (full 0):
 garbage-first heap   total 521216K, used 414935K [0x0000000080000000, 0x0000000100000000)
  region size 1024K, 99 young (101376K), 12 survivors (12288K)
 Metaspace       used 122734K, committed 124480K, reserved 557056K
  class space    used 16329K, committed 17152K, reserved 425984K
}
Event: 47.415 GC heap after
{Heap after GC invocations=82 (full 0):
 garbage-first heap   total 521216K, used 326695K [0x0000000080000000, 0x0000000100000000)
  region size 1024K, 3 young (3072K), 3 survivors (3072K)
 Metaspace       used 122734K, committed 124480K, reserved 557056K
  class space    used 16329K, committed 17152K, reserved 425984K
}
Event: 48.736 GC heap before
{Heap before GC invocations=82 (full 0):
 garbage-first heap   total 521216K, used 430119K [0x0000000080000000, 0x0000000100000000)
  region size 1024K, 97 young (99328K), 3 survivors (3072K)
 Metaspace       used 124620K, committed 126400K, reserved 557056K
  class space    used 16550K, committed 17408K, reserved 425984K
}
Event: 48.742 GC heap after
{Heap after GC invocations=83 (full 0):
 garbage-first heap   total 521216K, used 330097K [0x0000000080000000, 0x0000000100000000)
  region size 1024K, 6 young (6144K), 6 survivors (6144K)
 Metaspace       used 124620K, committed 126400K, reserved 557056K
  class space    used 16550K, committed 17408K, reserved 425984K
}
Event: 49.744 GC heap before
{Heap before GC invocations=83 (full 0):
 garbage-first heap   total 521216K, used 432497K [0x0000000080000000, 0x0000000100000000)
  region size 1024K, 103 young (105472K), 6 survivors (6144K)
 Metaspace       used 126254K, committed 128064K, reserved 557056K
  class space    used 16764K, committed 17600K, reserved 425984K
}
Event: 49.757 GC heap after
{Heap after GC invocations=84 (full 0):
 garbage-first heap   total 521216K, used 337352K [0x0000000080000000, 0x0000000100000000)
  region size 1024K, 13 young (13312K), 13 survivors (13312K)
 Metaspace       used 126254K, committed 128064K, reserved 557056K
  class space    used 16764K, committed 17600K, reserved 425984K
}
Event: 50.519 GC heap before
{Heap before GC invocations=84 (full 0):
 garbage-first heap   total 521216K, used 432584K [0x0000000080000000, 0x0000000100000000)
  region size 1024K, 107 young (109568K), 13 survivors (13312K)
 Metaspace       used 126477K, committed 128256K, reserved 557056K
  class space    used 16780K, committed 17664K, reserved 425984K
}
Event: 50.533 GC heap after
{Heap after GC invocations=85 (full 0):
 garbage-first heap   total 521216K, used 341755K [0x0000000080000000, 0x0000000100000000)
  region size 1024K, 6 young (6144K), 6 survivors (6144K)
 Metaspace       used 126477K, committed 128256K, reserved 557056K
  class space    used 16780K, committed 17664K, reserved 425984K
}
Event: 52.145 GC heap before
{Heap before GC invocations=85 (full 0):
 garbage-first heap   total 521216K, used 441083K [0x0000000080000000, 0x0000000100000000)
  region size 1024K, 100 young (102400K), 6 survivors (6144K)
 Metaspace       used 128443K, committed 130176K, reserved 557056K
  class space    used 17039K, committed 17856K, reserved 425984K
}
Event: 52.155 GC heap after
{Heap after GC invocations=86 (full 0):
 garbage-first heap   total 521216K, used 348341K [0x0000000080000000, 0x0000000100000000)
  region size 1024K, 12 young (12288K), 12 survivors (12288K)
 Metaspace       used 128443K, committed 130176K, reserved 557056K
  class space    used 17039K, committed 17856K, reserved 425984K
}

Deoptimization events (20 events):
Event: 51.337 Thread 0x000002646ce61fc0 Uncommon trap: trap_request=0xffffffde fr.pc=0x000002645e090094 relative=0x0000000000001cb4
Event: 51.337 Thread 0x000002646ce61fc0 Uncommon trap: reason=class_check action=maybe_recompile pc=0x000002645e090094 method=java.util.concurrent.locks.AbstractQueuedSynchronizer.acquire(Ljava/util/concurrent/locks/AbstractQueuedSynchronizer$Node;IZZZJ)I @ 108 c2
Event: 51.337 Thread 0x000002646ce61fc0 DEOPT PACKING pc=0x000002645e090094 sp=0x0000008b0f1fd410
Event: 51.337 Thread 0x000002646ce61fc0 DEOPT UNPACKING pc=0x000002645da723a3 sp=0x0000008b0f1fd408 mode 2
Event: 52.079 Thread 0x0000026475916760 DEOPT PACKING pc=0x0000026458bef5bc sp=0x0000008b0e5fc320
Event: 52.079 Thread 0x0000026475916760 DEOPT UNPACKING pc=0x000002645da72b43 sp=0x0000008b0e5fb8a0 mode 0
Event: 52.091 Thread 0x0000026472f14760 Uncommon trap: trap_request=0xffffff45 fr.pc=0x000002645e94f678 relative=0x00000000000052f8
Event: 52.091 Thread 0x0000026472f14760 Uncommon trap: reason=unstable_if action=reinterpret pc=0x000002645e94f678 method=org.gradle.internal.component.model.ComponentAttributeMatcher$CachedQuery.select([ILjava/util/Collection;)Ljava/util/List; @ 2 c2
Event: 52.091 Thread 0x0000026472f14760 DEOPT PACKING pc=0x000002645e94f678 sp=0x0000008b0c3fc200
Event: 52.091 Thread 0x0000026472f14760 DEOPT UNPACKING pc=0x000002645da723a3 sp=0x0000008b0c3fc148 mode 2
Event: 52.091 Thread 0x0000026472f14760 Uncommon trap: trap_request=0xffffff45 fr.pc=0x000002645e93d998 relative=0x00000000000057d8
Event: 52.091 Thread 0x0000026472f14760 Uncommon trap: reason=unstable_if action=reinterpret pc=0x000002645e93d998 method=org.gradle.internal.component.model.ComponentAttributeMatcher$CachedQuery.select([ILjava/util/Collection;)Ljava/util/List; @ 2 c2
Event: 52.091 Thread 0x0000026472f14760 DEOPT PACKING pc=0x000002645e93d998 sp=0x0000008b0c3fc190
Event: 52.091 Thread 0x0000026472f14760 DEOPT UNPACKING pc=0x000002645da723a3 sp=0x0000008b0c3fc138 mode 2
Event: 52.115 Thread 0x0000026472f14760 Uncommon trap: trap_request=0xffffff66 fr.pc=0x000002645e7f12d8 relative=0x0000000000000578
Event: 52.115 Thread 0x0000026472f14760 Uncommon trap: reason=speculate_class_check action=maybe_recompile pc=0x000002645e7f12d8 method=org.gradle.api.internal.provider.AbstractProperty.assertCanMutate()V @ 5 c2
Event: 52.115 Thread 0x0000026472f14760 DEOPT PACKING pc=0x000002645e7f12d8 sp=0x0000008b0c3fb0b0
Event: 52.115 Thread 0x0000026472f14760 DEOPT UNPACKING pc=0x000002645da723a3 sp=0x0000008b0c3fafa8 mode 2
Event: 52.212 Thread 0x0000026471bc53a0 DEOPT PACKING pc=0x0000026458bef5bc sp=0x0000008b094ff100
Event: 52.212 Thread 0x0000026471bc53a0 DEOPT UNPACKING pc=0x000002645da72b43 sp=0x0000008b094fe680 mode 0

Classes unloaded (20 events):
Event: 45.136 Thread 0x000002646c9bfeb0 Unloading class 0x0000026401dc67d0 '_BuildScript_$_run_closure2'
Event: 45.136 Thread 0x000002646c9bfeb0 Unloading class 0x0000026401dc63e8 '_BuildScript_$_run_closure1$_closure8$_closure10'
Event: 45.136 Thread 0x000002646c9bfeb0 Unloading class 0x0000026401dc6000 '_BuildScript_$_run_closure1$_closure8'
Event: 45.136 Thread 0x000002646c9bfeb0 Unloading class 0x0000026401dc5bb8 '_BuildScript_$_run_closure1$_closure7'
Event: 45.136 Thread 0x000002646c9bfeb0 Unloading class 0x0000026401dc57d0 '_BuildScript_$_run_closure1$_closure6'
Event: 45.136 Thread 0x000002646c9bfeb0 Unloading class 0x0000026401dc53e8 '_BuildScript_$_run_closure1$_closure5$_closure9'
Event: 45.136 Thread 0x000002646c9bfeb0 Unloading class 0x0000026401dc5000 '_BuildScript_$_run_closure1$_closure5'
Event: 45.136 Thread 0x000002646c9bfeb0 Unloading class 0x0000026401dc4928 '_BuildScript_$_run_closure1$_closure4'
Event: 45.136 Thread 0x000002646c9bfeb0 Unloading class 0x0000026401dc4540 '_BuildScript_$_run_closure1'
Event: 45.136 Thread 0x000002646c9bfeb0 Unloading class 0x0000026401dc4000 '_BuildScript_'
Event: 45.136 Thread 0x000002646c9bfeb0 Unloading class 0x0000026401dc0bb8 '_BuildScript_$_run_closure1$_closure4'
Event: 45.136 Thread 0x000002646c9bfeb0 Unloading class 0x0000026401dc07d0 '_BuildScript_$_run_closure1$_closure3'
Event: 45.136 Thread 0x000002646c9bfeb0 Unloading class 0x0000026401dc03e8 '_BuildScript_$_run_closure1$_closure2'
Event: 45.136 Thread 0x000002646c9bfeb0 Unloading class 0x0000026401dc0000 '_BuildScript_$_run_closure1'
Event: 45.136 Thread 0x000002646c9bfeb0 Unloading class 0x0000026401db9800 '_BuildScript_'
Event: 45.136 Thread 0x000002646c9bfeb0 Unloading class 0x0000026401cc0bb8 '_BuildScript_$_run_closure2'
Event: 45.136 Thread 0x000002646c9bfeb0 Unloading class 0x0000026401cc07d0 '_BuildScript_$_run_closure1$_closure4'
Event: 45.136 Thread 0x000002646c9bfeb0 Unloading class 0x0000026401cc03e8 '_BuildScript_$_run_closure1$_closure3'
Event: 45.136 Thread 0x000002646c9bfeb0 Unloading class 0x0000026401cc0000 '_BuildScript_$_run_closure1'
Event: 45.136 Thread 0x000002646c9bfeb0 Unloading class 0x0000026401cbc000 '_BuildScript_'

Classes redefined (0 events):
No events

Internal exceptions (20 events):
Event: 51.101 Thread 0x0000026472f14760 Exception <a 'java/lang/NoSuchMethodError'{0x000000009c5a0db8}: static Lcom/android/build/gradle/internal/scope/InternalArtifactType;.<clinit>()V> (0x000000009c5a0db8) 
thrown [s\open\src\hotspot\share\prims\jni.cpp, line 1107]
Event: 51.101 Thread 0x0000026472f14760 Exception <a 'java/lang/NoSuchMethodError'{0x000000009c5a3f48}: static Lcom/android/build/api/artifact/Artifact$Single;.<clinit>()V> (0x000000009c5a3f48) 
thrown [s\open\src\hotspot\share\prims\jni.cpp, line 1107]
Event: 51.101 Thread 0x0000026472f14760 Exception <a 'java/lang/NoSuchMethodError'{0x000000009c5a64c0}: static Ljava/lang/Object;.<clinit>()V> (0x000000009c5a64c0) 
thrown [s\open\src\hotspot\share\prims\jni.cpp, line 1107]
Event: 51.101 Thread 0x0000026472f14760 Exception <a 'java/lang/NoSuchMethodError'{0x000000009c5bc878}: static Lcom/android/build/api/artifact/ArtifactKind;.<clinit>()V> (0x000000009c5bc878) 
thrown [s\open\src\hotspot\share\prims\jni.cpp, line 1107]
Event: 51.101 Thread 0x0000026472f14760 Exception <a 'java/lang/NoSuchMethodError'{0x000000009c5bda38}: static Lcom/android/build/api/artifact/ArtifactKind;.<clinit>()V> (0x000000009c5bda38) 
thrown [s\open\src\hotspot\share\prims\jni.cpp, line 1107]
Event: 52.096 Thread 0x0000026472f14760 Exception <a 'sun/nio/fs/WindowsException'{0x000000009a1236b8}> (0x000000009a1236b8) 
thrown [s\open\src\hotspot\share\prims\jni.cpp, line 516]
Event: 52.096 Thread 0x0000026472f14760 Exception <a 'sun/nio/fs/WindowsException'{0x000000009a124578}> (0x000000009a124578) 
thrown [s\open\src\hotspot\share\prims\jni.cpp, line 516]
Event: 52.096 Thread 0x0000026472f14760 Exception <a 'sun/nio/fs/WindowsException'{0x000000009a124920}> (0x000000009a124920) 
thrown [s\open\src\hotspot\share\prims\jni.cpp, line 516]
Event: 52.096 Thread 0x0000026472f14760 Exception <a 'sun/nio/fs/WindowsException'{0x000000009a1257d8}> (0x000000009a1257d8) 
thrown [s\open\src\hotspot\share\prims\jni.cpp, line 516]
Event: 52.096 Thread 0x0000026472f14760 Exception <a 'sun/nio/fs/WindowsException'{0x000000009a125ab0}> (0x000000009a125ab0) 
thrown [s\open\src\hotspot\share\prims\jni.cpp, line 516]
Event: 52.096 Thread 0x0000026472f14760 Exception <a 'sun/nio/fs/WindowsException'{0x000000009a126938}> (0x000000009a126938) 
thrown [s\open\src\hotspot\share\prims\jni.cpp, line 516]
Event: 52.116 Thread 0x0000026472f14760 Exception <a 'java/lang/NoSuchMethodError'{0x000000009a00d508}: static Lcom/android/builder/internal/aapt/AaptOptions;.<clinit>()V> (0x000000009a00d508) 
thrown [s\open\src\hotspot\share\prims\jni.cpp, line 1107]
Event: 52.120 Thread 0x0000026472f14760 Exception <a 'java/lang/NoSuchMethodError'{0x000000009a050350}: static Ljava/lang/Object;.<clinit>()V> (0x000000009a050350) 
thrown [s\open\src\hotspot\share\prims\jni.cpp, line 1107]
Event: 52.128 Thread 0x0000026472f0f150 Exception <a 'sun/nio/fs/WindowsException'{0x0000000099f4cb10}> (0x0000000099f4cb10) 
thrown [s\open\src\hotspot\share\prims\jni.cpp, line 516]
Event: 52.128 Thread 0x0000026472f0f150 Exception <a 'sun/nio/fs/WindowsException'{0x0000000099f4da08}> (0x0000000099f4da08) 
thrown [s\open\src\hotspot\share\prims\jni.cpp, line 516]
Event: 52.131 Thread 0x000002646ce5c9b0 Exception <a 'sun/nio/fs/WindowsException'{0x000000009f7da838}> (0x000000009f7da838) 
thrown [s\open\src\hotspot\share\prims\jni.cpp, line 516]
Event: 52.157 Thread 0x0000026472f14c70 Exception <a 'sun/nio/fs/WindowsException'{0x000000009fc00278}> (0x000000009fc00278) 
thrown [s\open\src\hotspot\share\prims\jni.cpp, line 516]
Event: 52.157 Thread 0x0000026472f14c70 Exception <a 'sun/nio/fs/WindowsException'{0x000000009fc189c0}> (0x000000009fc189c0) 
thrown [s\open\src\hotspot\share\prims\jni.cpp, line 516]
Event: 52.161 Thread 0x000002646ce5ba80 Exception <a 'sun/nio/fs/WindowsException'{0x000000009fc24640}> (0x000000009fc24640) 
thrown [s\open\src\hotspot\share\prims\jni.cpp, line 516]
Event: 52.215 Thread 0x0000026472f0f150 Exception <a 'java/lang/NoSuchMethodError'{0x000000009fa62d08}: static Ljava/lang/Object;.<clinit>()V> (0x000000009fa62d08) 
thrown [s\open\src\hotspot\share\prims\jni.cpp, line 1107]

VM Operations (20 events):
Event: 49.708 Executing VM operation: ICBufferFull
Event: 49.708 Executing VM operation: ICBufferFull done
Event: 49.710 Executing VM operation: HandshakeAllThreads
Event: 49.711 Executing VM operation: HandshakeAllThreads done
Event: 49.743 Executing VM operation: G1CollectForAllocation
Event: 49.760 Executing VM operation: G1CollectForAllocation done
Event: 50.504 Executing VM operation: ICBufferFull
Event: 50.504 Executing VM operation: ICBufferFull done
Event: 50.519 Executing VM operation: G1CollectForAllocation
Event: 50.534 Executing VM operation: G1CollectForAllocation done
Event: 50.894 Executing VM operation: ICBufferFull
Event: 50.894 Executing VM operation: ICBufferFull done
Event: 50.958 Executing VM operation: HandshakeAllThreads
Event: 50.958 Executing VM operation: HandshakeAllThreads done
Event: 51.631 Executing VM operation: HandshakeAllThreads
Event: 51.631 Executing VM operation: HandshakeAllThreads done
Event: 51.655 Executing VM operation: ICBufferFull
Event: 51.655 Executing VM operation: ICBufferFull done
Event: 52.144 Executing VM operation: G1CollectForAllocation
Event: 52.156 Executing VM operation: G1CollectForAllocation done

Events (20 events):
Event: 51.653 Thread 0x000002646c9fd3e0 flushing nmethod 0x000002645867e790
Event: 51.653 Thread 0x000002646c9fd3e0 flushing nmethod 0x000002645867ed90
Event: 51.653 Thread 0x000002646c9fd3e0 flushing nmethod 0x000002645867f810
Event: 51.653 Thread 0x000002646c9fd3e0 flushing nmethod 0x000002645867fd90
Event: 51.653 Thread 0x000002646c9fd3e0 flushing nmethod 0x00000264586fbd90
Event: 51.654 Thread 0x000002646c9fd3e0 flushing nmethod 0x00000264587d2990
Event: 51.654 Thread 0x000002646c9fd3e0 flushing nmethod 0x0000026458824010
Event: 51.654 Thread 0x000002646c9fd3e0 flushing nmethod 0x000002645882be10
Event: 51.654 Thread 0x000002646c9fd3e0 flushing nmethod 0x000002645882dd90
Event: 51.654 Thread 0x000002646c9fd3e0 flushing nmethod 0x0000026458836310
Event: 51.654 Thread 0x000002646c9fd3e0 flushing nmethod 0x000002645884ff10
Event: 51.654 Thread 0x000002646c9fd3e0 flushing nmethod 0x0000026458850390
Event: 51.654 Thread 0x000002646c9fd3e0 flushing nmethod 0x0000026458860310
Event: 52.266 loading class java/util/concurrent/Executors$DelegatedScheduledExecutorService
Event: 52.266 loading class java/util/concurrent/Executors$DelegatedExecutorService
Event: 52.266 loading class java/util/concurrent/Executors$DelegatedExecutorService done
Event: 52.266 loading class java/util/concurrent/Executors$DelegatedScheduledExecutorService done
Event: 52.270 Thread 0x000002646ce60160 Thread exited: 0x000002646ce60160
Event: 52.273 Thread 0x000002646ce5e300 Thread added: 0x000002646ce5e300
Event: 52.390 Thread 0x000002646ce5ed20 Thread added: 0x000002646ce5ed20


Dynamic libraries:
0x00007ff656ae0000 - 0x00007ff656af0000 	C:\Program Files\Java\jdk-17\bin\java.exe
0x00007ffa0b0b0000 - 0x00007ffa0b2a8000 	C:\Windows\SYSTEM32\ntdll.dll
0x00007ffa098d0000 - 0x00007ffa09992000 	C:\Windows\System32\KERNEL32.DLL
0x00007ffa08810000 - 0x00007ffa08b0e000 	C:\Windows\System32\KERNELBASE.dll
0x00007ffa08f30000 - 0x00007ffa09030000 	C:\Windows\System32\ucrtbase.dll
0x00007ffa01fb0000 - 0x00007ffa01fcb000 	C:\Program Files\Java\jdk-17\bin\VCRUNTIME140.dll
0x00007ffa00760000 - 0x00007ffa00779000 	C:\Program Files\Java\jdk-17\bin\jli.dll
0x00007ffa0ace0000 - 0x00007ffa0ad91000 	C:\Windows\System32\ADVAPI32.dll
0x00007ffa09c80000 - 0x00007ffa09d1e000 	C:\Windows\System32\msvcrt.dll
0x00007ffa0aec0000 - 0x00007ffa0af5f000 	C:\Windows\System32\sechost.dll
0x00007ffa0a0e0000 - 0x00007ffa0a203000 	C:\Windows\System32\RPCRT4.dll
0x00007ffa08750000 - 0x00007ffa08777000 	C:\Windows\System32\bcrypt.dll
0x00007ffa09540000 - 0x00007ffa096dd000 	C:\Windows\System32\USER32.dll
0x00007ffa08d90000 - 0x00007ffa08db2000 	C:\Windows\System32\win32u.dll
0x00007ffa09bd0000 - 0x00007ffa09bfb000 	C:\Windows\System32\GDI32.dll
0x00007ff9ef900000 - 0x00007ff9efb9a000 	C:\Windows\WinSxS\amd64_microsoft.windows.common-controls_6595b64144ccf1df_6.0.19041.4355_none_60b8b9eb71f62e16\COMCTL32.dll
0x00007ffa08b10000 - 0x00007ffa08c27000 	C:\Windows\System32\gdi32full.dll
0x00007ffa09030000 - 0x00007ffa090cd000 	C:\Windows\System32\msvcp_win.dll
0x00007ffa04f20000 - 0x00007ffa04f2a000 	C:\Windows\SYSTEM32\VERSION.dll
0x00007ffa098a0000 - 0x00007ffa098cf000 	C:\Windows\System32\IMM32.DLL
0x00007ffa02830000 - 0x00007ffa0283c000 	C:\Program Files\Java\jdk-17\bin\vcruntime140_1.dll
0x00007ff9f0760000 - 0x00007ff9f07ee000 	C:\Program Files\Java\jdk-17\bin\msvcp140.dll
0x00007ff9da6f0000 - 0x00007ff9db2cf000 	C:\Program Files\Java\jdk-17\bin\server\jvm.dll
0x00007ffa09c60000 - 0x00007ffa09c68000 	C:\Windows\System32\PSAPI.DLL
0x00007ff9f9850000 - 0x00007ff9f9859000 	C:\Windows\SYSTEM32\WSOCK32.dll
0x00007ff9f6120000 - 0x00007ff9f6147000 	C:\Windows\SYSTEM32\WINMM.dll
0x00007ffa09ee0000 - 0x00007ffa09f4b000 	C:\Windows\System32\WS2_32.dll
0x00007ffa064d0000 - 0x00007ffa064e2000 	C:\Windows\SYSTEM32\kernel.appcore.dll
0x00007ffa02770000 - 0x00007ffa0277a000 	C:\Program Files\Java\jdk-17\bin\jimage.dll
0x00007ffa01810000 - 0x00007ffa019f4000 	C:\Windows\SYSTEM32\DBGHELP.DLL
0x00007ffa01490000 - 0x00007ffa014c4000 	C:\Windows\SYSTEM32\dbgcore.DLL
0x00007ffa08780000 - 0x00007ffa08802000 	C:\Windows\System32\bcryptPrimitives.dll
0x00007ff9fa810000 - 0x00007ff9fa835000 	C:\Program Files\Java\jdk-17\bin\java.dll
0x00007ff9e11d0000 - 0x00007ff9e12a7000 	C:\Program Files\Java\jdk-17\bin\jsvml.dll
0x00007ffa0a210000 - 0x00007ffa0a97d000 	C:\Windows\System32\SHELL32.dll
0x00007ffa067b0000 - 0x00007ffa06f54000 	C:\Windows\SYSTEM32\windows.storage.dll
0x00007ffa0a980000 - 0x00007ffa0acd3000 	C:\Windows\System32\combase.dll
0x00007ffa080b0000 - 0x00007ffa080de000 	C:\Windows\SYSTEM32\Wldp.dll
0x00007ffa09e10000 - 0x00007ffa09edd000 	C:\Windows\System32\OLEAUT32.dll
0x00007ffa0afc0000 - 0x00007ffa0b06d000 	C:\Windows\System32\SHCORE.dll
0x00007ffa09c00000 - 0x00007ffa09c55000 	C:\Windows\System32\shlwapi.dll
0x00007ffa08680000 - 0x00007ffa086a4000 	C:\Windows\SYSTEM32\profapi.dll
0x00007ff9fa7f0000 - 0x00007ff9fa809000 	C:\Program Files\Java\jdk-17\bin\net.dll
0x00007ffa028d0000 - 0x00007ffa029dd000 	C:\Windows\SYSTEM32\WINHTTP.dll
0x00007ffa07e10000 - 0x00007ffa07e7a000 	C:\Windows\system32\mswsock.dll
0x00007ff9f79b0000 - 0x00007ff9f79c6000 	C:\Program Files\Java\jdk-17\bin\nio.dll
0x00007ff9f7990000 - 0x00007ff9f79a8000 	C:\Program Files\Java\jdk-17\bin\zip.dll
0x00007ffa01fa0000 - 0x00007ffa01fb0000 	C:\Program Files\Java\jdk-17\bin\verify.dll
0x00007ff9fc210000 - 0x00007ff9fc237000 	C:\Users\Admin\.gradle\native\68d5fa5c4cc2d200863cafc0d521ce42e7d3e7ee720ec0a83991735586a16f82\windows-amd64\native-platform.dll
0x00007ff9da0e0000 - 0x00007ff9da224000 	C:\Users\Admin\.gradle\native\e376f236ea51e6404a007f0833ffe2c6e607c4080706a723a18a27aeea778392\windows-amd64\native-platform-file-events.dll
0x00007ffa00c70000 - 0x00007ffa00c7a000 	C:\Program Files\Java\jdk-17\bin\management.dll
0x00007ff9fd170000 - 0x00007ff9fd17b000 	C:\Program Files\Java\jdk-17\bin\management_ext.dll
0x00007ffa08000000 - 0x00007ffa08018000 	C:\Windows\SYSTEM32\CRYPTSP.dll
0x00007ffa07730000 - 0x00007ffa07764000 	C:\Windows\system32\rsaenh.dll
0x00007ffa08640000 - 0x00007ffa0866e000 	C:\Windows\SYSTEM32\USERENV.dll
0x00007ffa08020000 - 0x00007ffa0802c000 	C:\Windows\SYSTEM32\CRYPTBASE.dll
0x00007ffa07af0000 - 0x00007ffa07b2b000 	C:\Windows\SYSTEM32\IPHLPAPI.DLL
0x00007ffa09890000 - 0x00007ffa09898000 	C:\Windows\System32\NSI.dll
0x00007ffa035b0000 - 0x00007ffa035c7000 	C:\Windows\SYSTEM32\dhcpcsvc6.DLL
0x00007ffa03470000 - 0x00007ffa0348d000 	C:\Windows\SYSTEM32\dhcpcsvc.DLL
0x00007ffa07b30000 - 0x00007ffa07bfa000 	C:\Windows\SYSTEM32\DNSAPI.dll
0x00007ffa00710000 - 0x00007ffa0071e000 	C:\Program Files\Java\jdk-17\bin\sunmscapi.dll
0x00007ffa08c30000 - 0x00007ffa08d8c000 	C:\Windows\System32\CRYPT32.dll
0x00007ffa08120000 - 0x00007ffa08147000 	C:\Windows\SYSTEM32\ncrypt.dll
0x00007ffa080e0000 - 0x00007ffa0811b000 	C:\Windows\SYSTEM32\NTASN1.dll
0x00007ff9fd590000 - 0x00007ff9fd597000 	C:\Windows\system32\wshunix.dll
0x00007ff9ec2d0000 - 0x00007ff9ec2e7000 	C:\Windows\system32\napinsp.dll
0x00007ff9ec2b0000 - 0x00007ff9ec2cb000 	C:\Windows\system32\pnrpnsp.dll
0x00007ff9efc80000 - 0x00007ff9efc95000 	C:\Windows\system32\wshbth.dll
0x00007ffa038a0000 - 0x00007ffa038bd000 	C:\Windows\system32\NLAapi.dll
0x00007ff9ec290000 - 0x00007ff9ec2a2000 	C:\Windows\System32\winrnr.dll
0x00007ffa02720000 - 0x00007ffa0272a000 	C:\Windows\System32\rasadhlp.dll
0x00007ffa013f0000 - 0x00007ffa01470000 	C:\Windows\System32\fwpuclnt.dll
0x00007ffa07980000 - 0x00007ffa079b3000 	C:\Windows\SYSTEM32\ntmarta.dll
0x00007ff9fc1f0000 - 0x00007ff9fc20e000 	C:\Users\Admin\AppData\Local\Temp\native-platform706301442598804915dir\native-platform.dll

dbghelp: loaded successfully - version: 4.0.5 - missing functions: none
symbol engine: initialized successfully - sym options: 0x614 - pdb path: .;C:\Program Files\Java\jdk-17\bin;C:\Windows\SYSTEM32;C:\Windows\WinSxS\amd64_microsoft.windows.common-controls_6595b64144ccf1df_6.0.19041.4355_none_60b8b9eb71f62e16;C:\Program Files\Java\jdk-17\bin\server;C:\Users\Admin\.gradle\native\68d5fa5c4cc2d200863cafc0d521ce42e7d3e7ee720ec0a83991735586a16f82\windows-amd64;C:\Users\Admin\.gradle\native\e376f236ea51e6404a007f0833ffe2c6e607c4080706a723a18a27aeea778392\windows-amd64;C:\Users\Admin\AppData\Local\Temp\native-platform706301442598804915dir

VM Arguments:
jvm_args: -XX:MaxMetaspaceSize=512m --add-opens=java.base/java.util=ALL-UNNAMED --add-opens=java.base/java.lang=ALL-UNNAMED --add-opens=java.base/java.lang.invoke=ALL-UNNAMED --add-opens=java.prefs/java.util.prefs=ALL-UNNAMED --add-opens=java.base/java.nio.charset=ALL-UNNAMED --add-opens=java.base/java.net=ALL-UNNAMED --add-opens=java.base/java.util.concurrent.atomic=ALL-UNNAMED -Xmx2048m -Dfile.encoding=windows-1252 -Duser.country=US -Duser.language=en -Duser.variant 
java_command: org.gradle.launcher.daemon.bootstrap.GradleDaemon 8.0.1
java_class_path (initial): C:\Users\Admin\.gradle\wrapper\dists\gradle-8.0.1-all\aro4hu1c3oeioove7l0i4i14o\gradle-8.0.1\lib\gradle-launcher-8.0.1.jar
Launcher Type: SUN_STANDARD

[Global flags]
     intx CICompilerCount                          = 3                                         {product} {ergonomic}
   size_t CompressedClassSpaceSize                 = 436207616                                 {product} {ergonomic}
     uint ConcGCThreads                            = 2                                         {product} {ergonomic}
     uint G1ConcRefinementThreads                  = 6                                         {product} {ergonomic}
   size_t G1HeapRegionSize                         = 1048576                                   {product} {ergonomic}
    uintx GCDrainStackTargetSize                   = 64                                        {product} {ergonomic}
   size_t InitialHeapSize                          = 132120576                                 {product} {ergonomic}
   size_t MarkStackSize                            = 4194304                                   {product} {ergonomic}
   size_t MaxHeapSize                              = 2147483648                                {product} {command line}
   size_t MaxMetaspaceSize                         = 536870912                                 {product} {command line}
   size_t MaxNewSize                               = 1287651328                                {product} {ergonomic}
   size_t MinHeapDeltaBytes                        = 1048576                                   {product} {ergonomic}
   size_t MinHeapSize                              = 8388608                                   {product} {ergonomic}
    uintx NonNMethodCodeHeapSize                   = 5832780                                {pd product} {ergonomic}
    uintx NonProfiledCodeHeapSize                  = 122912730                              {pd product} {ergonomic}
    uintx ProfiledCodeHeapSize                     = 122912730                              {pd product} {ergonomic}
    uintx ReservedCodeCacheSize                    = 251658240                              {pd product} {ergonomic}
     bool SegmentedCodeCache                       = true                                      {product} {ergonomic}
   size_t SoftMaxHeapSize                          = 2147483648                             {manageable} {ergonomic}
     bool UseCompressedClassPointers               = true                           {product lp64_product} {ergonomic}
     bool UseCompressedOops                        = true                           {product lp64_product} {ergonomic}
     bool UseG1GC                                  = true                                      {product} {ergonomic}
     bool UseLargePagesIndividualAllocation        = false                                  {pd product} {ergonomic}

Logging:
Log output configuration:
 #0: stdout all=warning uptime,level,tags
 #1: stderr all=off uptime,level,tags

Environment Variables:
JAVA_HOME=C:\Program Files\Java\jdk-17
CLASSPATH=E:\React Native\All Parking\Parking_Dual\android\\gradle\wrapper\gradle-wrapper.jar
PATH=E:\React Native\All Parking\Parking_Dual\node_modules\.bin;E:\React Native\All Parking\node_modules\.bin;E:\React Native\node_modules\.bin;E:\node_modules\.bin;C:\Users\Admin\AppData\Roaming\nvm\v16.13.0\node_modules\npm\node_modules\@npmcli\run-script\lib\node-gyp-bin;E:\React Native\All Parking\Parking_Dual\node_modules\.bin;E:\React Native\All Parking\node_modules\.bin;E:\React Native\node_modules\.bin;E:\node_modules\.bin;C:\Users\Admin\AppData\Roaming\nvm\v16.13.0\node_modules\npm\node_modules\@npmcli\run-script\lib\node-gyp-bin;C:\Program Files\Common Files\Oracle\Java\javapath;C:\Python312\Scripts\;C:\Python312\;C:\Windows\system32;C:\Windows;C:\Windows\System32\Wbem;C:\Windows\System32\WindowsPowerShell\v1.0\;C:\Windows\System32\OpenSSH\;C:\ProgramData\chocolatey\bin;C:\Program Files\Git\cmd;C:\Program Files\Java\jdk-17\bin;C:\Users\Admin\AppData\Local\Android\Sdk\platform-tools;C:\Users\Admin\AppData\Local\Android\Sdk\build-tools\34.0.0;C:\Program Files\Amazon\AWSCLIV2\;C:\Users\Admin\AppData\Roaming\nvm;C:\Program Files\nodejs;F:\xampp\php;C:\composer;C:\Users\Admin\AppData\Local\Microsoft\WindowsApps;C:\Users\Admin\AppData\Local\Programs\Microsoft VS Code\bin;C:\Users\Admin\AppData\Roaming\npm;C:\Program Files\Java\jdk-17\bin;C:\Users\Admin\AppData\Local\Android\Sdk\platform-tools;C:\Users\Admin\AppData\Local\Android\Sdk\build-tools\34.0.0;C:\Users\Admin\AppData\Roaming\nvm;C:\Program Files\nodejs;C:\Users\Admin\composer;C:\Users\Admin\AppData\Roaming\Composer\vendor\bin
USERNAME=Admin
LANG=en_US.UTF-8
OS=Windows_NT
PROCESSOR_IDENTIFIER=Intel64 Family 6 Model 158 Stepping 10, GenuineIntel



---------------  S Y S T E M  ---------------

OS:
 Windows 10 , 64 bit Build 19041 (10.0.19041.5072)
OS uptime: 1 days 21:38 hours

CPU: total 6 (initial active 6) (6 cores per cpu, 1 threads per core) family 6 model 158 stepping 10 microcode 0xb4, cx8, cmov, fxsr, mmx, 3dnowpref, sse, sse2, sse3, ssse3, sse4.1, sse4.2, popcnt, lzcnt, tsc, tscinvbit, avx, avx2, aes, erms, clmul, bmi1, bmi2, adx, fma, vzeroupper, clflush, clflushopt

Memory: 4k page, system-wide physical 8054M (236M free)
TotalPageFile size 20342M (AvailPageFile size 5M)
current process WorkingSet (physical memory assigned to process): 562M, peak: 727M
current process commit charge ("private bytes"): 941M, peak: 943M

vm_info: Java HotSpot(TM) 64-Bit Server VM (17.0.10+11-LTS-240) for windows-amd64 JRE (17.0.10+11-LTS-240), built on Dec 19 2023 21:47:25 by "mach5one" with MS VC++ 17.1 (VS2022)

END.
